<?xml version="1.0"?>
<Category ItemCount="1" Name="Mapping Tables">
  <Item PropertyCount="1" Description="General own bonds mapping" CodeType="Mapping Table" Code="General Own Bonds" Database="\\SITSERVER\PUBLIC_GOLD">
    <Property Name="Table" Static="true" MultiSourced="true" DataType="List">
      <DataSource Name="Internal">
        <Xenomorph.Generic.List>
          <columnDefinitions>
            <columnDefinition index="1" type="System.Object, mscorlib, Version=4.0.0.0, Culture=neutral, PublicKeyToken=b77a5c561934e089" header="" />
            <columnDefinition index="2" type="System.Object, mscorlib, Version=4.0.0.0, Culture=neutral, PublicKeyToken=b77a5c561934e089" header="" />
            <columnDefinition index="3" type="System.Object, mscorlib, Version=4.0.0.0, Culture=neutral, PublicKeyToken=b77a5c561934e089" header="" />
            <columnDefinition index="4" type="System.Object, mscorlib, Version=4.0.0.0, Culture=neutral, PublicKeyToken=b77a5c561934e089" header="" />
            <columnDefinition index="5" type="System.Object, mscorlib, Version=4.0.0.0, Culture=neutral, PublicKeyToken=b77a5c561934e089" header="" />
            <columnDefinition index="6" type="System.Object, mscorlib, Version=4.0.0.0, Culture=neutral, PublicKeyToken=b77a5c561934e089" header="" />
          </columnDefinitions>
          <rows>
            <row index="1">
              <col index="1">
                <anyType xmlns:q1="http://www.w3.org/2001/XMLSchema" p10:type="q1:string" xmlns:p10="http://www.w3.org/2001/XMLSchema-instance">Structure Type</anyType>
              </col>
              <col index="2">
                <anyType xmlns:q1="http://www.w3.org/2001/XMLSchema" p10:type="q1:string" xmlns:p10="http://www.w3.org/2001/XMLSchema-instance">Currency</anyType>
              </col>
              <col index="3">
                <anyType xmlns:q1="http://www.w3.org/2001/XMLSchema" p10:type="q1:string" xmlns:p10="http://www.w3.org/2001/XMLSchema-instance">ccbs-curve</anyType>
              </col>
              <col index="4">
                <anyType xmlns:q1="http://www.w3.org/2001/XMLSchema" p10:type="q1:string" xmlns:p10="http://www.w3.org/2001/XMLSchema-instance">generator 3M Euribor</anyType>
              </col>
              <col index="5">
                <anyType xmlns:q1="http://www.w3.org/2001/XMLSchema" p10:type="q1:string" xmlns:p10="http://www.w3.org/2001/XMLSchema-instance">generator 6M Euribor</anyType>
              </col>
              <col index="6">
                <anyType xmlns:q1="http://www.w3.org/2001/XMLSchema" p10:type="q1:string" xmlns:p10="http://www.w3.org/2001/XMLSchema-instance">bid-ask-spread</anyType>
              </col>
            </row>
            <row index="2">
              <col index="1">
                <anyType xmlns:q1="http://www.w3.org/2001/XMLSchema" p10:type="q1:string" xmlns:p10="http://www.w3.org/2001/XMLSchema-instance">Fixed Rate</anyType>
              </col>
              <col index="2">
                <anyType xmlns:q1="http://www.w3.org/2001/XMLSchema" p10:type="q1:string" xmlns:p10="http://www.w3.org/2001/XMLSchema-instance">EUR</anyType>
              </col>
              <col index="3">
                <anyType p9:nil="true" xmlns:p9="http://www.w3.org/2001/XMLSchema-instance" />
              </col>
              <col index="4">
                <anyType xmlns:q1="http://www.w3.org/2001/XMLSchema" p10:type="q1:string" xmlns:p10="http://www.w3.org/2001/XMLSchema-instance">EURIBOR 3M</anyType>
              </col>
              <col index="5">
                <anyType xmlns:q1="http://www.w3.org/2001/XMLSchema" p10:type="q1:string" xmlns:p10="http://www.w3.org/2001/XMLSchema-instance">EURIBOR 6M</anyType>
              </col>
              <col index="6">
                <anyType xmlns:q1="http://www.w3.org/2001/XMLSchema" p10:type="q1:int" xmlns:p10="http://www.w3.org/2001/XMLSchema-instance">30</anyType>
              </col>
            </row>
            <row index="3">
              <col index="1">
                <anyType xmlns:q1="http://www.w3.org/2001/XMLSchema" p10:type="q1:string" xmlns:p10="http://www.w3.org/2001/XMLSchema-instance">keine Struktur</anyType>
              </col>
              <col index="2">
                <anyType xmlns:q1="http://www.w3.org/2001/XMLSchema" p10:type="q1:string" xmlns:p10="http://www.w3.org/2001/XMLSchema-instance">EUR</anyType>
              </col>
              <col index="3">
                <anyType p9:nil="true" xmlns:p9="http://www.w3.org/2001/XMLSchema-instance" />
              </col>
              <col index="4">
                <anyType xmlns:q1="http://www.w3.org/2001/XMLSchema" p10:type="q1:string" xmlns:p10="http://www.w3.org/2001/XMLSchema-instance">EURIBOR 3M</anyType>
              </col>
              <col index="5">
                <anyType xmlns:q1="http://www.w3.org/2001/XMLSchema" p10:type="q1:string" xmlns:p10="http://www.w3.org/2001/XMLSchema-instance">EURIBOR 6M</anyType>
              </col>
              <col index="6">
                <anyType xmlns:q1="http://www.w3.org/2001/XMLSchema" p10:type="q1:int" xmlns:p10="http://www.w3.org/2001/XMLSchema-instance">25</anyType>
              </col>
            </row>
            <row index="4">
              <col index="1">
                <anyType xmlns:q1="http://www.w3.org/2001/XMLSchema" p10:type="q1:string" xmlns:p10="http://www.w3.org/2001/XMLSchema-instance">Plainvanilla Floater</anyType>
              </col>
              <col index="2">
                <anyType xmlns:q1="http://www.w3.org/2001/XMLSchema" p10:type="q1:string" xmlns:p10="http://www.w3.org/2001/XMLSchema-instance">EUR</anyType>
              </col>
              <col index="3">
                <anyType p9:nil="true" xmlns:p9="http://www.w3.org/2001/XMLSchema-instance" />
              </col>
              <col index="4">
                <anyType xmlns:q1="http://www.w3.org/2001/XMLSchema" p10:type="q1:string" xmlns:p10="http://www.w3.org/2001/XMLSchema-instance">EURIBOR 3M</anyType>
              </col>
              <col index="5">
                <anyType xmlns:q1="http://www.w3.org/2001/XMLSchema" p10:type="q1:string" xmlns:p10="http://www.w3.org/2001/XMLSchema-instance">EURIBOR 6M</anyType>
              </col>
              <col index="6">
                <anyType xmlns:q1="http://www.w3.org/2001/XMLSchema" p10:type="q1:int" xmlns:p10="http://www.w3.org/2001/XMLSchema-instance">35</anyType>
              </col>
            </row>
            <row index="5">
              <col index="1">
                <anyType xmlns:q1="http://www.w3.org/2001/XMLSchema" p10:type="q1:string" xmlns:p10="http://www.w3.org/2001/XMLSchema-instance">Fixed Rate</anyType>
              </col>
              <col index="2">
                <anyType xmlns:q1="http://www.w3.org/2001/XMLSchema" p10:type="q1:string" xmlns:p10="http://www.w3.org/2001/XMLSchema-instance">USD</anyType>
              </col>
              <col index="3">
                <anyType xmlns:q1="http://www.w3.org/2001/XMLSchema" p10:type="q1:string" xmlns:p10="http://www.w3.org/2001/XMLSchema-instance">USD_MM</anyType>
              </col>
              <col index="4">
                <anyType xmlns:q1="http://www.w3.org/2001/XMLSchema" p10:type="q1:string" xmlns:p10="http://www.w3.org/2001/XMLSchema-instance">EURIBOR 3M</anyType>
              </col>
              <col index="5">
                <anyType xmlns:q1="http://www.w3.org/2001/XMLSchema" p10:type="q1:string" xmlns:p10="http://www.w3.org/2001/XMLSchema-instance">EURIBOR 6M</anyType>
              </col>
              <col index="6">
                <anyType xmlns:q1="http://www.w3.org/2001/XMLSchema" p10:type="q1:int" xmlns:p10="http://www.w3.org/2001/XMLSchema-instance">40</anyType>
              </col>
            </row>
            <row index="6">
              <col index="1">
                <anyType xmlns:q1="http://www.w3.org/2001/XMLSchema" p10:type="q1:string" xmlns:p10="http://www.w3.org/2001/XMLSchema-instance">keine Struktur</anyType>
              </col>
              <col index="2">
                <anyType xmlns:q1="http://www.w3.org/2001/XMLSchema" p10:type="q1:string" xmlns:p10="http://www.w3.org/2001/XMLSchema-instance">USD</anyType>
              </col>
              <col index="3">
                <anyType xmlns:q1="http://www.w3.org/2001/XMLSchema" p10:type="q1:string" xmlns:p10="http://www.w3.org/2001/XMLSchema-instance">USD_MM</anyType>
              </col>
              <col index="4">
                <anyType xmlns:q1="http://www.w3.org/2001/XMLSchema" p10:type="q1:string" xmlns:p10="http://www.w3.org/2001/XMLSchema-instance">EURIBOR 3M</anyType>
              </col>
              <col index="5">
                <anyType xmlns:q1="http://www.w3.org/2001/XMLSchema" p10:type="q1:string" xmlns:p10="http://www.w3.org/2001/XMLSchema-instance">EURIBOR 6M</anyType>
              </col>
              <col index="6">
                <anyType xmlns:q1="http://www.w3.org/2001/XMLSchema" p10:type="q1:int" xmlns:p10="http://www.w3.org/2001/XMLSchema-instance">40</anyType>
              </col>
            </row>
            <row index="7">
              <col index="1">
                <anyType xmlns:q1="http://www.w3.org/2001/XMLSchema" p10:type="q1:string" xmlns:p10="http://www.w3.org/2001/XMLSchema-instance">Plainvanilla Floater</anyType>
              </col>
              <col index="2">
                <anyType xmlns:q1="http://www.w3.org/2001/XMLSchema" p10:type="q1:string" xmlns:p10="http://www.w3.org/2001/XMLSchema-instance">USD</anyType>
              </col>
              <col index="3">
                <anyType xmlns:q1="http://www.w3.org/2001/XMLSchema" p10:type="q1:string" xmlns:p10="http://www.w3.org/2001/XMLSchema-instance">USD_MM</anyType>
              </col>
              <col index="4">
                <anyType xmlns:q1="http://www.w3.org/2001/XMLSchema" p10:type="q1:string" xmlns:p10="http://www.w3.org/2001/XMLSchema-instance">EURIBOR 3M</anyType>
              </col>
              <col index="5">
                <anyType xmlns:q1="http://www.w3.org/2001/XMLSchema" p10:type="q1:string" xmlns:p10="http://www.w3.org/2001/XMLSchema-instance">EURIBOR 6M</anyType>
              </col>
              <col index="6">
                <anyType xmlns:q1="http://www.w3.org/2001/XMLSchema" p10:type="q1:int" xmlns:p10="http://www.w3.org/2001/XMLSchema-instance">40</anyType>
              </col>
            </row>
          </rows>
        </Xenomorph.Generic.List>
      </DataSource>
    </Property>
  </Item>
</Category>
