<?xml version="1.0"?>
<Category ItemCount="1" Name="Instrument Derived Data">
  <Item PropertyCount="5" Description="Normaliase OIS used in CCBS calcs" CodeType="Derived Data" Code="Normalise Reuters OIS Rates data" Database="\\SITSERVER\PUBLIC_GOLD">
    <Property Name="End Date Query" Static="true" MultiSourced="false" DataType="String">
      <string>%RunDate%</string>
    </Property>
    <Property Name="Entity" Static="true" MultiSourced="false" DataType="ItemRef">
      <Xenomorph.Generic.ItemRef database="\\SITSERVER\PUBLIC_GOLD" code="MCC IPV" codeType="Entity" />
    </Property>
    <Property Name="Series Calculations" Static="true" MultiSourced="false" DataType="List">
      <Xenomorph.Generic.List>
        <columnDefinitions>
          <columnDefinition index="1" type="System.Boolean" header="Enabled" />
          <columnDefinition index="2" type="System.String" header="Name" />
          <columnDefinition index="3" type="System.String" header="Description" />
          <columnDefinition index="4" type="System.String" header="Target Property" />
          <columnDefinition index="5" type="System.String" header="Target Data Source" />
          <columnDefinition index="6" type="System.String" header="Data Rule" />
          <columnDefinition index="7" type="System.String" header="Analytic Query" />
          <columnDefinition index="8" type="Xenomorph.Generic.List, Xenomorph.Generic, Version=5.0.4000.0, Culture=neutral, PublicKeyToken=2adfa95c2785233e" header="Analytic Parameters" />
          <columnDefinition index="9" type="Xenomorph.Generic.List, Xenomorph.Generic, Version=5.0.4000.0, Culture=neutral, PublicKeyToken=2adfa95c2785233e" header="Validation Properties" />
          <columnDefinition index="10" type="Xenomorph.Generic.List, Xenomorph.Generic, Version=5.0.4000.0, Culture=neutral, PublicKeyToken=2adfa95c2785233e" header="Attributes" />
          <columnDefinition index="11" type="System.String" header="Destination Property" />
          <columnDefinition index="12" type="System.String" header="Destination Data Source" />
        </columnDefinitions>
        <rows>
          <row index="1">
            <col index="1">
              <boolean>true</boolean>
            </col>
            <col index="2">
              <string>Ask Intraday</string>
            </col>
            <col index="3">
              <string>Normalise Quote - Ask Price to Ask Intraday</string>
            </col>
            <col index="4">
              <string>Quote - Ask Price</string>
            </col>
            <col index="5">
              <string>Internal</string>
            </col>
            <col index="6">
              <string p8:nil="true" xmlns:p8="http://www.w3.org/2001/XMLSchema-instance" />
            </col>
            <col index="7">
              <string>Item(%Public%, %DerivedDataFormulaCode%, "Calculation").Calculation.SetValues('RawProperty', %RawProperty%,'ScalingFactor',%ScalingFactor%,'FilterZeroValues',%FilterZeroValues%,'FilterNegativeValues',%FilterNegativeValues%,'FilterStaleValues',%FilterStaleValues%,'StaleInterval',%StaleInterval%)</string>
            </col>
            <col index="8">
              <Xenomorph.Generic.List>
                <columnDefinitions>
                  <columnDefinition index="1" type="System.String" header="" />
                  <columnDefinition index="2" type="System.Object, mscorlib, Version=4.0.0.0, Culture=neutral, PublicKeyToken=b77a5c561934e089" header="" />
                </columnDefinitions>
                <rows>
                  <row index="1">
                    <col index="1">
                      <string>Public</string>
                    </col>
                    <col index="2">
                      <anyType xmlns:q1="http://www.w3.org/2001/XMLSchema" p13:type="q1:string" xmlns:p13="http://www.w3.org/2001/XMLSchema-instance">\\SITSERVER\PUBLIC_GOLD</anyType>
                    </col>
                  </row>
                  <row index="2">
                    <col index="1">
                      <string>DerivedDataFormulaCode</string>
                    </col>
                    <col index="2">
                      <anyType xmlns:q1="http://www.w3.org/2001/XMLSchema" p13:type="q1:string" xmlns:p13="http://www.w3.org/2001/XMLSchema-instance">Normalise Quotes All Sources</anyType>
                    </col>
                  </row>
                  <row index="3">
                    <col index="1">
                      <string>RawProperty</string>
                    </col>
                    <col index="2">
                      <anyType xmlns:q1="http://www.w3.org/2001/XMLSchema" p13:type="q1:string" xmlns:p13="http://www.w3.org/2001/XMLSchema-instance">Quote - Ask Price</anyType>
                    </col>
                  </row>
                  <row index="4">
                    <col index="1">
                      <string>ScalingFactor</string>
                    </col>
                    <col index="2">
                      <anyType xmlns:q1="http://www.w3.org/2001/XMLSchema" p13:type="q1:double" xmlns:p13="http://www.w3.org/2001/XMLSchema-instance">0.01</anyType>
                    </col>
                  </row>
                  <row index="5">
                    <col index="1">
                      <string>FilterZeroValues</string>
                    </col>
                    <col index="2">
                      <anyType xmlns:q1="http://www.w3.org/2001/XMLSchema" p13:type="q1:boolean" xmlns:p13="http://www.w3.org/2001/XMLSchema-instance">false</anyType>
                    </col>
                  </row>
                  <row index="6">
                    <col index="1">
                      <string>FilterNegativeValues</string>
                    </col>
                    <col index="2">
                      <anyType xmlns:q1="http://www.w3.org/2001/XMLSchema" p13:type="q1:boolean" xmlns:p13="http://www.w3.org/2001/XMLSchema-instance">false</anyType>
                    </col>
                  </row>
                  <row index="7">
                    <col index="1">
                      <string>FilterStaleValues</string>
                    </col>
                    <col index="2">
                      <anyType xmlns:q1="http://www.w3.org/2001/XMLSchema" p13:type="q1:boolean" xmlns:p13="http://www.w3.org/2001/XMLSchema-instance">false</anyType>
                    </col>
                  </row>
                  <row index="8">
                    <col index="1">
                      <string>StaleInterval</string>
                    </col>
                    <col index="2">
                      <anyType xmlns:q1="http://www.w3.org/2001/XMLSchema" p13:type="q1:string" xmlns:p13="http://www.w3.org/2001/XMLSchema-instance">1H</anyType>
                    </col>
                  </row>
                </rows>
              </Xenomorph.Generic.List>
            </col>
            <col index="9">
              <Xenomorph.Generic.List p8:nil="true" xmlns:p8="http://www.w3.org/2001/XMLSchema-instance" />
            </col>
            <col index="10">
              <Xenomorph.Generic.List>
                <columnDefinitions>
                  <columnDefinition index="1" type="System.String" header="" />
                  <columnDefinition index="2" type="System.Object, mscorlib, Version=4.0.0.0, Culture=neutral, PublicKeyToken=b77a5c561934e089" header="" />
                </columnDefinitions>
                <rows>
                  <row index="1">
                    <col index="1">
                      <string>TargetCodeQuery</string>
                    </col>
                    <col index="2">
                      <anyType xmlns:q1="http://www.w3.org/2001/XMLSchema" p13:type="q1:string" xmlns:p13="http://www.w3.org/2001/XMLSchema-instance">Code</anyType>
                    </col>
                  </row>
                  <row index="2">
                    <col index="1">
                      <string>TargetCodeType</string>
                    </col>
                    <col index="2">
                      <anyType xmlns:q1="http://www.w3.org/2001/XMLSchema" p13:type="q1:string" xmlns:p13="http://www.w3.org/2001/XMLSchema-instance">#CodeType</anyType>
                    </col>
                  </row>
                  <row index="3">
                    <col index="1">
                      <string>OutputIsMultiReference</string>
                    </col>
                    <col index="2">
                      <anyType xmlns:q1="http://www.w3.org/2001/XMLSchema" p13:type="q1:boolean" xmlns:p13="http://www.w3.org/2001/XMLSchema-instance">false</anyType>
                    </col>
                  </row>
                  <row index="4">
                    <col index="1">
                      <string>OutputIsMultiProperty</string>
                    </col>
                    <col index="2">
                      <anyType xmlns:q1="http://www.w3.org/2001/XMLSchema" p13:type="q1:boolean" xmlns:p13="http://www.w3.org/2001/XMLSchema-instance">false</anyType>
                    </col>
                  </row>
                  <row index="5">
                    <col index="1">
                      <string>OutputIsMultiSourced</string>
                    </col>
                    <col index="2">
                      <anyType xmlns:q1="http://www.w3.org/2001/XMLSchema" p13:type="q1:boolean" xmlns:p13="http://www.w3.org/2001/XMLSchema-instance">true</anyType>
                    </col>
                  </row>
                  <row index="6">
                    <col index="1">
                      <string>SavePropertyAsCode</string>
                    </col>
                    <col index="2">
                      <anyType xmlns:q1="http://www.w3.org/2001/XMLSchema" p13:type="q1:boolean" xmlns:p13="http://www.w3.org/2001/XMLSchema-instance">false</anyType>
                    </col>
                  </row>
                  <row index="7">
                    <col index="1">
                      <string>CreateDestinationItem</string>
                    </col>
                    <col index="2">
                      <anyType xmlns:q1="http://www.w3.org/2001/XMLSchema" p13:type="q1:boolean" xmlns:p13="http://www.w3.org/2001/XMLSchema-instance">false</anyType>
                    </col>
                  </row>
                  <row index="8">
                    <col index="1">
                      <string>DestinationItemCategory</string>
                    </col>
                    <col index="2">
                      <anyType xmlns:q1="http://www.w3.org/2001/XMLSchema" p13:type="q1:string" xmlns:p13="http://www.w3.org/2001/XMLSchema-instance">
                      </anyType>
                    </col>
                  </row>
                </rows>
              </Xenomorph.Generic.List>
            </col>
            <col index="11">
              <string>Ask Intraday</string>
            </col>
            <col index="12">
              <string p8:nil="true" xmlns:p8="http://www.w3.org/2001/XMLSchema-instance" />
            </col>
          </row>
          <row index="2">
            <col index="1">
              <boolean>true</boolean>
            </col>
            <col index="2">
              <string>Bid Intraday</string>
            </col>
            <col index="3">
              <string>Normalise Quote - Bid Price to Ask Intraday</string>
            </col>
            <col index="4">
              <string>Quote - Bid Price</string>
            </col>
            <col index="5">
              <string>Internal</string>
            </col>
            <col index="6">
              <string p8:nil="true" xmlns:p8="http://www.w3.org/2001/XMLSchema-instance" />
            </col>
            <col index="7">
              <string>Item(%Public%, %DerivedDataFormulaCode%, "Calculation").Calculation.SetValues('RawProperty', %RawProperty%,'ScalingFactor',%ScalingFactor%,'FilterZeroValues',%FilterZeroValues%,'FilterNegativeValues',%FilterNegativeValues%,'FilterStaleValues',%FilterStaleValues%,'StaleInterval',%StaleInterval%)</string>
            </col>
            <col index="8">
              <Xenomorph.Generic.List>
                <columnDefinitions>
                  <columnDefinition index="1" type="System.String" header="" />
                  <columnDefinition index="2" type="System.Object, mscorlib, Version=4.0.0.0, Culture=neutral, PublicKeyToken=b77a5c561934e089" header="" />
                </columnDefinitions>
                <rows>
                  <row index="1">
                    <col index="1">
                      <string>Public</string>
                    </col>
                    <col index="2">
                      <anyType xmlns:q1="http://www.w3.org/2001/XMLSchema" p13:type="q1:string" xmlns:p13="http://www.w3.org/2001/XMLSchema-instance">\\SITSERVER\PUBLIC_GOLD</anyType>
                    </col>
                  </row>
                  <row index="2">
                    <col index="1">
                      <string>DerivedDataFormulaCode</string>
                    </col>
                    <col index="2">
                      <anyType xmlns:q1="http://www.w3.org/2001/XMLSchema" p13:type="q1:string" xmlns:p13="http://www.w3.org/2001/XMLSchema-instance">Normalise Quotes All Sources</anyType>
                    </col>
                  </row>
                  <row index="3">
                    <col index="1">
                      <string>RawProperty</string>
                    </col>
                    <col index="2">
                      <anyType xmlns:q1="http://www.w3.org/2001/XMLSchema" p13:type="q1:string" xmlns:p13="http://www.w3.org/2001/XMLSchema-instance">Quote - Bid Price</anyType>
                    </col>
                  </row>
                  <row index="4">
                    <col index="1">
                      <string>ScalingFactor</string>
                    </col>
                    <col index="2">
                      <anyType xmlns:q1="http://www.w3.org/2001/XMLSchema" p13:type="q1:double" xmlns:p13="http://www.w3.org/2001/XMLSchema-instance">0.01</anyType>
                    </col>
                  </row>
                  <row index="5">
                    <col index="1">
                      <string>FilterZeroValues</string>
                    </col>
                    <col index="2">
                      <anyType xmlns:q1="http://www.w3.org/2001/XMLSchema" p13:type="q1:boolean" xmlns:p13="http://www.w3.org/2001/XMLSchema-instance">false</anyType>
                    </col>
                  </row>
                  <row index="6">
                    <col index="1">
                      <string>FilterNegativeValues</string>
                    </col>
                    <col index="2">
                      <anyType xmlns:q1="http://www.w3.org/2001/XMLSchema" p13:type="q1:boolean" xmlns:p13="http://www.w3.org/2001/XMLSchema-instance">false</anyType>
                    </col>
                  </row>
                  <row index="7">
                    <col index="1">
                      <string>FilterStaleValues</string>
                    </col>
                    <col index="2">
                      <anyType xmlns:q1="http://www.w3.org/2001/XMLSchema" p13:type="q1:boolean" xmlns:p13="http://www.w3.org/2001/XMLSchema-instance">true</anyType>
                    </col>
                  </row>
                  <row index="8">
                    <col index="1">
                      <string>StaleInterval</string>
                    </col>
                    <col index="2">
                      <anyType xmlns:q1="http://www.w3.org/2001/XMLSchema" p13:type="q1:string" xmlns:p13="http://www.w3.org/2001/XMLSchema-instance">1H</anyType>
                    </col>
                  </row>
                </rows>
              </Xenomorph.Generic.List>
            </col>
            <col index="9">
              <Xenomorph.Generic.List p8:nil="true" xmlns:p8="http://www.w3.org/2001/XMLSchema-instance" />
            </col>
            <col index="10">
              <Xenomorph.Generic.List>
                <columnDefinitions>
                  <columnDefinition index="1" type="System.String" header="" />
                  <columnDefinition index="2" type="System.Object, mscorlib, Version=4.0.0.0, Culture=neutral, PublicKeyToken=b77a5c561934e089" header="" />
                </columnDefinitions>
                <rows>
                  <row index="1">
                    <col index="1">
                      <string>TargetCodeQuery</string>
                    </col>
                    <col index="2">
                      <anyType xmlns:q1="http://www.w3.org/2001/XMLSchema" p13:type="q1:string" xmlns:p13="http://www.w3.org/2001/XMLSchema-instance">Code</anyType>
                    </col>
                  </row>
                  <row index="2">
                    <col index="1">
                      <string>TargetCodeType</string>
                    </col>
                    <col index="2">
                      <anyType xmlns:q1="http://www.w3.org/2001/XMLSchema" p13:type="q1:string" xmlns:p13="http://www.w3.org/2001/XMLSchema-instance">CodeType</anyType>
                    </col>
                  </row>
                  <row index="3">
                    <col index="1">
                      <string>OutputIsMultiReference</string>
                    </col>
                    <col index="2">
                      <anyType xmlns:q1="http://www.w3.org/2001/XMLSchema" p13:type="q1:boolean" xmlns:p13="http://www.w3.org/2001/XMLSchema-instance">false</anyType>
                    </col>
                  </row>
                  <row index="4">
                    <col index="1">
                      <string>OutputIsMultiProperty</string>
                    </col>
                    <col index="2">
                      <anyType xmlns:q1="http://www.w3.org/2001/XMLSchema" p13:type="q1:boolean" xmlns:p13="http://www.w3.org/2001/XMLSchema-instance">false</anyType>
                    </col>
                  </row>
                  <row index="5">
                    <col index="1">
                      <string>OutputIsMultiSourced</string>
                    </col>
                    <col index="2">
                      <anyType xmlns:q1="http://www.w3.org/2001/XMLSchema" p13:type="q1:boolean" xmlns:p13="http://www.w3.org/2001/XMLSchema-instance">true</anyType>
                    </col>
                  </row>
                  <row index="6">
                    <col index="1">
                      <string>SavePropertyAsCode</string>
                    </col>
                    <col index="2">
                      <anyType xmlns:q1="http://www.w3.org/2001/XMLSchema" p13:type="q1:boolean" xmlns:p13="http://www.w3.org/2001/XMLSchema-instance">false</anyType>
                    </col>
                  </row>
                  <row index="7">
                    <col index="1">
                      <string>CreateDestinationItem</string>
                    </col>
                    <col index="2">
                      <anyType xmlns:q1="http://www.w3.org/2001/XMLSchema" p13:type="q1:boolean" xmlns:p13="http://www.w3.org/2001/XMLSchema-instance">false</anyType>
                    </col>
                  </row>
                  <row index="8">
                    <col index="1">
                      <string>DestinationItemCategory</string>
                    </col>
                    <col index="2">
                      <anyType xmlns:q1="http://www.w3.org/2001/XMLSchema" p13:type="q1:string" xmlns:p13="http://www.w3.org/2001/XMLSchema-instance">
                      </anyType>
                    </col>
                  </row>
                </rows>
              </Xenomorph.Generic.List>
            </col>
            <col index="11">
              <string>Bid Intraday</string>
            </col>
            <col index="12">
              <string p8:nil="true" xmlns:p8="http://www.w3.org/2001/XMLSchema-instance" />
            </col>
          </row>
          <row index="3">
            <col index="1">
              <boolean>true</boolean>
            </col>
            <col index="2">
              <string>Murex EOD Ask</string>
            </col>
            <col index="3">
              <string>Normalise Quote - Ask Price to Murex End of Day</string>
            </col>
            <col index="4">
              <string>Quote - Ask Price</string>
            </col>
            <col index="5">
              <string>Internal</string>
            </col>
            <col index="6">
              <string p8:nil="true" xmlns:p8="http://www.w3.org/2001/XMLSchema-instance" />
            </col>
            <col index="7">
              <string>Item(%Public%, %DerivedDataFormulaCode%, "Calculation").Calculation.SetValues( 
'ScalingFactor', %ScalingFactor%, 
'SourceSystem', %SourceSystem%, 
'MaximumDataAge',%MaximumDataAge% )</string>
            </col>
            <col index="8">
              <Xenomorph.Generic.List>
                <columnDefinitions>
                  <columnDefinition index="1" type="System.String" header="" />
                  <columnDefinition index="2" type="System.Object, mscorlib, Version=4.0.0.0, Culture=neutral, PublicKeyToken=b77a5c561934e089" header="" />
                </columnDefinitions>
                <rows>
                  <row index="1">
                    <col index="1">
                      <string>Public</string>
                    </col>
                    <col index="2">
                      <anyType xmlns:q1="http://www.w3.org/2001/XMLSchema" p13:type="q1:string" xmlns:p13="http://www.w3.org/2001/XMLSchema-instance">\\SITSERVER\PUBLIC_GOLD</anyType>
                    </col>
                  </row>
                  <row index="2">
                    <col index="1">
                      <string>DerivedDataFormulaCode</string>
                    </col>
                    <col index="2">
                      <anyType xmlns:q1="http://www.w3.org/2001/XMLSchema" p13:type="q1:string" xmlns:p13="http://www.w3.org/2001/XMLSchema-instance">Normalise End of Day from Tick Series All Sources</anyType>
                    </col>
                  </row>
                  <row index="3">
                    <col index="1">
                      <string>ScalingFactor</string>
                    </col>
                    <col index="2">
                      <anyType xmlns:q1="http://www.w3.org/2001/XMLSchema" p13:type="q1:double" xmlns:p13="http://www.w3.org/2001/XMLSchema-instance">0.01</anyType>
                    </col>
                  </row>
                  <row index="4">
                    <col index="1">
                      <string>SourceSystem</string>
                    </col>
                    <col index="2">
                      <anyType xmlns:q1="http://www.w3.org/2001/XMLSchema" p13:type="q1:string" xmlns:p13="http://www.w3.org/2001/XMLSchema-instance">Murex</anyType>
                    </col>
                  </row>
                  <row index="5">
                    <col index="1">
                      <string>MaximumDataAge</string>
                    </col>
                    <col index="2">
                      <anyType xmlns:q1="http://www.w3.org/2001/XMLSchema" p13:type="q1:string" xmlns:p13="http://www.w3.org/2001/XMLSchema-instance">-24H</anyType>
                    </col>
                  </row>
                </rows>
              </Xenomorph.Generic.List>
            </col>
            <col index="9">
              <Xenomorph.Generic.List p8:nil="true" xmlns:p8="http://www.w3.org/2001/XMLSchema-instance" />
            </col>
            <col index="10">
              <Xenomorph.Generic.List>
                <columnDefinitions>
                  <columnDefinition index="1" type="System.String" header="" />
                  <columnDefinition index="2" type="System.Object, mscorlib, Version=4.0.0.0, Culture=neutral, PublicKeyToken=b77a5c561934e089" header="" />
                </columnDefinitions>
                <rows>
                  <row index="1">
                    <col index="1">
                      <string>TargetCodeQuery</string>
                    </col>
                    <col index="2">
                      <anyType xmlns:q1="http://www.w3.org/2001/XMLSchema" p13:type="q1:string" xmlns:p13="http://www.w3.org/2001/XMLSchema-instance">Code</anyType>
                    </col>
                  </row>
                  <row index="2">
                    <col index="1">
                      <string>TargetCodeType</string>
                    </col>
                    <col index="2">
                      <anyType xmlns:q1="http://www.w3.org/2001/XMLSchema" p13:type="q1:string" xmlns:p13="http://www.w3.org/2001/XMLSchema-instance">#CodeType</anyType>
                    </col>
                  </row>
                  <row index="3">
                    <col index="1">
                      <string>OutputIsMultiReference</string>
                    </col>
                    <col index="2">
                      <anyType xmlns:q1="http://www.w3.org/2001/XMLSchema" p13:type="q1:boolean" xmlns:p13="http://www.w3.org/2001/XMLSchema-instance">false</anyType>
                    </col>
                  </row>
                  <row index="4">
                    <col index="1">
                      <string>OutputIsMultiProperty</string>
                    </col>
                    <col index="2">
                      <anyType xmlns:q1="http://www.w3.org/2001/XMLSchema" p13:type="q1:boolean" xmlns:p13="http://www.w3.org/2001/XMLSchema-instance">false</anyType>
                    </col>
                  </row>
                  <row index="5">
                    <col index="1">
                      <string>OutputIsMultiSourced</string>
                    </col>
                    <col index="2">
                      <anyType xmlns:q1="http://www.w3.org/2001/XMLSchema" p13:type="q1:boolean" xmlns:p13="http://www.w3.org/2001/XMLSchema-instance">true</anyType>
                    </col>
                  </row>
                  <row index="6">
                    <col index="1">
                      <string>SavePropertyAsCode</string>
                    </col>
                    <col index="2">
                      <anyType xmlns:q1="http://www.w3.org/2001/XMLSchema" p13:type="q1:boolean" xmlns:p13="http://www.w3.org/2001/XMLSchema-instance">false</anyType>
                    </col>
                  </row>
                  <row index="7">
                    <col index="1">
                      <string>CreateDestinationItem</string>
                    </col>
                    <col index="2">
                      <anyType xmlns:q1="http://www.w3.org/2001/XMLSchema" p13:type="q1:boolean" xmlns:p13="http://www.w3.org/2001/XMLSchema-instance">false</anyType>
                    </col>
                  </row>
                  <row index="8">
                    <col index="1">
                      <string>DestinationItemCategory</string>
                    </col>
                    <col index="2">
                      <anyType xmlns:q1="http://www.w3.org/2001/XMLSchema" p13:type="q1:string" xmlns:p13="http://www.w3.org/2001/XMLSchema-instance">
                      </anyType>
                    </col>
                  </row>
                </rows>
              </Xenomorph.Generic.List>
            </col>
            <col index="11">
              <string>Murex EOD Ask</string>
            </col>
            <col index="12">
              <string p8:nil="true" xmlns:p8="http://www.w3.org/2001/XMLSchema-instance" />
            </col>
          </row>
          <row index="4">
            <col index="1">
              <boolean>true</boolean>
            </col>
            <col index="2">
              <string>Murex EOD Bid</string>
            </col>
            <col index="3">
              <string>Normalise Quote - Bid Price to Murex End of Day</string>
            </col>
            <col index="4">
              <string>Quote - Bid Price</string>
            </col>
            <col index="5">
              <string>Internal</string>
            </col>
            <col index="6">
              <string p8:nil="true" xmlns:p8="http://www.w3.org/2001/XMLSchema-instance" />
            </col>
            <col index="7">
              <string>Item(%Public%, %DerivedDataFormulaCode%, "Calculation").Calculation.SetValues( 
'ScalingFactor', %ScalingFactor%, 
'SourceSystem', %SourceSystem%, 
'MaximumDataAge',%MaximumDataAge% )</string>
            </col>
            <col index="8">
              <Xenomorph.Generic.List>
                <columnDefinitions>
                  <columnDefinition index="1" type="System.String" header="" />
                  <columnDefinition index="2" type="System.Object, mscorlib, Version=4.0.0.0, Culture=neutral, PublicKeyToken=b77a5c561934e089" header="" />
                </columnDefinitions>
                <rows>
                  <row index="1">
                    <col index="1">
                      <string>Public</string>
                    </col>
                    <col index="2">
                      <anyType xmlns:q1="http://www.w3.org/2001/XMLSchema" p13:type="q1:string" xmlns:p13="http://www.w3.org/2001/XMLSchema-instance">\\SITSERVER\PUBLIC_GOLD</anyType>
                    </col>
                  </row>
                  <row index="2">
                    <col index="1">
                      <string>DerivedDataFormulaCode</string>
                    </col>
                    <col index="2">
                      <anyType xmlns:q1="http://www.w3.org/2001/XMLSchema" p13:type="q1:string" xmlns:p13="http://www.w3.org/2001/XMLSchema-instance">Normalise End of Day from Tick Series All Sources</anyType>
                    </col>
                  </row>
                  <row index="3">
                    <col index="1">
                      <string>ScalingFactor</string>
                    </col>
                    <col index="2">
                      <anyType xmlns:q1="http://www.w3.org/2001/XMLSchema" p13:type="q1:double" xmlns:p13="http://www.w3.org/2001/XMLSchema-instance">0.01</anyType>
                    </col>
                  </row>
                  <row index="4">
                    <col index="1">
                      <string>SourceSystem</string>
                    </col>
                    <col index="2">
                      <anyType xmlns:q1="http://www.w3.org/2001/XMLSchema" p13:type="q1:string" xmlns:p13="http://www.w3.org/2001/XMLSchema-instance">Murex</anyType>
                    </col>
                  </row>
                  <row index="5">
                    <col index="1">
                      <string>MaximumDataAge</string>
                    </col>
                    <col index="2">
                      <anyType xmlns:q1="http://www.w3.org/2001/XMLSchema" p13:type="q1:string" xmlns:p13="http://www.w3.org/2001/XMLSchema-instance">-24H</anyType>
                    </col>
                  </row>
                </rows>
              </Xenomorph.Generic.List>
            </col>
            <col index="9">
              <Xenomorph.Generic.List p8:nil="true" xmlns:p8="http://www.w3.org/2001/XMLSchema-instance" />
            </col>
            <col index="10">
              <Xenomorph.Generic.List>
                <columnDefinitions>
                  <columnDefinition index="1" type="System.String" header="" />
                  <columnDefinition index="2" type="System.Object, mscorlib, Version=4.0.0.0, Culture=neutral, PublicKeyToken=b77a5c561934e089" header="" />
                </columnDefinitions>
                <rows>
                  <row index="1">
                    <col index="1">
                      <string>TargetCodeQuery</string>
                    </col>
                    <col index="2">
                      <anyType xmlns:q1="http://www.w3.org/2001/XMLSchema" p13:type="q1:string" xmlns:p13="http://www.w3.org/2001/XMLSchema-instance">Code</anyType>
                    </col>
                  </row>
                  <row index="2">
                    <col index="1">
                      <string>TargetCodeType</string>
                    </col>
                    <col index="2">
                      <anyType xmlns:q1="http://www.w3.org/2001/XMLSchema" p13:type="q1:string" xmlns:p13="http://www.w3.org/2001/XMLSchema-instance">#CodeType</anyType>
                    </col>
                  </row>
                  <row index="3">
                    <col index="1">
                      <string>OutputIsMultiReference</string>
                    </col>
                    <col index="2">
                      <anyType xmlns:q1="http://www.w3.org/2001/XMLSchema" p13:type="q1:boolean" xmlns:p13="http://www.w3.org/2001/XMLSchema-instance">false</anyType>
                    </col>
                  </row>
                  <row index="4">
                    <col index="1">
                      <string>OutputIsMultiProperty</string>
                    </col>
                    <col index="2">
                      <anyType xmlns:q1="http://www.w3.org/2001/XMLSchema" p13:type="q1:boolean" xmlns:p13="http://www.w3.org/2001/XMLSchema-instance">false</anyType>
                    </col>
                  </row>
                  <row index="5">
                    <col index="1">
                      <string>OutputIsMultiSourced</string>
                    </col>
                    <col index="2">
                      <anyType xmlns:q1="http://www.w3.org/2001/XMLSchema" p13:type="q1:boolean" xmlns:p13="http://www.w3.org/2001/XMLSchema-instance">true</anyType>
                    </col>
                  </row>
                  <row index="6">
                    <col index="1">
                      <string>SavePropertyAsCode</string>
                    </col>
                    <col index="2">
                      <anyType xmlns:q1="http://www.w3.org/2001/XMLSchema" p13:type="q1:boolean" xmlns:p13="http://www.w3.org/2001/XMLSchema-instance">false</anyType>
                    </col>
                  </row>
                  <row index="7">
                    <col index="1">
                      <string>CreateDestinationItem</string>
                    </col>
                    <col index="2">
                      <anyType xmlns:q1="http://www.w3.org/2001/XMLSchema" p13:type="q1:boolean" xmlns:p13="http://www.w3.org/2001/XMLSchema-instance">false</anyType>
                    </col>
                  </row>
                  <row index="8">
                    <col index="1">
                      <string>DestinationItemCategory</string>
                    </col>
                    <col index="2">
                      <anyType xmlns:q1="http://www.w3.org/2001/XMLSchema" p13:type="q1:string" xmlns:p13="http://www.w3.org/2001/XMLSchema-instance">
                      </anyType>
                    </col>
                  </row>
                </rows>
              </Xenomorph.Generic.List>
            </col>
            <col index="11">
              <string>Murex EOD Bid</string>
            </col>
            <col index="12">
              <string p8:nil="true" xmlns:p8="http://www.w3.org/2001/XMLSchema-instance" />
            </col>
          </row>
        </rows>
      </Xenomorph.Generic.List>
    </Property>
    <Property Name="Start Date Query" Static="true" MultiSourced="false" DataType="String">
      <string>%RunDate%</string>
    </Property>
    <Property Name="Universe Query" Static="true" MultiSourced="false" DataType="List">
      <Xenomorph.Generic.List>
        <columnDefinitions>
          <columnDefinition index="1" type="System.Boolean" header="Enabled" />
          <columnDefinition index="2" type="System.String" header="Query" />
        </columnDefinitions>
        <rows>
          <row index="1">
            <col index="1">
              <boolean>true</boolean>
            </col>
            <col index="2">
              <string>DatabaseItems("\\SITSERVER\MD_SILVER", "Cross Currency Swap Spreads", "Cross Currency Swap Spread" ) 
.Values( |Data Inputs|( "Automated" ).Data( %RunDate% )
.Values( Column_2 ) )
.FLATTEN 
.Values( Column_1, Column_2, Column_3 ) 
.Where( Column_2 = 'Reuters' AND Column_3 != NULL ) 
.Values( Column_3 ).GROUPBY( Column_3 ) .Values( Column_1 ).FLATTEN .Values( Item( 'MD_SILVER', Column_1, 'Reuters'  ) ).WHERE( Column_1.Category = 'Reuters OIS Rates' )</string>
            </col>
          </row>
        </rows>
      </Xenomorph.Generic.List>
    </Property>
  </Item>
</Category>
