<?xml version="1.0"?>
<Category ItemCount="1" Name="Derived Data Formulas">
  <Item PropertyCount="1" CodeType="Calculation" Code="Check Routine - IPV FX Smiles" Database="\\SITSERVER\PUBLIC_GOLD">
    <Property Name="Calculation" Static="true" MultiSourced="false" DataType="Formula">
      <Xenomorph.Generic.Formula RowColumnFormat="A1" CellDefinitionsRows="42" CellDefinitionsColumns="3">
        <NamedRanges>
          <CellNameDefinition Name="CalculationAudit">
            <Range Top="41" Left="1" Bottom="41" Right="1" />
          </CellNameDefinition>
          <CellNameDefinition Name="CalculationMethod">
            <Range Top="16" Left="1" Bottom="16" Right="1" />
          </CellNameDefinition>
          <CellNameDefinition Name="CheckDetails">
            <Range Top="15" Left="1" Bottom="15" Right="1" />
          </CellNameDefinition>
          <CellNameDefinition Name="CodeName">
            <Range Top="4" Left="1" Bottom="4" Right="1" />
          </CellNameDefinition>
          <CellNameDefinition Name="CodeTypeName">
            <Range Top="5" Left="1" Bottom="5" Right="1" />
          </CellNameDefinition>
          <CellNameDefinition Name="DatabaseName">
            <Range Top="3" Left="1" Bottom="3" Right="1" />
          </CellNameDefinition>
          <CellNameDefinition Name="EndDate">
            <Range Top="8" Left="1" Bottom="8" Right="1" />
          </CellNameDefinition>
          <CellNameDefinition Name="FormulaResult">
            <Range Top="0" Left="0" Bottom="0" Right="0" />
          </CellNameDefinition>
          <CellNameDefinition Name="InputAudit">
            <Range Top="40" Left="1" Bottom="40" Right="1" />
          </CellNameDefinition>
          <CellNameDefinition Name="MissingCount">
            <Range Top="25" Left="1" Bottom="25" Right="1" />
          </CellNameDefinition>
          <CellNameDefinition Name="OKCount">
            <Range Top="23" Left="1" Bottom="23" Right="1" />
          </CellNameDefinition>
          <CellNameDefinition Name="OutlierCount">
            <Range Top="24" Left="1" Bottom="24" Right="1" />
          </CellNameDefinition>
          <CellNameDefinition Name="ResultDataSource">
            <Range Top="17" Left="1" Bottom="17" Right="1" />
          </CellNameDefinition>
          <CellNameDefinition Name="Results">
            <Range Top="28" Left="0" Bottom="37" Right="2" />
          </CellNameDefinition>
          <CellNameDefinition Name="StartDate">
            <Range Top="7" Left="1" Bottom="7" Right="1" />
          </CellNameDefinition>
          <CellNameDefinition Name="Status">
            <Range Top="22" Left="1" Bottom="22" Right="1" />
          </CellNameDefinition>
          <CellNameDefinition Name="StatusEnum">
            <Range Top="21" Left="1" Bottom="21" Right="1" />
          </CellNameDefinition>
          <CellNameDefinition Name="SupportingItems">
            <Range Top="19" Left="1" Bottom="19" Right="1" />
          </CellNameDefinition>
          <CellNameDefinition Name="SupportingItemsStatus">
            <Range Top="20" Left="1" Bottom="20" Right="1" />
          </CellNameDefinition>
          <CellNameDefinition Name="TargetDatasource">
            <Range Top="9" Left="1" Bottom="9" Right="1" />
          </CellNameDefinition>
          <CellNameDefinition Name="TargetItem">
            <Range Top="14" Left="1" Bottom="14" Right="1" />
          </CellNameDefinition>
          <CellNameDefinition Name="TargetProperty">
            <Range Top="6" Left="1" Bottom="6" Right="1" />
          </CellNameDefinition>
        </NamedRanges>
        <Cells>
          <CellDefinition p6:type="ConstantCellDefinition" CalculationEnabled="true" DataVisible="true" RowHidden="false" EndOfLine="false" xmlns:p6="http://www.w3.org/2001/XMLSchema-instance">
            <Range Top="41" Left="1" Bottom="41" Right="1" />
            <Value xmlns:q1="http://www.w3.org/2001/XMLSchema" p6:type="q1:string">"Set the status of the Check for IPV FX Smiles Points"</Value>
          </CellDefinition>
          <CellDefinition p6:type="FormulaCellDefinition" CalculationEnabled="true" DataVisible="true" RowHidden="false" EndOfLine="false" xmlns:p6="http://www.w3.org/2001/XMLSchema-instance">
            <Range Top="16" Left="1" Bottom="16" Right="1" />
            <Value>IF( ISERROR(C17), 'Automated', C17 )</Value>
          </CellDefinition>
          <CellDefinition p6:type="FormulaCellDefinition" CalculationEnabled="true" DataVisible="true" RowHidden="false" EndOfLine="false" xmlns:p6="http://www.w3.org/2001/XMLSchema-instance">
            <Range Top="15" Left="1" Bottom="15" Right="1" />
            <Value>Values(Values(Values("Source", "Item", "Volatility Surface", "Status"), 
Values(TargetDatasource, TargetItem.Reference, TargetItem.|Surface|(TargetDatasource).Data(StartDate), CheckStatus)).TRANSPOSE())</Value>
          </CellDefinition>
          <CellDefinition p6:type="ConstantCellDefinition" CalculationEnabled="true" DataVisible="true" RowHidden="false" EndOfLine="false" xmlns:p6="http://www.w3.org/2001/XMLSchema-instance">
            <Range Top="4" Left="1" Bottom="4" Right="1" />
            <Value xmlns:q2="http://www.w3.org/2001/XMLSchema" p6:type="q2:string">EUR/CHF</Value>
          </CellDefinition>
          <CellDefinition p6:type="ConstantCellDefinition" CalculationEnabled="true" DataVisible="true" RowHidden="false" EndOfLine="false" xmlns:p6="http://www.w3.org/2001/XMLSchema-instance">
            <Range Top="5" Left="1" Bottom="5" Right="1" />
            <Value xmlns:q3="http://www.w3.org/2001/XMLSchema" p6:type="q3:string">Murex IPV FX Smile Surface</Value>
          </CellDefinition>
          <CellDefinition p6:type="ConstantCellDefinition" CalculationEnabled="true" DataVisible="true" RowHidden="false" EndOfLine="false" xmlns:p6="http://www.w3.org/2001/XMLSchema-instance">
            <Range Top="3" Left="1" Bottom="3" Right="1" />
            <Value xmlns:q4="http://www.w3.org/2001/XMLSchema" p6:type="q4:string">MD_SILVER</Value>
          </CellDefinition>
          <CellDefinition CalculationEnabled="true" DataVisible="true" RowHidden="false" EndOfLine="false">
            <Range Top="8" Left="1" Bottom="8" Right="1" />
          </CellDefinition>
          <CellDefinition p6:type="FormulaCellDefinition" CalculationEnabled="true" DataVisible="true" RowHidden="false" EndOfLine="false" xmlns:p6="http://www.w3.org/2001/XMLSchema-instance">
            <Range Top="0" Left="0" Bottom="0" Right="0" />
            <Value>Results.Values(Column_1, Column_2)</Value>
          </CellDefinition>
          <CellDefinition p6:type="FormulaCellDefinition" CalculationEnabled="true" DataVisible="true" RowHidden="false" EndOfLine="false" xmlns:p6="http://www.w3.org/2001/XMLSchema-instance">
            <Range Top="40" Left="1" Bottom="40" Right="1" />
            <Value>Results.Values(Column_1, Column_3)</Value>
          </CellDefinition>
          <CellDefinition p6:type="FormulaCellDefinition" CalculationEnabled="true" DataVisible="true" RowHidden="false" EndOfLine="false" xmlns:p6="http://www.w3.org/2001/XMLSchema-instance">
            <Range Top="25" Left="1" Bottom="25" Right="1" />
            <Value>ISNULL( SupportingItemsStatus.Where( Column_3= "Missing" ).RowCount, 0 )</Value>
          </CellDefinition>
          <CellDefinition p6:type="FormulaCellDefinition" CalculationEnabled="true" DataVisible="true" RowHidden="false" EndOfLine="false" xmlns:p6="http://www.w3.org/2001/XMLSchema-instance">
            <Range Top="23" Left="1" Bottom="23" Right="1" />
            <Value>ISNULL( SupportingItemsStatus.Where( Column_3= "OK" ).RowCount, 0 )</Value>
          </CellDefinition>
          <CellDefinition p6:type="FormulaCellDefinition" CalculationEnabled="true" DataVisible="true" RowHidden="false" EndOfLine="false" xmlns:p6="http://www.w3.org/2001/XMLSchema-instance">
            <Range Top="24" Left="1" Bottom="24" Right="1" />
            <Value>ISNULL( SupportingItemsStatus.Where( Column_3 = "Outlier" ).RowCount, 0 )</Value>
          </CellDefinition>
          <CellDefinition p6:type="FormulaCellDefinition" CalculationEnabled="true" DataVisible="true" RowHidden="false" EndOfLine="false" xmlns:p6="http://www.w3.org/2001/XMLSchema-instance">
            <Range Top="17" Left="1" Bottom="17" Right="1" />
            <Value>Item('\\SITSERVER\PUBLIC_GOLD','MCC IPV Result DataSource','Mapping Table').Table('internal').Where(Column_1=CalculationMethod).Column_2.SPLIT(',')</Value>
          </CellDefinition>
          <CellDefinition p6:type="ConstantCellDefinition" CalculationEnabled="true" DataVisible="true" RowHidden="false" EndOfLine="false" xmlns:p6="http://www.w3.org/2001/XMLSchema-instance">
            <Range Top="28" Left="0" Bottom="28" Right="0" />
            <Value xmlns:q5="http://www.w3.org/2001/XMLSchema" p6:type="q5:string">Status</Value>
          </CellDefinition>
          <CellDefinition p6:type="FormulaCellDefinition" CalculationEnabled="true" DataVisible="true" RowHidden="false" EndOfLine="false" xmlns:p6="http://www.w3.org/2001/XMLSchema-instance">
            <Range Top="37" Left="2" Bottom="37" Right="2" />
            <Value>ResultDataSource.Values(Column_1, SupportingItems.Values(Database, Code, CodeType, "StatusEnum", "Gold", StartDate))</Value>
          </CellDefinition>
          <CellDefinition p6:type="ConstantCellDefinition" CalculationEnabled="true" DataVisible="true" RowHidden="false" EndOfLine="false" xmlns:p6="http://www.w3.org/2001/XMLSchema-instance">
            <Range Top="7" Left="1" Bottom="7" Right="1" />
            <Value xmlns:q6="http://www.w3.org/2001/XMLSchema" p6:type="q6:dateTime">2020-04-13T00:00:00</Value>
          </CellDefinition>
          <CellDefinition p6:type="FormulaCellDefinition" CalculationEnabled="true" DataVisible="true" RowHidden="false" EndOfLine="false" xmlns:p6="http://www.w3.org/2001/XMLSchema-instance">
            <Range Top="22" Left="1" Bottom="22" Right="1" />
            <Value>IF( StatusEnum = 0, "OK", IF ( StatusEnum = 1, "Outlier", "Missing" ) )</Value>
          </CellDefinition>
          <CellDefinition p6:type="FormulaCellDefinition" CalculationEnabled="true" DataVisible="true" RowHidden="false" EndOfLine="false" xmlns:p6="http://www.w3.org/2001/XMLSchema-instance">
            <Range Top="21" Left="1" Bottom="21" Right="1" />
            <Value>SupportingItemsStatus.Column_2.MAX</Value>
          </CellDefinition>
          <CellDefinition p6:type="FormulaCellDefinition" CalculationEnabled="true" DataVisible="true" RowHidden="false" EndOfLine="false" xmlns:p6="http://www.w3.org/2001/XMLSchema-instance">
            <Range Top="20" Left="1" Bottom="20" Right="1" />
            <Value>SupportingItems.Values(Code, |StatusEnum|("Gold").Data(StartDate), |Status|("Gold").Data(StartDate))</Value>
          </CellDefinition>
          <CellDefinition p6:type="ConstantCellDefinition" CalculationEnabled="true" DataVisible="true" RowHidden="false" EndOfLine="false" xmlns:p6="http://www.w3.org/2001/XMLSchema-instance">
            <Range Top="9" Left="1" Bottom="9" Right="1" />
            <Value xmlns:q7="http://www.w3.org/2001/XMLSchema" p6:type="q7:string">Internal</Value>
          </CellDefinition>
          <CellDefinition p6:type="FormulaCellDefinition" CalculationEnabled="true" DataVisible="true" RowHidden="false" EndOfLine="false" xmlns:p6="http://www.w3.org/2001/XMLSchema-instance">
            <Range Top="14" Left="1" Bottom="14" Right="1" />
            <Value>Item(DatabaseName,CodeName,CodeTypeName)</Value>
          </CellDefinition>
          <CellDefinition p6:type="ConstantCellDefinition" CalculationEnabled="true" DataVisible="true" RowHidden="false" EndOfLine="false" xmlns:p6="http://www.w3.org/2001/XMLSchema-instance">
            <Range Top="6" Left="1" Bottom="6" Right="1" />
            <Value xmlns:q8="http://www.w3.org/2001/XMLSchema" p6:type="q8:string">Status</Value>
          </CellDefinition>
          <CellDefinition p6:type="FormulaCellDefinition" CalculationEnabled="true" DataVisible="true" RowHidden="false" EndOfLine="false" xmlns:p6="http://www.w3.org/2001/XMLSchema-instance">
            <Range Top="16" Left="2" Bottom="16" Right="2" />
            <Value>TargetItem.|Calc Method|.Data(StartDate)</Value>
          </CellDefinition>
          <CellDefinition p6:type="FormulaCellDefinition" CalculationEnabled="true" DataVisible="true" RowHidden="false" EndOfLine="false" xmlns:p6="http://www.w3.org/2001/XMLSchema-instance">
            <Range Top="28" Left="1" Bottom="28" Right="1" />
            <Value>ResultDataSource.Values(Column_1, Status)</Value>
          </CellDefinition>
          <CellDefinition p6:type="FormulaCellDefinition" CalculationEnabled="true" DataVisible="true" RowHidden="false" EndOfLine="false" xmlns:p6="http://www.w3.org/2001/XMLSchema-instance">
            <Range Top="28" Left="2" Bottom="28" Right="2" />
            <Value>ResultDataSource.Values(Column_1, Values(DatabaseName, CodeName, CodeTypeName, A31, "Internal", StartDate))</Value>
          </CellDefinition>
          <CellDefinition p6:type="ConstantCellDefinition" CalculationEnabled="true" DataVisible="true" RowHidden="false" EndOfLine="false" xmlns:p6="http://www.w3.org/2001/XMLSchema-instance">
            <Range Top="29" Left="0" Bottom="29" Right="0" />
            <Value xmlns:q9="http://www.w3.org/2001/XMLSchema" p6:type="q9:string">StatusEnum</Value>
          </CellDefinition>
          <CellDefinition p6:type="FormulaCellDefinition" CalculationEnabled="true" DataVisible="true" RowHidden="false" EndOfLine="false" xmlns:p6="http://www.w3.org/2001/XMLSchema-instance">
            <Range Top="29" Left="1" Bottom="29" Right="1" />
            <Value>ResultDataSource.Values(Column_1, StatusEnum)</Value>
          </CellDefinition>
          <CellDefinition p6:type="FormulaCellDefinition" CalculationEnabled="true" DataVisible="true" RowHidden="false" EndOfLine="false" xmlns:p6="http://www.w3.org/2001/XMLSchema-instance">
            <Range Top="29" Left="2" Bottom="29" Right="2" />
            <Value>ResultDataSource.Values(Column_1, Values(DatabaseName, CodeName, CodeTypeName, A31, "Internal", StartDate))</Value>
          </CellDefinition>
          <CellDefinition p6:type="ConstantCellDefinition" CalculationEnabled="true" DataVisible="true" RowHidden="false" EndOfLine="false" xmlns:p6="http://www.w3.org/2001/XMLSchema-instance">
            <Range Top="30" Left="0" Bottom="30" Right="0" />
            <Value xmlns:q10="http://www.w3.org/2001/XMLSchema" p6:type="q10:string">Value Under Test</Value>
          </CellDefinition>
          <CellDefinition p6:type="FormulaCellDefinition" CalculationEnabled="true" DataVisible="true" RowHidden="false" EndOfLine="false" xmlns:p6="http://www.w3.org/2001/XMLSchema-instance">
            <Range Top="30" Left="1" Bottom="30" Right="1" />
            <Value>Values("Internal", OKCount)</Value>
          </CellDefinition>
          <CellDefinition p6:type="FormulaCellDefinition" CalculationEnabled="true" DataVisible="true" RowHidden="false" EndOfLine="false" xmlns:p6="http://www.w3.org/2001/XMLSchema-instance">
            <Range Top="30" Left="2" Bottom="30" Right="2" />
            <Value>Values("Internal", SupportingItems.Values(Database, Code, CodeType, "StatusEnum", "Gold", StartDate))</Value>
          </CellDefinition>
          <CellDefinition p6:type="ConstantCellDefinition" CalculationEnabled="true" DataVisible="true" RowHidden="false" EndOfLine="false" xmlns:p6="http://www.w3.org/2001/XMLSchema-instance">
            <Range Top="31" Left="0" Bottom="31" Right="0" />
            <Value xmlns:q11="http://www.w3.org/2001/XMLSchema" p6:type="q11:string">Tolerance</Value>
          </CellDefinition>
          <CellDefinition p6:type="FormulaCellDefinition" CalculationEnabled="true" DataVisible="true" RowHidden="false" EndOfLine="false" xmlns:p6="http://www.w3.org/2001/XMLSchema-instance">
            <Range Top="31" Left="1" Bottom="31" Right="1" />
            <Value>Values("Internal", 0)</Value>
          </CellDefinition>
          <CellDefinition p6:type="FormulaCellDefinition" CalculationEnabled="true" DataVisible="true" RowHidden="false" EndOfLine="false" xmlns:p6="http://www.w3.org/2001/XMLSchema-instance">
            <Range Top="31" Left="2" Bottom="31" Right="2" />
            <Value>Values("Internal", Values(DatabaseName, CodeName, CodeTypeName, A32, "Internal", StartDate))</Value>
          </CellDefinition>
          <CellDefinition p6:type="ConstantCellDefinition" CalculationEnabled="true" DataVisible="true" RowHidden="false" EndOfLine="false" xmlns:p6="http://www.w3.org/2001/XMLSchema-instance">
            <Range Top="32" Left="0" Bottom="32" Right="0" />
            <Value xmlns:q12="http://www.w3.org/2001/XMLSchema" p6:type="q12:string">Reference Value</Value>
          </CellDefinition>
          <CellDefinition p6:type="FormulaCellDefinition" CalculationEnabled="true" DataVisible="true" RowHidden="false" EndOfLine="false" xmlns:p6="http://www.w3.org/2001/XMLSchema-instance">
            <Range Top="32" Left="1" Bottom="32" Right="1" />
            <Value>ResultDataSource.Values(Column_1, OKCount + OutlierCount + MissingCount)</Value>
          </CellDefinition>
          <CellDefinition p6:type="FormulaCellDefinition" CalculationEnabled="true" DataVisible="true" RowHidden="false" EndOfLine="false" xmlns:p6="http://www.w3.org/2001/XMLSchema-instance">
            <Range Top="32" Left="2" Bottom="32" Right="2" />
            <Value>ResultDataSource.Values(Column_1, SupportingItems.Values(Database, Code, CodeType, "StatusEnum", "Gold", StartDate))</Value>
          </CellDefinition>
          <CellDefinition p6:type="ConstantCellDefinition" CalculationEnabled="true" DataVisible="true" RowHidden="false" EndOfLine="false" xmlns:p6="http://www.w3.org/2001/XMLSchema-instance">
            <Range Top="33" Left="0" Bottom="33" Right="0" />
            <Value xmlns:q13="http://www.w3.org/2001/XMLSchema" p6:type="q13:string">Difference</Value>
          </CellDefinition>
          <CellDefinition p6:type="FormulaCellDefinition" CalculationEnabled="true" DataVisible="true" RowHidden="false" EndOfLine="false" xmlns:p6="http://www.w3.org/2001/XMLSchema-instance">
            <Range Top="33" Left="1" Bottom="33" Right="1" />
            <Value>ResultDataSource.Values(Column_1, OutlierCount + MissingCount)</Value>
          </CellDefinition>
          <CellDefinition p6:type="FormulaCellDefinition" CalculationEnabled="true" DataVisible="true" RowHidden="false" EndOfLine="false" xmlns:p6="http://www.w3.org/2001/XMLSchema-instance">
            <Range Top="33" Left="2" Bottom="33" Right="2" />
            <Value>ResultDataSource.Values(Column_1, SupportingItems.Values(Database, Code, CodeType, "StatusEnum", "Gold", StartDate))</Value>
          </CellDefinition>
          <CellDefinition p6:type="ConstantCellDefinition" CalculationEnabled="true" DataVisible="true" RowHidden="false" EndOfLine="false" xmlns:p6="http://www.w3.org/2001/XMLSchema-instance">
            <Range Top="34" Left="0" Bottom="34" Right="0" />
            <Value xmlns:q14="http://www.w3.org/2001/XMLSchema" p6:type="q14:string">OK Count</Value>
          </CellDefinition>
          <CellDefinition p6:type="FormulaCellDefinition" CalculationEnabled="true" DataVisible="true" RowHidden="false" EndOfLine="false" xmlns:p6="http://www.w3.org/2001/XMLSchema-instance">
            <Range Top="34" Left="1" Bottom="34" Right="1" />
            <Value>ResultDataSource.Values(Column_1, OKCount)</Value>
          </CellDefinition>
          <CellDefinition p6:type="FormulaCellDefinition" CalculationEnabled="true" DataVisible="true" RowHidden="false" EndOfLine="false" xmlns:p6="http://www.w3.org/2001/XMLSchema-instance">
            <Range Top="34" Left="2" Bottom="34" Right="2" />
            <Value>ResultDataSource.Values(Column_1, SupportingItems.Values(Database, Code, CodeType, "StatusEnum", "Gold", StartDate))</Value>
          </CellDefinition>
          <CellDefinition p6:type="ConstantCellDefinition" CalculationEnabled="true" DataVisible="true" RowHidden="false" EndOfLine="false" xmlns:p6="http://www.w3.org/2001/XMLSchema-instance">
            <Range Top="35" Left="0" Bottom="35" Right="0" />
            <Value xmlns:q15="http://www.w3.org/2001/XMLSchema" p6:type="q15:string">Outlier Count</Value>
          </CellDefinition>
          <CellDefinition p6:type="FormulaCellDefinition" CalculationEnabled="true" DataVisible="true" RowHidden="false" EndOfLine="false" xmlns:p6="http://www.w3.org/2001/XMLSchema-instance">
            <Range Top="35" Left="1" Bottom="35" Right="1" />
            <Value>ResultDataSource.Values(Column_1, OutlierCount)</Value>
          </CellDefinition>
          <CellDefinition p6:type="FormulaCellDefinition" CalculationEnabled="true" DataVisible="true" RowHidden="false" EndOfLine="false" xmlns:p6="http://www.w3.org/2001/XMLSchema-instance">
            <Range Top="35" Left="2" Bottom="35" Right="2" />
            <Value>ResultDataSource.Values(Column_1, SupportingItems.Values(Database, Code, CodeType, "StatusEnum", "Gold", StartDate))</Value>
          </CellDefinition>
          <CellDefinition p6:type="ConstantCellDefinition" CalculationEnabled="true" DataVisible="true" RowHidden="false" EndOfLine="false" xmlns:p6="http://www.w3.org/2001/XMLSchema-instance">
            <Range Top="36" Left="0" Bottom="36" Right="0" />
            <Value xmlns:q16="http://www.w3.org/2001/XMLSchema" p6:type="q16:string">Missing Count</Value>
          </CellDefinition>
          <CellDefinition p6:type="FormulaCellDefinition" CalculationEnabled="true" DataVisible="true" RowHidden="false" EndOfLine="false" xmlns:p6="http://www.w3.org/2001/XMLSchema-instance">
            <Range Top="36" Left="1" Bottom="36" Right="1" />
            <Value>ResultDataSource.Values(Column_1, MissingCount)</Value>
          </CellDefinition>
          <CellDefinition p6:type="FormulaCellDefinition" CalculationEnabled="true" DataVisible="true" RowHidden="false" EndOfLine="false" xmlns:p6="http://www.w3.org/2001/XMLSchema-instance">
            <Range Top="36" Left="2" Bottom="36" Right="2" />
            <Value>ResultDataSource.Values(Column_1, SupportingItems.Values(Database, Code, CodeType, "StatusEnum", "Gold", StartDate))</Value>
          </CellDefinition>
          <CellDefinition p6:type="ConstantCellDefinition" CalculationEnabled="true" DataVisible="true" RowHidden="false" EndOfLine="false" xmlns:p6="http://www.w3.org/2001/XMLSchema-instance">
            <Range Top="37" Left="0" Bottom="37" Right="0" />
            <Value xmlns:q17="http://www.w3.org/2001/XMLSchema" p6:type="q17:string">Check Details</Value>
          </CellDefinition>
          <CellDefinition p6:type="FormulaCellDefinition" CalculationEnabled="true" DataVisible="true" RowHidden="false" EndOfLine="false" xmlns:p6="http://www.w3.org/2001/XMLSchema-instance">
            <Range Top="37" Left="1" Bottom="37" Right="1" />
            <Value>ResultDataSource.Values(Column_1, SupportingItemsStatus)</Value>
          </CellDefinition>
          <CellDefinition p6:type="ConstantCellDefinition" CalculationEnabled="true" DataVisible="true" RowHidden="false" EndOfLine="false" xmlns:p6="http://www.w3.org/2001/XMLSchema-instance">
            <Range Top="2" Left="0" Bottom="2" Right="0" />
            <Value xmlns:q18="http://www.w3.org/2001/XMLSchema" p6:type="q18:string">** STANDARD PARAMETERS **</Value>
          </CellDefinition>
          <CellDefinition p6:type="ConstantCellDefinition" CalculationEnabled="true" DataVisible="true" RowHidden="false" EndOfLine="false" xmlns:p6="http://www.w3.org/2001/XMLSchema-instance">
            <Range Top="3" Left="0" Bottom="3" Right="0" />
            <Value xmlns:q19="http://www.w3.org/2001/XMLSchema" p6:type="q19:string">DatabaseName</Value>
          </CellDefinition>
          <CellDefinition p6:type="ConstantCellDefinition" CalculationEnabled="true" DataVisible="true" RowHidden="false" EndOfLine="false" xmlns:p6="http://www.w3.org/2001/XMLSchema-instance">
            <Range Top="4" Left="0" Bottom="4" Right="0" />
            <Value xmlns:q20="http://www.w3.org/2001/XMLSchema" p6:type="q20:string">CodeName</Value>
          </CellDefinition>
          <CellDefinition p6:type="ConstantCellDefinition" CalculationEnabled="true" DataVisible="true" RowHidden="false" EndOfLine="false" xmlns:p6="http://www.w3.org/2001/XMLSchema-instance">
            <Range Top="5" Left="0" Bottom="5" Right="0" />
            <Value xmlns:q21="http://www.w3.org/2001/XMLSchema" p6:type="q21:string">CodeTypeName</Value>
          </CellDefinition>
          <CellDefinition p6:type="ConstantCellDefinition" CalculationEnabled="true" DataVisible="true" RowHidden="false" EndOfLine="false" xmlns:p6="http://www.w3.org/2001/XMLSchema-instance">
            <Range Top="6" Left="0" Bottom="6" Right="0" />
            <Value xmlns:q22="http://www.w3.org/2001/XMLSchema" p6:type="q22:string">TargetProperty</Value>
          </CellDefinition>
          <CellDefinition p6:type="ConstantCellDefinition" CalculationEnabled="true" DataVisible="true" RowHidden="false" EndOfLine="false" xmlns:p6="http://www.w3.org/2001/XMLSchema-instance">
            <Range Top="7" Left="0" Bottom="7" Right="0" />
            <Value xmlns:q23="http://www.w3.org/2001/XMLSchema" p6:type="q23:string">StartDate</Value>
          </CellDefinition>
          <CellDefinition p6:type="ConstantCellDefinition" CalculationEnabled="true" DataVisible="true" RowHidden="false" EndOfLine="false" xmlns:p6="http://www.w3.org/2001/XMLSchema-instance">
            <Range Top="8" Left="0" Bottom="8" Right="0" />
            <Value xmlns:q24="http://www.w3.org/2001/XMLSchema" p6:type="q24:string">EndDate</Value>
          </CellDefinition>
          <CellDefinition p6:type="ConstantCellDefinition" CalculationEnabled="true" DataVisible="true" RowHidden="false" EndOfLine="false" xmlns:p6="http://www.w3.org/2001/XMLSchema-instance">
            <Range Top="9" Left="0" Bottom="9" Right="0" />
            <Value xmlns:q25="http://www.w3.org/2001/XMLSchema" p6:type="q25:string">TargetDatasource</Value>
          </CellDefinition>
          <CellDefinition p6:type="ConstantCellDefinition" CalculationEnabled="true" DataVisible="true" RowHidden="false" EndOfLine="false" xmlns:p6="http://www.w3.org/2001/XMLSchema-instance">
            <Range Top="11" Left="0" Bottom="11" Right="0" />
            <Value xmlns:q26="http://www.w3.org/2001/XMLSchema" p6:type="q26:string">** CUSTOM PARAMETERS **</Value>
          </CellDefinition>
          <CellDefinition p6:type="ConstantCellDefinition" CalculationEnabled="true" DataVisible="true" RowHidden="false" EndOfLine="false" xmlns:p6="http://www.w3.org/2001/XMLSchema-instance">
            <Range Top="13" Left="0" Bottom="13" Right="0" />
            <Value xmlns:q27="http://www.w3.org/2001/XMLSchema" p6:type="q27:string">** CALCULATIONS **</Value>
          </CellDefinition>
          <CellDefinition p6:type="ConstantCellDefinition" CalculationEnabled="true" DataVisible="true" RowHidden="false" EndOfLine="false" xmlns:p6="http://www.w3.org/2001/XMLSchema-instance">
            <Range Top="27" Left="0" Bottom="27" Right="0" />
            <Value xmlns:q28="http://www.w3.org/2001/XMLSchema" p6:type="q28:string">** RESULTS **</Value>
          </CellDefinition>
          <CellDefinition p6:type="ConstantCellDefinition" CalculationEnabled="true" DataVisible="true" RowHidden="false" EndOfLine="false" xmlns:p6="http://www.w3.org/2001/XMLSchema-instance">
            <Range Top="39" Left="0" Bottom="39" Right="0" />
            <Value xmlns:q29="http://www.w3.org/2001/XMLSchema" p6:type="q29:string">** AUDIT **</Value>
          </CellDefinition>
          <CellDefinition p6:type="ConstantCellDefinition" CalculationEnabled="true" DataVisible="true" RowHidden="false" EndOfLine="false" xmlns:p6="http://www.w3.org/2001/XMLSchema-instance">
            <Range Top="40" Left="0" Bottom="40" Right="0" />
            <Value xmlns:q30="http://www.w3.org/2001/XMLSchema" p6:type="q30:string">InputAudit</Value>
          </CellDefinition>
          <CellDefinition p6:type="ConstantCellDefinition" CalculationEnabled="true" DataVisible="true" RowHidden="false" EndOfLine="false" xmlns:p6="http://www.w3.org/2001/XMLSchema-instance">
            <Range Top="41" Left="0" Bottom="41" Right="0" />
            <Value xmlns:q31="http://www.w3.org/2001/XMLSchema" p6:type="q31:string">CalculationAudit</Value>
          </CellDefinition>
          <CellDefinition p6:type="ConstantCellDefinition" CalculationEnabled="true" DataVisible="true" RowHidden="false" EndOfLine="false" xmlns:p6="http://www.w3.org/2001/XMLSchema-instance">
            <Range Top="16" Left="0" Bottom="16" Right="0" />
            <Value xmlns:q32="http://www.w3.org/2001/XMLSchema" p6:type="q32:string">CalculationMethod</Value>
          </CellDefinition>
          <CellDefinition p6:type="ConstantCellDefinition" CalculationEnabled="true" DataVisible="true" RowHidden="false" EndOfLine="false" xmlns:p6="http://www.w3.org/2001/XMLSchema-instance">
            <Range Top="17" Left="0" Bottom="17" Right="0" />
            <Value xmlns:q33="http://www.w3.org/2001/XMLSchema" p6:type="q33:string">ResultDataSource</Value>
          </CellDefinition>
          <CellDefinition p6:type="ConstantCellDefinition" CalculationEnabled="true" DataVisible="true" RowHidden="false" EndOfLine="false" xmlns:p6="http://www.w3.org/2001/XMLSchema-instance">
            <Range Top="14" Left="0" Bottom="14" Right="0" />
            <Value xmlns:q34="http://www.w3.org/2001/XMLSchema" p6:type="q34:string">TargetItem</Value>
          </CellDefinition>
          <CellDefinition p6:type="ConstantCellDefinition" CalculationEnabled="true" DataVisible="true" RowHidden="false" EndOfLine="false" xmlns:p6="http://www.w3.org/2001/XMLSchema-instance">
            <Range Top="15" Left="0" Bottom="15" Right="0" />
            <Value xmlns:q35="http://www.w3.org/2001/XMLSchema" p6:type="q35:string">Check Details</Value>
          </CellDefinition>
          <CellDefinition p6:type="ConstantCellDefinition" CalculationEnabled="true" DataVisible="true" RowHidden="false" EndOfLine="false" xmlns:p6="http://www.w3.org/2001/XMLSchema-instance">
            <Range Top="20" Left="0" Bottom="20" Right="0" />
            <Value xmlns:q36="http://www.w3.org/2001/XMLSchema" p6:type="q36:string">SupportingItemsStatus</Value>
          </CellDefinition>
          <CellDefinition p6:type="ConstantCellDefinition" CalculationEnabled="true" DataVisible="true" RowHidden="false" EndOfLine="false" xmlns:p6="http://www.w3.org/2001/XMLSchema-instance">
            <Range Top="21" Left="0" Bottom="21" Right="0" />
            <Value xmlns:q37="http://www.w3.org/2001/XMLSchema" p6:type="q37:string">StatusEnum</Value>
          </CellDefinition>
          <CellDefinition p6:type="ConstantCellDefinition" CalculationEnabled="true" DataVisible="true" RowHidden="false" EndOfLine="false" xmlns:p6="http://www.w3.org/2001/XMLSchema-instance">
            <Range Top="22" Left="0" Bottom="22" Right="0" />
            <Value xmlns:q38="http://www.w3.org/2001/XMLSchema" p6:type="q38:string">Status</Value>
          </CellDefinition>
          <CellDefinition p6:type="ConstantCellDefinition" CalculationEnabled="true" DataVisible="true" RowHidden="false" EndOfLine="false" xmlns:p6="http://www.w3.org/2001/XMLSchema-instance">
            <Range Top="23" Left="0" Bottom="23" Right="0" />
            <Value xmlns:q39="http://www.w3.org/2001/XMLSchema" p6:type="q39:string">OKCount</Value>
          </CellDefinition>
          <CellDefinition p6:type="ConstantCellDefinition" CalculationEnabled="true" DataVisible="true" RowHidden="false" EndOfLine="false" xmlns:p6="http://www.w3.org/2001/XMLSchema-instance">
            <Range Top="25" Left="0" Bottom="25" Right="0" />
            <Value xmlns:q40="http://www.w3.org/2001/XMLSchema" p6:type="q40:string">MissingCount</Value>
          </CellDefinition>
          <CellDefinition p6:type="ConstantCellDefinition" CalculationEnabled="true" DataVisible="true" RowHidden="false" EndOfLine="false" xmlns:p6="http://www.w3.org/2001/XMLSchema-instance">
            <Range Top="24" Left="0" Bottom="24" Right="0" />
            <Value xmlns:q41="http://www.w3.org/2001/XMLSchema" p6:type="q41:string">OutlierCount</Value>
          </CellDefinition>
          <CellDefinition p6:type="ConstantCellDefinition" CalculationEnabled="true" DataVisible="true" RowHidden="false" EndOfLine="false" xmlns:p6="http://www.w3.org/2001/XMLSchema-instance">
            <Range Top="19" Left="0" Bottom="19" Right="0" />
            <Value xmlns:q42="http://www.w3.org/2001/XMLSchema" p6:type="q42:string">SupportingItems</Value>
          </CellDefinition>
          <CellDefinition p6:type="FormulaCellDefinition" CalculationEnabled="true" DataVisible="true" RowHidden="false" EndOfLine="false" xmlns:p6="http://www.w3.org/2001/XMLSchema-instance">
            <Range Top="19" Left="1" Bottom="19" Right="1" />
            <Value>Surface(DatabaseName, CodeName, CodeTypeName).SurfaceItems</Value>
          </CellDefinition>
        </Cells>
      </Xenomorph.Generic.Formula>
    </Property>
  </Item>
</Category>
