<?xml version="1.0"?>
<Category ItemCount="1" Name="Derived Data Formulas">
  <Item PropertyCount="1" CodeType="Calculation" Code="Check Routine - MCC OTC EOS" Database="\\SITSERVER\PUBLIC_GOLD">
    <Property Name="Calculation" Static="true" MultiSourced="false" DataType="Formula">
      <Xenomorph.Generic.Formula RowColumnFormat="A1" CellDefinitionsRows="90" CellDefinitionsColumns="3">
        <NamedRanges>
          <CellNameDefinition Name="AutoCallEventClosing">
            <Range Top="69" Left="0" Bottom="73" Right="2" />
          </CellNameDefinition>
          <CellNameDefinition Name="AutoCallVuT">
            <Range Top="36" Left="1" Bottom="36" Right="1" />
          </CellNameDefinition>
          <CellNameDefinition Name="AutoCheck">
            <Range Top="39" Left="1" Bottom="39" Right="1" />
          </CellNameDefinition>
          <CellNameDefinition Name="AutoCheckDetails">
            <Range Top="41" Left="1" Bottom="41" Right="1" />
          </CellNameDefinition>
          <CellNameDefinition Name="AutoDifference">
            <Range Top="40" Left="1" Bottom="40" Right="1" />
          </CellNameDefinition>
          <CellNameDefinition Name="AutoPutVuT">
            <Range Top="37" Left="1" Bottom="37" Right="1" />
          </CellNameDefinition>
          <CellNameDefinition Name="AutoVuT">
            <Range Top="38" Left="1" Bottom="38" Right="1" />
          </CellNameDefinition>
          <CellNameDefinition Name="CalcMethod">
            <Range Top="17" Left="1" Bottom="17" Right="1" />
          </CellNameDefinition>
          <CellNameDefinition Name="CalculationAudit">
            <Range Top="88" Left="1" Bottom="88" Right="1" />
          </CellNameDefinition>
          <CellNameDefinition Name="CallContractSize">
            <Range Top="25" Left="1" Bottom="25" Right="1" />
          </CellNameDefinition>
          <CellNameDefinition Name="CallQuantity">
            <Range Top="24" Left="1" Bottom="24" Right="1" />
          </CellNameDefinition>
          <CellNameDefinition Name="CallReferenceValue">
            <Range Top="22" Left="1" Bottom="22" Right="1" />
          </CellNameDefinition>
          <CellNameDefinition Name="CallTradePrice">
            <Range Top="23" Left="1" Bottom="23" Right="1" />
          </CellNameDefinition>
          <CellNameDefinition Name="CodeName">
            <Range Top="4" Left="1" Bottom="4" Right="1" />
          </CellNameDefinition>
          <CellNameDefinition Name="CodeTypeName">
            <Range Top="5" Left="1" Bottom="5" Right="1" />
          </CellNameDefinition>
          <CellNameDefinition Name="CouponPayment">
            <Range Top="66" Left="0" Bottom="67" Right="2" />
          </CellNameDefinition>
          <CellNameDefinition Name="DatabaseName">
            <Range Top="3" Left="1" Bottom="3" Right="1" />
          </CellNameDefinition>
          <CellNameDefinition Name="DataInputs">
            <Range Top="59" Left="1" Bottom="59" Right="1" />
          </CellNameDefinition>
          <CellNameDefinition Name="EmirMaxNoUpdate">
            <Range Top="63" Left="0" Bottom="64" Right="2" />
          </CellNameDefinition>
          <CellNameDefinition Name="EndDate">
            <Range Top="8" Left="1" Bottom="8" Right="1" />
          </CellNameDefinition>
          <CellNameDefinition Name="FormulaResult">
            <Range Top="0" Left="0" Bottom="0" Right="0" />
          </CellNameDefinition>
          <CellNameDefinition Name="InputAudit">
            <Range Top="87" Left="1" Bottom="87" Right="1" />
          </CellNameDefinition>
          <CellNameDefinition Name="Instrument">
            <Range Top="18" Left="1" Bottom="18" Right="1" />
          </CellNameDefinition>
          <CellNameDefinition Name="IssuingBusinessFixing">
            <Range Top="75" Left="0" Bottom="79" Right="2" />
          </CellNameDefinition>
          <CellNameDefinition Name="IssuingCallVuT">
            <Range Top="51" Left="1" Bottom="51" Right="1" />
          </CellNameDefinition>
          <CellNameDefinition Name="IssuingCheck">
            <Range Top="54" Left="1" Bottom="54" Right="1" />
          </CellNameDefinition>
          <CellNameDefinition Name="IssuingCheckDetails">
            <Range Top="56" Left="1" Bottom="56" Right="1" />
          </CellNameDefinition>
          <CellNameDefinition Name="IssuingDifference">
            <Range Top="55" Left="1" Bottom="55" Right="1" />
          </CellNameDefinition>
          <CellNameDefinition Name="IssuingPutVuT">
            <Range Top="52" Left="1" Bottom="52" Right="1" />
          </CellNameDefinition>
          <CellNameDefinition Name="IssuingVuT">
            <Range Top="53" Left="1" Bottom="53" Right="1" />
          </CellNameDefinition>
          <CellNameDefinition Name="ND">
            <Range Top="16" Left="1" Bottom="16" Right="1" />
          </CellNameDefinition>
          <CellNameDefinition Name="NodeDepartmentOther">
            <Range Top="81" Left="0" Bottom="85" Right="2" />
          </CellNameDefinition>
          <CellNameDefinition Name="OthersCallVuT">
            <Range Top="44" Left="1" Bottom="44" Right="1" />
          </CellNameDefinition>
          <CellNameDefinition Name="OthersCheckDetails">
            <Range Top="47" Left="1" Bottom="47" Right="1" />
          </CellNameDefinition>
          <CellNameDefinition Name="OthersInstrument">
            <Range Top="18" Left="2" Bottom="18" Right="2" />
          </CellNameDefinition>
          <CellNameDefinition Name="OthersPutVuT">
            <Range Top="45" Left="1" Bottom="45" Right="1" />
          </CellNameDefinition>
          <CellNameDefinition Name="OthersReferenceValue">
            <Range Top="20" Left="1" Bottom="20" Right="1" />
          </CellNameDefinition>
          <CellNameDefinition Name="OthersTradePrice">
            <Range Top="48" Left="1" Bottom="48" Right="1" />
          </CellNameDefinition>
          <CellNameDefinition Name="OthersVuT">
            <Range Top="46" Left="1" Bottom="46" Right="1" />
          </CellNameDefinition>
          <CellNameDefinition Name="Portfolio">
            <Range Top="19" Left="1" Bottom="19" Right="1" />
          </CellNameDefinition>
          <CellNameDefinition Name="PutContractSize">
            <Range Top="30" Left="1" Bottom="30" Right="1" />
          </CellNameDefinition>
          <CellNameDefinition Name="PutQuantity">
            <Range Top="29" Left="1" Bottom="29" Right="1" />
          </CellNameDefinition>
          <CellNameDefinition Name="PutReferenceValue">
            <Range Top="27" Left="1" Bottom="27" Right="1" />
          </CellNameDefinition>
          <CellNameDefinition Name="PutTradePrice">
            <Range Top="28" Left="1" Bottom="28" Right="1" />
          </CellNameDefinition>
          <CellNameDefinition Name="StartDate">
            <Range Top="7" Left="1" Bottom="7" Right="1" />
          </CellNameDefinition>
          <CellNameDefinition Name="TargetCallItem">
            <Range Top="12" Left="1" Bottom="12" Right="1" />
          </CellNameDefinition>
          <CellNameDefinition Name="TargetDatasource">
            <Range Top="9" Left="1" Bottom="9" Right="1" />
          </CellNameDefinition>
          <CellNameDefinition Name="TargetItem">
            <Range Top="11" Left="1" Bottom="11" Right="1" />
          </CellNameDefinition>
          <CellNameDefinition Name="TargetProperty">
            <Range Top="6" Left="1" Bottom="6" Right="1" />
          </CellNameDefinition>
          <CellNameDefinition Name="TargetPutItem">
            <Range Top="13" Left="1" Bottom="13" Right="1" />
          </CellNameDefinition>
          <CellNameDefinition Name="TargetSources">
            <Range Top="32" Left="1" Bottom="32" Right="1" />
          </CellNameDefinition>
          <CellNameDefinition Name="Tolerance">
            <Range Top="31" Left="1" Bottom="31" Right="1" />
          </CellNameDefinition>
        </NamedRanges>
        <Cells>
          <CellDefinition p6:type="ConstantCellDefinition" CalculationEnabled="true" DataVisible="true" RowHidden="false" EndOfLine="false" xmlns:p6="http://www.w3.org/2001/XMLSchema-instance">
            <Range Top="69" Left="0" Bottom="69" Right="0" />
            <Value xmlns:q1="http://www.w3.org/2001/XMLSchema" p6:type="q1:string">Status</Value>
          </CellDefinition>
          <CellDefinition p6:type="FormulaCellDefinition" CalculationEnabled="true" DataVisible="true" RowHidden="false" EndOfLine="false" xmlns:p6="http://www.w3.org/2001/XMLSchema-instance">
            <Range Top="73" Left="2" Bottom="73" Right="2" />
            <Value>Values("Internal", DataInputs)</Value>
          </CellDefinition>
          <CellDefinition p6:type="FormulaCellDefinition" CalculationEnabled="true" DataVisible="true" RowHidden="false" EndOfLine="false" xmlns:p6="http://www.w3.org/2001/XMLSchema-instance">
            <Range Top="36" Left="1" Bottom="36" Right="1" />
            <Value>IF(ISERROR(C37), NULL, C37)</Value>
          </CellDefinition>
          <CellDefinition p6:type="FormulaCellDefinition" CalculationEnabled="true" DataVisible="true" RowHidden="false" EndOfLine="false" xmlns:p6="http://www.w3.org/2001/XMLSchema-instance">
            <Range Top="39" Left="1" Bottom="39" Right="1" />
            <Value>IF(AutoCallVuT= NULL AND AutoPutVuT=NULL, "Missing", IF(ABS(AutoVuT)&lt;=Tolerance, "Ok", "Outlier"))</Value>
          </CellDefinition>
          <CellDefinition p6:type="FormulaCellDefinition" CalculationEnabled="true" DataVisible="true" RowHidden="false" EndOfLine="false" xmlns:p6="http://www.w3.org/2001/XMLSchema-instance">
            <Range Top="41" Left="1" Bottom="41" Right="1" />
            <Value>Values(
Values("Call",Values(Values("Trade Price","Reference Price Call","Quantity","Value Under Test", "Check"), Values(CallTradePrice,CallReferenceValue,CallQuantity,AutoCallVuT,"ABS(Trade Price - Reference Price)*Quantity")).TRANSPOSE()), 
Values("Put", Values(Values("Trade Price","Reference Price Put","Quantity", "Value Under Test", "Check"), Values(PutTradePrice,PutReferenceValue,PutQuantity,AutoPutVuT,"ABS(Trade Price - Reference Price)*Quantity")).TRANSPOSE()),
Values("Total", Values(Values("Sum of Values Under Test", "Tolerance", "Status", "Difference", "Check"), Values(AutoVuT,Tolerance,AutoCheck,AutoDifference,"ABS(VuT Call + VuT Put) &lt;= Tolerance")).TRANSPOSE()),
Values().TRANSPOSE(),
Values(Values("Instrument", "", "Portfolio"),Values(Instrument, NULL, Portfolio)).TRANSPOSE()).TRANSPOSE().FLATTEN()</Value>
          </CellDefinition>
          <CellDefinition p6:type="FormulaCellDefinition" CalculationEnabled="true" DataVisible="true" RowHidden="false" EndOfLine="false" xmlns:p6="http://www.w3.org/2001/XMLSchema-instance">
            <Range Top="40" Left="1" Bottom="40" Right="1" />
            <Value>Tolerance-AutoVuT</Value>
          </CellDefinition>
          <CellDefinition p6:type="FormulaCellDefinition" CalculationEnabled="true" DataVisible="true" RowHidden="false" EndOfLine="false" xmlns:p6="http://www.w3.org/2001/XMLSchema-instance">
            <Range Top="37" Left="1" Bottom="37" Right="1" />
            <Value>IF(ISERROR(C38), NULL, C38)</Value>
          </CellDefinition>
          <CellDefinition p6:type="FormulaCellDefinition" CalculationEnabled="true" DataVisible="true" RowHidden="false" EndOfLine="false" xmlns:p6="http://www.w3.org/2001/XMLSchema-instance">
            <Range Top="38" Left="1" Bottom="38" Right="1" />
            <Value>AutoCallVuT+AutoPutVuT</Value>
          </CellDefinition>
          <CellDefinition p6:type="FormulaCellDefinition" CalculationEnabled="true" DataVisible="true" RowHidden="false" EndOfLine="false" xmlns:p6="http://www.w3.org/2001/XMLSchema-instance">
            <Range Top="17" Left="1" Bottom="17" Right="1" />
            <Value>TargetItem.|Calc Method|</Value>
          </CellDefinition>
          <CellDefinition p6:type="FormulaCellDefinition" CalculationEnabled="true" DataVisible="true" RowHidden="false" EndOfLine="false" xmlns:p6="http://www.w3.org/2001/XMLSchema-instance">
            <Range Top="88" Left="1" Bottom="88" Right="1" />
            <Value>B1</Value>
          </CellDefinition>
          <CellDefinition p6:type="FormulaCellDefinition" CalculationEnabled="true" DataVisible="true" RowHidden="false" EndOfLine="false" xmlns:p6="http://www.w3.org/2001/XMLSchema-instance">
            <Range Top="25" Left="1" Bottom="25" Right="1" />
            <Value>TargetCallItem.|Contract Size|("Front Arena")</Value>
          </CellDefinition>
          <CellDefinition p6:type="FormulaCellDefinition" CalculationEnabled="true" DataVisible="true" RowHidden="false" EndOfLine="false" xmlns:p6="http://www.w3.org/2001/XMLSchema-instance">
            <Range Top="24" Left="1" Bottom="24" Right="1" />
            <Value>TargetCallItem.|Quantity|("Front Arena")</Value>
          </CellDefinition>
          <CellDefinition p6:type="FormulaCellDefinition" CalculationEnabled="true" DataVisible="true" RowHidden="false" EndOfLine="false" xmlns:p6="http://www.w3.org/2001/XMLSchema-instance">
            <Range Top="22" Left="1" Bottom="22" Right="1" />
            <Value>TargetItem.|Reference Value Call|("Gold")</Value>
          </CellDefinition>
          <CellDefinition p6:type="FormulaCellDefinition" CalculationEnabled="true" DataVisible="true" RowHidden="false" EndOfLine="false" xmlns:p6="http://www.w3.org/2001/XMLSchema-instance">
            <Range Top="23" Left="1" Bottom="23" Right="1" />
            <Value>TargetCallItem.|Trade Price|("Front Arena")</Value>
          </CellDefinition>
          <CellDefinition p6:type="ConstantCellDefinition" CalculationEnabled="true" DataVisible="true" RowHidden="false" EndOfLine="false" xmlns:p6="http://www.w3.org/2001/XMLSchema-instance">
            <Range Top="4" Left="1" Bottom="4" Right="1" />
            <Value xmlns:q2="http://www.w3.org/2001/XMLSchema" p6:type="q2:string">20200424_3308628_Buy</Value>
          </CellDefinition>
          <CellDefinition p6:type="ConstantCellDefinition" CalculationEnabled="true" DataVisible="true" RowHidden="false" EndOfLine="false" xmlns:p6="http://www.w3.org/2001/XMLSchema-instance">
            <Range Top="5" Left="1" Bottom="5" Right="1" />
            <Value xmlns:q3="http://www.w3.org/2001/XMLSchema" p6:type="q3:string">Front Arena OTC Equity Option</Value>
          </CellDefinition>
          <CellDefinition p6:type="ConstantCellDefinition" CalculationEnabled="true" DataVisible="true" RowHidden="false" EndOfLine="false" xmlns:p6="http://www.w3.org/2001/XMLSchema-instance">
            <Range Top="66" Left="0" Bottom="66" Right="0" />
            <Value xmlns:q4="http://www.w3.org/2001/XMLSchema" p6:type="q4:string">Status</Value>
          </CellDefinition>
          <CellDefinition p6:type="FormulaCellDefinition" CalculationEnabled="true" DataVisible="true" RowHidden="false" EndOfLine="false" xmlns:p6="http://www.w3.org/2001/XMLSchema-instance">
            <Range Top="67" Left="2" Bottom="67" Right="2" />
            <Value>TargetSources.Values(Column_1, DataInputs)</Value>
          </CellDefinition>
          <CellDefinition p6:type="ConstantCellDefinition" CalculationEnabled="true" DataVisible="true" RowHidden="false" EndOfLine="false" xmlns:p6="http://www.w3.org/2001/XMLSchema-instance">
            <Range Top="3" Left="1" Bottom="3" Right="1" />
            <Value xmlns:q5="http://www.w3.org/2001/XMLSchema" p6:type="q5:string">MD_SILVER</Value>
          </CellDefinition>
          <CellDefinition p6:type="FormulaCellDefinition" CalculationEnabled="true" DataVisible="true" RowHidden="false" EndOfLine="false" xmlns:p6="http://www.w3.org/2001/XMLSchema-instance">
            <Range Top="59" Left="1" Bottom="59" Right="1" />
            <Value>Values(
Values(DatabaseName, CodeName, CodeTypeName, "Reference Value Call", "Gold", StartDate),
Values(TargetCallItem.Database, TargetCallItem.Code, TargetCallItem.CodeType, "Trade Price", TargetDatasource, StartDate),
Values(TargetCallItem.Database, TargetCallItem.Code, TargetCallItem.CodeType, "Quantity", TargetDatasource, StartDate),
Values(TargetCallItem.Database, TargetCallItem.Code, TargetCallItem.CodeType, "Contract Size", TargetDatasource, StartDate),
Values(DatabaseName, CodeName, CodeTypeName, "Reference Value Put", "Gold", StartDate),
Values(TargetPutItem.Database, TargetPutItem.Code, TargetPutItem.CodeType, "Trade Price", TargetDatasource, StartDate),
Values(TargetPutItem.Database, TargetPutItem.Code, TargetPutItem.CodeType, "Quantity", TargetDatasource, StartDate),
Values(TargetPutItem.Database, TargetPutItem.Code, TargetPutItem.CodeType, "Contract Size", TargetDatasource, StartDate)
).TRANSPOSE().FLATTEN.Where( Column_1 &lt;&gt; NULL )</Value>
          </CellDefinition>
          <CellDefinition p6:type="ConstantCellDefinition" CalculationEnabled="true" DataVisible="true" RowHidden="false" EndOfLine="false" xmlns:p6="http://www.w3.org/2001/XMLSchema-instance">
            <Range Top="63" Left="0" Bottom="63" Right="0" />
            <Value xmlns:q6="http://www.w3.org/2001/XMLSchema" p6:type="q6:string">Status</Value>
          </CellDefinition>
          <CellDefinition p6:type="FormulaCellDefinition" CalculationEnabled="true" DataVisible="true" RowHidden="false" EndOfLine="false" xmlns:p6="http://www.w3.org/2001/XMLSchema-instance">
            <Range Top="64" Left="2" Bottom="64" Right="2" />
            <Value>TargetSources.Values(Column_1, DataInputs)</Value>
          </CellDefinition>
          <CellDefinition p6:type="ConstantCellDefinition" CalculationEnabled="true" DataVisible="true" RowHidden="false" EndOfLine="false" xmlns:p6="http://www.w3.org/2001/XMLSchema-instance">
            <Range Top="8" Left="1" Bottom="8" Right="1" />
            <Value xmlns:q7="http://www.w3.org/2001/XMLSchema" p6:type="q7:dateTime">2020-04-20T00:00:00</Value>
          </CellDefinition>
          <CellDefinition p6:type="FormulaCellDefinition" CalculationEnabled="true" DataVisible="true" RowHidden="false" EndOfLine="false" xmlns:p6="http://www.w3.org/2001/XMLSchema-instance">
            <Range Top="0" Left="0" Bottom="0" Right="0" />
            <Value>IF(ND="Emir/Max No. Updates", EmirMaxNoUpdate.Values(Column_1, Column_2),
IF(ND="Coupon Payment", CouponPayment.Values(Column_1, Column_2), 
IF(ND="Auto Call Event/Closing", AutoCallEventClosing.Values(Column_1, Column_2),
 IF(ND="Issuing Business/Fixing", IssuingBusinessFixing.Values(Column_1, Column_2),
IF(ND="Other", NodeDepartmentOther.Values(Column_1, Column_2),NULL))))
)</Value>
          </CellDefinition>
          <CellDefinition p6:type="FormulaCellDefinition" CalculationEnabled="true" DataVisible="true" RowHidden="false" EndOfLine="false" xmlns:p6="http://www.w3.org/2001/XMLSchema-instance">
            <Range Top="87" Left="1" Bottom="87" Right="1" />
            <Value>IF(ND="Emir/Max No. Updates", EmirMaxNoUpdate.Values(Column_1, Column_3),
IF(ND="Coupon Payment", CouponPayment.Values(Column_1, Column_3), 
IF(ND="Auto Call Event/Closing", AutoCallEventClosing.Values(Column_1, Column_3),
 IF(ND="Issuing Business/Fixing", IssuingBusinessFixing.Values(Column_1, Column_3),
IF(ND= "Other",NodeDepartmentOther.Values(Column_1, Column_3),NULL))))
)</Value>
          </CellDefinition>
          <CellDefinition p6:type="FormulaCellDefinition" CalculationEnabled="true" DataVisible="true" RowHidden="false" EndOfLine="false" xmlns:p6="http://www.w3.org/2001/XMLSchema-instance">
            <Range Top="18" Left="1" Bottom="18" Right="1" />
            <Value>TargetItem.|Instrument|</Value>
          </CellDefinition>
          <CellDefinition p6:type="ConstantCellDefinition" CalculationEnabled="true" DataVisible="true" RowHidden="false" EndOfLine="false" xmlns:p6="http://www.w3.org/2001/XMLSchema-instance">
            <Range Top="75" Left="0" Bottom="75" Right="0" />
            <Value xmlns:q8="http://www.w3.org/2001/XMLSchema" p6:type="q8:string">Status</Value>
          </CellDefinition>
          <CellDefinition p6:type="FormulaCellDefinition" CalculationEnabled="true" DataVisible="true" RowHidden="false" EndOfLine="false" xmlns:p6="http://www.w3.org/2001/XMLSchema-instance">
            <Range Top="79" Left="2" Bottom="79" Right="2" />
            <Value>Values("Internal", DataInputs)</Value>
          </CellDefinition>
          <CellDefinition p6:type="FormulaCellDefinition" CalculationEnabled="true" DataVisible="true" RowHidden="false" EndOfLine="false" xmlns:p6="http://www.w3.org/2001/XMLSchema-instance">
            <Range Top="51" Left="1" Bottom="51" Right="1" />
            <Value>IF(ISERROR(C52), NULL, C52)</Value>
          </CellDefinition>
          <CellDefinition p6:type="FormulaCellDefinition" CalculationEnabled="true" DataVisible="true" RowHidden="false" EndOfLine="false" xmlns:p6="http://www.w3.org/2001/XMLSchema-instance">
            <Range Top="54" Left="1" Bottom="54" Right="1" />
            <Value>IF(IssuingCallVuT=NULL AND IssuingPutVuT = NULL, "Missing", IF(IssuingVuT&lt;=Tolerance, "Ok", "Outlier"))</Value>
          </CellDefinition>
          <CellDefinition p6:type="FormulaCellDefinition" CalculationEnabled="true" DataVisible="true" RowHidden="false" EndOfLine="false" xmlns:p6="http://www.w3.org/2001/XMLSchema-instance">
            <Range Top="56" Left="1" Bottom="56" Right="1" />
            <Value>Values(
Values("Call",Values(Values("Reference Price", "Trade Price", "Value Under Test", "Check"), Values(CallReferenceValue,CallTradePrice,IssuingCallVuT, "VuT = ABS((Trade Price - Reference Price)/Trade Price)")).TRANSPOSE()), 
Values("Put", Values(Values("Reference Price", "Trade Price", "Value Under Test", "Check"), Values(PutReferenceValue,PutTradePrice,IssuingPutVuT,"VuT = ABS((Trade Price - Reference Price)/Trade Price)")).TRANSPOSE()),
Values("Total", Values(Values("Total Sum VuT", "Tolerance", "Status", "Check"), Values(IssuingVuT,Tolerance, IssuingCheck, "VuT Call + VuT Put &lt;= Tolerance")).TRANSPOSE()),
Values().TRANSPOSE(),
Values(Values("Instrument", "", "Portfolio"),Values(Instrument, NULL, Portfolio)).TRANSPOSE()).TRANSPOSE().FLATTEN()</Value>
          </CellDefinition>
          <CellDefinition p6:type="FormulaCellDefinition" CalculationEnabled="true" DataVisible="true" RowHidden="false" EndOfLine="false" xmlns:p6="http://www.w3.org/2001/XMLSchema-instance">
            <Range Top="55" Left="1" Bottom="55" Right="1" />
            <Value>Tolerance - IssuingVuT</Value>
          </CellDefinition>
          <CellDefinition p6:type="FormulaCellDefinition" CalculationEnabled="true" DataVisible="true" RowHidden="false" EndOfLine="false" xmlns:p6="http://www.w3.org/2001/XMLSchema-instance">
            <Range Top="52" Left="1" Bottom="52" Right="1" />
            <Value>IF(ISERROR(C53), NULL, C53)</Value>
          </CellDefinition>
          <CellDefinition p6:type="FormulaCellDefinition" CalculationEnabled="true" DataVisible="true" RowHidden="false" EndOfLine="false" xmlns:p6="http://www.w3.org/2001/XMLSchema-instance">
            <Range Top="53" Left="1" Bottom="53" Right="1" />
            <Value>IssuingCallVuT+IssuingPutVuT</Value>
          </CellDefinition>
          <CellDefinition p6:type="FormulaCellDefinition" CalculationEnabled="true" DataVisible="true" RowHidden="false" EndOfLine="false" xmlns:p6="http://www.w3.org/2001/XMLSchema-instance">
            <Range Top="16" Left="1" Bottom="16" Right="1" />
            <Value>TargetItem.|Node Department|</Value>
          </CellDefinition>
          <CellDefinition p6:type="ConstantCellDefinition" CalculationEnabled="true" DataVisible="true" RowHidden="false" EndOfLine="false" xmlns:p6="http://www.w3.org/2001/XMLSchema-instance">
            <Range Top="81" Left="0" Bottom="81" Right="0" />
            <Value xmlns:q9="http://www.w3.org/2001/XMLSchema" p6:type="q9:string">Status</Value>
          </CellDefinition>
          <CellDefinition p6:type="FormulaCellDefinition" CalculationEnabled="true" DataVisible="true" RowHidden="false" EndOfLine="false" xmlns:p6="http://www.w3.org/2001/XMLSchema-instance">
            <Range Top="85" Left="2" Bottom="85" Right="2" />
            <Value>TargetSources.Values(Column_1, Values(DatabaseName, CodeName, CodeTypeName, "Free Text", TargetDatasource, StartDate))</Value>
          </CellDefinition>
          <CellDefinition p6:type="FormulaCellDefinition" CalculationEnabled="true" DataVisible="true" RowHidden="false" EndOfLine="false" xmlns:p6="http://www.w3.org/2001/XMLSchema-instance">
            <Range Top="44" Left="1" Bottom="44" Right="1" />
            <Value>IF(ISERROR(C45), NULL, C45)</Value>
          </CellDefinition>
          <CellDefinition p6:type="FormulaCellDefinition" CalculationEnabled="true" DataVisible="true" RowHidden="false" EndOfLine="false" xmlns:p6="http://www.w3.org/2001/XMLSchema-instance">
            <Range Top="47" Left="1" Bottom="47" Right="1" />
            <Value>Values(
	Values(
		Values("Instrument", "", "Portfolio"),
		Values(OthersInstrument, NULL, Portfolio)
	).TRANSPOSE(),
	Values("Total", 
			Values(
				Values("Value Under Test", "Tolerance", "Status"), 
				Values(OthersVuT,Tolerance, "Outlier")
			).TRANSPOSE()
	),
	IF(OthersPutVuT=NULL,
		Values("Call",
				Values(
					Values("Trade Prices","Reference Price Call","Quantity","Value Under Test", "Calculation"), 
					Values(CallTradePrice,OthersReferenceValue,CallQuantity,OthersVuT,"ABS(Trade Price - Reference Price)*Quantity")
				).TRANSPOSE()
		), 
		Values("Put", 
				Values(
					Values("Trade Price","Reference Price Put","Quantity", "Value Under Test", "Calculation"), 
					Values(PutTradePrice,OthersReferenceValue,PutQuantity,OthersVuT,"ABS(Trade Price - Reference Price)*Quantity")
				).TRANSPOSE()
		)
	)).TRANSPOSE().FLATTEN()</Value>
          </CellDefinition>
          <CellDefinition p6:type="FormulaCellDefinition" CalculationEnabled="true" DataVisible="true" RowHidden="false" EndOfLine="false" xmlns:p6="http://www.w3.org/2001/XMLSchema-instance">
            <Range Top="18" Left="2" Bottom="18" Right="2" />
            <Value>IF(ISERROR(TargetItem.|Instrument_C|), TargetItem.|Instrument_P|, TargetItem.|Instrument_C|)</Value>
          </CellDefinition>
          <CellDefinition p6:type="FormulaCellDefinition" CalculationEnabled="true" DataVisible="true" RowHidden="false" EndOfLine="false" xmlns:p6="http://www.w3.org/2001/XMLSchema-instance">
            <Range Top="45" Left="1" Bottom="45" Right="1" />
            <Value>IF(ISERROR(C46), NULL, C46)</Value>
          </CellDefinition>
          <CellDefinition p6:type="FormulaCellDefinition" CalculationEnabled="true" DataVisible="true" RowHidden="false" EndOfLine="false" xmlns:p6="http://www.w3.org/2001/XMLSchema-instance">
            <Range Top="20" Left="1" Bottom="20" Right="1" />
            <Value>TargetItem.|Reference Value|</Value>
          </CellDefinition>
          <CellDefinition p6:type="FormulaCellDefinition" CalculationEnabled="true" DataVisible="true" RowHidden="false" EndOfLine="false" xmlns:p6="http://www.w3.org/2001/XMLSchema-instance">
            <Range Top="48" Left="1" Bottom="48" Right="1" />
            <Value>IF(ISERROR(CallTradePrice) AND ISERROR(PutTradePrice),NULL,IF(ISERROR(CallTradePrice),PutTradePrice,CallTradePrice))</Value>
          </CellDefinition>
          <CellDefinition p6:type="FormulaCellDefinition" CalculationEnabled="true" DataVisible="true" RowHidden="false" EndOfLine="false" xmlns:p6="http://www.w3.org/2001/XMLSchema-instance">
            <Range Top="46" Left="1" Bottom="46" Right="1" />
            <Value>IF(OthersCallVuT =NULL AND OthersPutVuT = NULL, NULL, IF(OthersCallVuT = NULL, OthersPutVuT,OthersCallVuT))</Value>
          </CellDefinition>
          <CellDefinition p6:type="FormulaCellDefinition" CalculationEnabled="true" DataVisible="true" RowHidden="false" EndOfLine="false" xmlns:p6="http://www.w3.org/2001/XMLSchema-instance">
            <Range Top="19" Left="1" Bottom="19" Right="1" />
            <Value>TargetItem.|Portfolio|.Code</Value>
          </CellDefinition>
          <CellDefinition p6:type="FormulaCellDefinition" CalculationEnabled="true" DataVisible="true" RowHidden="false" EndOfLine="false" xmlns:p6="http://www.w3.org/2001/XMLSchema-instance">
            <Range Top="30" Left="1" Bottom="30" Right="1" />
            <Value>TargetPutItem.|Contract Size|("Front Arena")</Value>
          </CellDefinition>
          <CellDefinition p6:type="FormulaCellDefinition" CalculationEnabled="true" DataVisible="true" RowHidden="false" EndOfLine="false" xmlns:p6="http://www.w3.org/2001/XMLSchema-instance">
            <Range Top="29" Left="1" Bottom="29" Right="1" />
            <Value>TargetPutItem.|Quantity|("Front Arena")</Value>
          </CellDefinition>
          <CellDefinition p6:type="FormulaCellDefinition" CalculationEnabled="true" DataVisible="true" RowHidden="false" EndOfLine="false" xmlns:p6="http://www.w3.org/2001/XMLSchema-instance">
            <Range Top="27" Left="1" Bottom="27" Right="1" />
            <Value>TargetItem.|Reference Value Put|("Gold")</Value>
          </CellDefinition>
          <CellDefinition p6:type="FormulaCellDefinition" CalculationEnabled="true" DataVisible="true" RowHidden="false" EndOfLine="false" xmlns:p6="http://www.w3.org/2001/XMLSchema-instance">
            <Range Top="28" Left="1" Bottom="28" Right="1" />
            <Value>TargetPutItem.|Trade Price|("Front Arena")</Value>
          </CellDefinition>
          <CellDefinition p6:type="ConstantCellDefinition" CalculationEnabled="true" DataVisible="true" RowHidden="false" EndOfLine="false" xmlns:p6="http://www.w3.org/2001/XMLSchema-instance">
            <Range Top="7" Left="1" Bottom="7" Right="1" />
            <Value xmlns:q10="http://www.w3.org/2001/XMLSchema" p6:type="q10:dateTime">2020-04-24T00:00:00</Value>
          </CellDefinition>
          <CellDefinition p6:type="FormulaCellDefinition" CalculationEnabled="true" DataVisible="true" RowHidden="false" EndOfLine="false" xmlns:p6="http://www.w3.org/2001/XMLSchema-instance">
            <Range Top="12" Left="1" Bottom="12" Right="1" />
            <Value>TargetItem.|Call|</Value>
          </CellDefinition>
          <CellDefinition p6:type="ConstantCellDefinition" CalculationEnabled="true" DataVisible="true" RowHidden="false" EndOfLine="false" xmlns:p6="http://www.w3.org/2001/XMLSchema-instance">
            <Range Top="9" Left="1" Bottom="9" Right="1" />
            <Value xmlns:q11="http://www.w3.org/2001/XMLSchema" p6:type="q11:string">Front Arena</Value>
          </CellDefinition>
          <CellDefinition p6:type="FormulaCellDefinition" CalculationEnabled="true" DataVisible="true" RowHidden="false" EndOfLine="false" xmlns:p6="http://www.w3.org/2001/XMLSchema-instance">
            <Range Top="11" Left="1" Bottom="11" Right="1" />
            <Value>Item(DatabaseName,CodeName,CodeTypeName)</Value>
          </CellDefinition>
          <CellDefinition CalculationEnabled="true" DataVisible="true" RowHidden="false" EndOfLine="false">
            <Range Top="6" Left="1" Bottom="6" Right="1" />
          </CellDefinition>
          <CellDefinition p6:type="FormulaCellDefinition" CalculationEnabled="true" DataVisible="true" RowHidden="false" EndOfLine="false" xmlns:p6="http://www.w3.org/2001/XMLSchema-instance">
            <Range Top="13" Left="1" Bottom="13" Right="1" />
            <Value>TargetItem.|Put|</Value>
          </CellDefinition>
          <CellDefinition p6:type="FormulaCellDefinition" CalculationEnabled="true" DataVisible="true" RowHidden="false" EndOfLine="false" xmlns:p6="http://www.w3.org/2001/XMLSchema-instance">
            <Range Top="32" Left="1" Bottom="32" Right="1" />
            <Value>Item("PUBLIC_GOLD", "MCC IPV Result DataSource", "Mapping Table").Table('Internal').LOOKUP(CalcMethod,1,2).SPLIT(",")</Value>
          </CellDefinition>
          <CellDefinition p6:type="FormulaCellDefinition" CalculationEnabled="true" DataVisible="true" RowHidden="false" EndOfLine="false" xmlns:p6="http://www.w3.org/2001/XMLSchema-instance">
            <Range Top="31" Left="1" Bottom="31" Right="1" />
            <Value>TargetItem.|Tolerance|</Value>
          </CellDefinition>
          <CellDefinition p6:type="FormulaCellDefinition" CalculationEnabled="true" DataVisible="true" RowHidden="false" EndOfLine="false" xmlns:p6="http://www.w3.org/2001/XMLSchema-instance">
            <Range Top="36" Left="2" Bottom="36" Right="2" />
            <Value>ABS(CallTradePrice-CallReferenceValue)*CallQuantity</Value>
          </CellDefinition>
          <CellDefinition p6:type="FormulaCellDefinition" CalculationEnabled="true" DataVisible="true" RowHidden="false" EndOfLine="false" xmlns:p6="http://www.w3.org/2001/XMLSchema-instance">
            <Range Top="37" Left="2" Bottom="37" Right="2" />
            <Value>ABS(PutTradePrice-PutReferenceValue)*PutQuantity</Value>
          </CellDefinition>
          <CellDefinition CalculationEnabled="true" DataVisible="true" RowHidden="false" EndOfLine="false">
            <Range Top="0" Left="1" Bottom="0" Right="1" />
          </CellDefinition>
          <CellDefinition p6:type="FormulaCellDefinition" CalculationEnabled="true" DataVisible="true" RowHidden="false" EndOfLine="false" xmlns:p6="http://www.w3.org/2001/XMLSchema-instance">
            <Range Top="63" Left="1" Bottom="63" Right="1" />
            <Value>TargetSources.Values(Column_1,"Ok")</Value>
          </CellDefinition>
          <CellDefinition p6:type="FormulaCellDefinition" CalculationEnabled="true" DataVisible="true" RowHidden="false" EndOfLine="false" xmlns:p6="http://www.w3.org/2001/XMLSchema-instance">
            <Range Top="63" Left="2" Bottom="63" Right="2" />
            <Value>TargetSources.Values(Column_1, DataInputs)</Value>
          </CellDefinition>
          <CellDefinition p6:type="ConstantCellDefinition" CalculationEnabled="true" DataVisible="true" RowHidden="false" EndOfLine="false" xmlns:p6="http://www.w3.org/2001/XMLSchema-instance">
            <Range Top="64" Left="0" Bottom="64" Right="0" />
            <Value xmlns:q12="http://www.w3.org/2001/XMLSchema" p6:type="q12:string">Current Status</Value>
          </CellDefinition>
          <CellDefinition p6:type="FormulaCellDefinition" CalculationEnabled="true" DataVisible="true" RowHidden="false" EndOfLine="false" xmlns:p6="http://www.w3.org/2001/XMLSchema-instance">
            <Range Top="64" Left="1" Bottom="64" Right="1" />
            <Value>TargetSources.Values(Column_1,"Ok")</Value>
          </CellDefinition>
          <CellDefinition p6:type="FormulaCellDefinition" CalculationEnabled="true" DataVisible="true" RowHidden="false" EndOfLine="false" xmlns:p6="http://www.w3.org/2001/XMLSchema-instance">
            <Range Top="66" Left="1" Bottom="66" Right="1" />
            <Value>TargetSources.Values(Column_1, "Outlier")</Value>
          </CellDefinition>
          <CellDefinition p6:type="FormulaCellDefinition" CalculationEnabled="true" DataVisible="true" RowHidden="false" EndOfLine="false" xmlns:p6="http://www.w3.org/2001/XMLSchema-instance">
            <Range Top="66" Left="2" Bottom="66" Right="2" />
            <Value>TargetSources.Values(Column_1, DataInputs)</Value>
          </CellDefinition>
          <CellDefinition p6:type="ConstantCellDefinition" CalculationEnabled="true" DataVisible="true" RowHidden="false" EndOfLine="false" xmlns:p6="http://www.w3.org/2001/XMLSchema-instance">
            <Range Top="67" Left="0" Bottom="67" Right="0" />
            <Value xmlns:q13="http://www.w3.org/2001/XMLSchema" p6:type="q13:string">Current Status</Value>
          </CellDefinition>
          <CellDefinition p6:type="FormulaCellDefinition" CalculationEnabled="true" DataVisible="true" RowHidden="false" EndOfLine="false" xmlns:p6="http://www.w3.org/2001/XMLSchema-instance">
            <Range Top="67" Left="1" Bottom="67" Right="1" />
            <Value>TargetSources.Values(Column_1, "Outlier")</Value>
          </CellDefinition>
          <CellDefinition p6:type="FormulaCellDefinition" CalculationEnabled="true" DataVisible="true" RowHidden="false" EndOfLine="false" xmlns:p6="http://www.w3.org/2001/XMLSchema-instance">
            <Range Top="69" Left="1" Bottom="69" Right="1" />
            <Value>TargetSources.Values(Column_1, AutoCheck)</Value>
          </CellDefinition>
          <CellDefinition p6:type="FormulaCellDefinition" CalculationEnabled="true" DataVisible="true" RowHidden="false" EndOfLine="false" xmlns:p6="http://www.w3.org/2001/XMLSchema-instance">
            <Range Top="69" Left="2" Bottom="69" Right="2" />
            <Value>TargetSources.Values(Column_1, DataInputs)</Value>
          </CellDefinition>
          <CellDefinition p6:type="ConstantCellDefinition" CalculationEnabled="true" DataVisible="true" RowHidden="false" EndOfLine="false" xmlns:p6="http://www.w3.org/2001/XMLSchema-instance">
            <Range Top="70" Left="0" Bottom="70" Right="0" />
            <Value xmlns:q14="http://www.w3.org/2001/XMLSchema" p6:type="q14:string">Current Status</Value>
          </CellDefinition>
          <CellDefinition p6:type="FormulaCellDefinition" CalculationEnabled="true" DataVisible="true" RowHidden="false" EndOfLine="false" xmlns:p6="http://www.w3.org/2001/XMLSchema-instance">
            <Range Top="70" Left="1" Bottom="70" Right="1" />
            <Value>TargetSources.Values(Column_1, AutoCheck)</Value>
          </CellDefinition>
          <CellDefinition p6:type="FormulaCellDefinition" CalculationEnabled="true" DataVisible="true" RowHidden="false" EndOfLine="false" xmlns:p6="http://www.w3.org/2001/XMLSchema-instance">
            <Range Top="70" Left="2" Bottom="70" Right="2" />
            <Value>TargetSources.Values(Column_1, DataInputs)</Value>
          </CellDefinition>
          <CellDefinition p6:type="ConstantCellDefinition" CalculationEnabled="true" DataVisible="true" RowHidden="false" EndOfLine="false" xmlns:p6="http://www.w3.org/2001/XMLSchema-instance">
            <Range Top="71" Left="0" Bottom="71" Right="0" />
            <Value xmlns:q15="http://www.w3.org/2001/XMLSchema" p6:type="q15:string">Difference</Value>
          </CellDefinition>
          <CellDefinition p6:type="FormulaCellDefinition" CalculationEnabled="true" DataVisible="true" RowHidden="false" EndOfLine="false" xmlns:p6="http://www.w3.org/2001/XMLSchema-instance">
            <Range Top="71" Left="1" Bottom="71" Right="1" />
            <Value>TargetSources.Values(Column_1, AutoDifference)</Value>
          </CellDefinition>
          <CellDefinition p6:type="FormulaCellDefinition" CalculationEnabled="true" DataVisible="true" RowHidden="false" EndOfLine="false" xmlns:p6="http://www.w3.org/2001/XMLSchema-instance">
            <Range Top="71" Left="2" Bottom="71" Right="2" />
            <Value>TargetSources.Values(Column_1, DataInputs)</Value>
          </CellDefinition>
          <CellDefinition p6:type="ConstantCellDefinition" CalculationEnabled="true" DataVisible="true" RowHidden="false" EndOfLine="false" xmlns:p6="http://www.w3.org/2001/XMLSchema-instance">
            <Range Top="72" Left="0" Bottom="72" Right="0" />
            <Value xmlns:q16="http://www.w3.org/2001/XMLSchema" p6:type="q16:string">Check Details</Value>
          </CellDefinition>
          <CellDefinition p6:type="FormulaCellDefinition" CalculationEnabled="true" DataVisible="true" RowHidden="false" EndOfLine="false" xmlns:p6="http://www.w3.org/2001/XMLSchema-instance">
            <Range Top="72" Left="1" Bottom="72" Right="1" />
            <Value>TargetSources.Values(Column_1,AutoCheckDetails)</Value>
          </CellDefinition>
          <CellDefinition p6:type="FormulaCellDefinition" CalculationEnabled="true" DataVisible="true" RowHidden="false" EndOfLine="false" xmlns:p6="http://www.w3.org/2001/XMLSchema-instance">
            <Range Top="72" Left="2" Bottom="72" Right="2" />
            <Value>TargetSources.Values(Column_1, DataInputs)</Value>
          </CellDefinition>
          <CellDefinition p6:type="ConstantCellDefinition" CalculationEnabled="true" DataVisible="true" RowHidden="false" EndOfLine="false" xmlns:p6="http://www.w3.org/2001/XMLSchema-instance">
            <Range Top="73" Left="0" Bottom="73" Right="0" />
            <Value xmlns:q17="http://www.w3.org/2001/XMLSchema" p6:type="q17:string">Value Under Test</Value>
          </CellDefinition>
          <CellDefinition p6:type="FormulaCellDefinition" CalculationEnabled="true" DataVisible="true" RowHidden="false" EndOfLine="false" xmlns:p6="http://www.w3.org/2001/XMLSchema-instance">
            <Range Top="73" Left="1" Bottom="73" Right="1" />
            <Value>Values("Internal",AutoVuT)</Value>
          </CellDefinition>
          <CellDefinition p6:type="FormulaCellDefinition" CalculationEnabled="true" DataVisible="true" RowHidden="false" EndOfLine="false" xmlns:p6="http://www.w3.org/2001/XMLSchema-instance">
            <Range Top="75" Left="1" Bottom="75" Right="1" />
            <Value>TargetSources.Values(Column_1, IssuingCheck)</Value>
          </CellDefinition>
          <CellDefinition p6:type="FormulaCellDefinition" CalculationEnabled="true" DataVisible="true" RowHidden="false" EndOfLine="false" xmlns:p6="http://www.w3.org/2001/XMLSchema-instance">
            <Range Top="75" Left="2" Bottom="75" Right="2" />
            <Value>TargetSources.Values(Column_1, DataInputs)</Value>
          </CellDefinition>
          <CellDefinition p6:type="ConstantCellDefinition" CalculationEnabled="true" DataVisible="true" RowHidden="false" EndOfLine="false" xmlns:p6="http://www.w3.org/2001/XMLSchema-instance">
            <Range Top="76" Left="0" Bottom="76" Right="0" />
            <Value xmlns:q18="http://www.w3.org/2001/XMLSchema" p6:type="q18:string">Current Status</Value>
          </CellDefinition>
          <CellDefinition p6:type="FormulaCellDefinition" CalculationEnabled="true" DataVisible="true" RowHidden="false" EndOfLine="false" xmlns:p6="http://www.w3.org/2001/XMLSchema-instance">
            <Range Top="76" Left="1" Bottom="76" Right="1" />
            <Value>TargetSources.Values(Column_1, IssuingCheck)</Value>
          </CellDefinition>
          <CellDefinition p6:type="FormulaCellDefinition" CalculationEnabled="true" DataVisible="true" RowHidden="false" EndOfLine="false" xmlns:p6="http://www.w3.org/2001/XMLSchema-instance">
            <Range Top="76" Left="2" Bottom="76" Right="2" />
            <Value>TargetSources.Values(Column_1, DataInputs)</Value>
          </CellDefinition>
          <CellDefinition p6:type="ConstantCellDefinition" CalculationEnabled="true" DataVisible="true" RowHidden="false" EndOfLine="false" xmlns:p6="http://www.w3.org/2001/XMLSchema-instance">
            <Range Top="77" Left="0" Bottom="77" Right="0" />
            <Value xmlns:q19="http://www.w3.org/2001/XMLSchema" p6:type="q19:string">Difference</Value>
          </CellDefinition>
          <CellDefinition p6:type="FormulaCellDefinition" CalculationEnabled="true" DataVisible="true" RowHidden="false" EndOfLine="false" xmlns:p6="http://www.w3.org/2001/XMLSchema-instance">
            <Range Top="77" Left="1" Bottom="77" Right="1" />
            <Value>TargetSources.Values(Column_1, IssuingDifference)</Value>
          </CellDefinition>
          <CellDefinition p6:type="FormulaCellDefinition" CalculationEnabled="true" DataVisible="true" RowHidden="false" EndOfLine="false" xmlns:p6="http://www.w3.org/2001/XMLSchema-instance">
            <Range Top="77" Left="2" Bottom="77" Right="2" />
            <Value>TargetSources.Values(Column_1, DataInputs)</Value>
          </CellDefinition>
          <CellDefinition p6:type="ConstantCellDefinition" CalculationEnabled="true" DataVisible="true" RowHidden="false" EndOfLine="false" xmlns:p6="http://www.w3.org/2001/XMLSchema-instance">
            <Range Top="78" Left="0" Bottom="78" Right="0" />
            <Value xmlns:q20="http://www.w3.org/2001/XMLSchema" p6:type="q20:string">Check Details</Value>
          </CellDefinition>
          <CellDefinition p6:type="FormulaCellDefinition" CalculationEnabled="true" DataVisible="true" RowHidden="false" EndOfLine="false" xmlns:p6="http://www.w3.org/2001/XMLSchema-instance">
            <Range Top="78" Left="1" Bottom="78" Right="1" />
            <Value>TargetSources.Values(Column_1,IssuingCheckDetails)</Value>
          </CellDefinition>
          <CellDefinition p6:type="FormulaCellDefinition" CalculationEnabled="true" DataVisible="true" RowHidden="false" EndOfLine="false" xmlns:p6="http://www.w3.org/2001/XMLSchema-instance">
            <Range Top="78" Left="2" Bottom="78" Right="2" />
            <Value>TargetSources.Values(Column_1, DataInputs)</Value>
          </CellDefinition>
          <CellDefinition p6:type="ConstantCellDefinition" CalculationEnabled="true" DataVisible="true" RowHidden="false" EndOfLine="false" xmlns:p6="http://www.w3.org/2001/XMLSchema-instance">
            <Range Top="79" Left="0" Bottom="79" Right="0" />
            <Value xmlns:q21="http://www.w3.org/2001/XMLSchema" p6:type="q21:string">Value Under Test</Value>
          </CellDefinition>
          <CellDefinition p6:type="FormulaCellDefinition" CalculationEnabled="true" DataVisible="true" RowHidden="false" EndOfLine="false" xmlns:p6="http://www.w3.org/2001/XMLSchema-instance">
            <Range Top="79" Left="1" Bottom="79" Right="1" />
            <Value>Values("Internal",IssuingVuT)</Value>
          </CellDefinition>
          <CellDefinition p6:type="FormulaCellDefinition" CalculationEnabled="true" DataVisible="true" RowHidden="false" EndOfLine="false" xmlns:p6="http://www.w3.org/2001/XMLSchema-instance">
            <Range Top="81" Left="1" Bottom="81" Right="1" />
            <Value>TargetSources.Values(Column_1, "Outlier")</Value>
          </CellDefinition>
          <CellDefinition p6:type="FormulaCellDefinition" CalculationEnabled="true" DataVisible="true" RowHidden="false" EndOfLine="false" xmlns:p6="http://www.w3.org/2001/XMLSchema-instance">
            <Range Top="81" Left="2" Bottom="81" Right="2" />
            <Value>TargetSources.Values(Column_1, Values(DatabaseName, CodeName, CodeTypeName, "Free Text", TargetDatasource, StartDate))</Value>
          </CellDefinition>
          <CellDefinition p6:type="ConstantCellDefinition" CalculationEnabled="true" DataVisible="true" RowHidden="false" EndOfLine="false" xmlns:p6="http://www.w3.org/2001/XMLSchema-instance">
            <Range Top="82" Left="0" Bottom="82" Right="0" />
            <Value xmlns:q22="http://www.w3.org/2001/XMLSchema" p6:type="q22:string">Value Under Test</Value>
          </CellDefinition>
          <CellDefinition p6:type="FormulaCellDefinition" CalculationEnabled="true" DataVisible="true" RowHidden="false" EndOfLine="false" xmlns:p6="http://www.w3.org/2001/XMLSchema-instance">
            <Range Top="82" Left="1" Bottom="82" Right="1" />
            <Value>Values("Internal",OthersVuT)</Value>
          </CellDefinition>
          <CellDefinition p6:type="FormulaCellDefinition" CalculationEnabled="true" DataVisible="true" RowHidden="false" EndOfLine="false" xmlns:p6="http://www.w3.org/2001/XMLSchema-instance">
            <Range Top="82" Left="2" Bottom="82" Right="2" />
            <Value>Values("Internal", Values(DatabaseName, CodeName, CodeTypeName, "Free Text", TargetDatasource, StartDate))</Value>
          </CellDefinition>
          <CellDefinition p6:type="ConstantCellDefinition" CalculationEnabled="true" DataVisible="true" RowHidden="false" EndOfLine="false" xmlns:p6="http://www.w3.org/2001/XMLSchema-instance">
            <Range Top="83" Left="0" Bottom="83" Right="0" />
            <Value xmlns:q23="http://www.w3.org/2001/XMLSchema" p6:type="q23:string">Trade Price</Value>
          </CellDefinition>
          <CellDefinition p6:type="FormulaCellDefinition" CalculationEnabled="true" DataVisible="true" RowHidden="false" EndOfLine="false" xmlns:p6="http://www.w3.org/2001/XMLSchema-instance">
            <Range Top="83" Left="1" Bottom="83" Right="1" />
            <Value>Values("Front Arena",OthersTradePrice)</Value>
          </CellDefinition>
          <CellDefinition p6:type="FormulaCellDefinition" CalculationEnabled="true" DataVisible="true" RowHidden="false" EndOfLine="false" xmlns:p6="http://www.w3.org/2001/XMLSchema-instance">
            <Range Top="83" Left="2" Bottom="83" Right="2" />
            <Value>Values("Front Arena", Values(DatabaseName, CodeName, CodeTypeName, "Free Text", TargetDatasource, StartDate))</Value>
          </CellDefinition>
          <CellDefinition p6:type="ConstantCellDefinition" CalculationEnabled="true" DataVisible="true" RowHidden="false" EndOfLine="false" xmlns:p6="http://www.w3.org/2001/XMLSchema-instance">
            <Range Top="84" Left="0" Bottom="84" Right="0" />
            <Value xmlns:q24="http://www.w3.org/2001/XMLSchema" p6:type="q24:string">Check Details</Value>
          </CellDefinition>
          <CellDefinition p6:type="FormulaCellDefinition" CalculationEnabled="true" DataVisible="true" RowHidden="false" EndOfLine="false" xmlns:p6="http://www.w3.org/2001/XMLSchema-instance">
            <Range Top="84" Left="1" Bottom="84" Right="1" />
            <Value>TargetSources.Values(Column_1,OthersCheckDetails)</Value>
          </CellDefinition>
          <CellDefinition p6:type="FormulaCellDefinition" CalculationEnabled="true" DataVisible="true" RowHidden="false" EndOfLine="false" xmlns:p6="http://www.w3.org/2001/XMLSchema-instance">
            <Range Top="84" Left="2" Bottom="84" Right="2" />
            <Value>TargetSources.Values(Column_1, Values(DatabaseName, CodeName, CodeTypeName, "Free Text", TargetDatasource, StartDate))</Value>
          </CellDefinition>
          <CellDefinition p6:type="ConstantCellDefinition" CalculationEnabled="true" DataVisible="true" RowHidden="false" EndOfLine="false" xmlns:p6="http://www.w3.org/2001/XMLSchema-instance">
            <Range Top="85" Left="0" Bottom="85" Right="0" />
            <Value xmlns:q25="http://www.w3.org/2001/XMLSchema" p6:type="q25:string">Current Status</Value>
          </CellDefinition>
          <CellDefinition p6:type="FormulaCellDefinition" CalculationEnabled="true" DataVisible="true" RowHidden="false" EndOfLine="false" xmlns:p6="http://www.w3.org/2001/XMLSchema-instance">
            <Range Top="85" Left="1" Bottom="85" Right="1" />
            <Value>TargetSources.Values(Column_1, "Outlier")</Value>
          </CellDefinition>
          <CellDefinition p6:type="FormulaCellDefinition" CalculationEnabled="true" DataVisible="true" RowHidden="false" EndOfLine="false" xmlns:p6="http://www.w3.org/2001/XMLSchema-instance">
            <Range Top="51" Left="2" Bottom="51" Right="2" />
            <Value>ABS((CallTradePrice-CallReferenceValue)/CallTradePrice)</Value>
          </CellDefinition>
          <CellDefinition p6:type="FormulaCellDefinition" CalculationEnabled="true" DataVisible="true" RowHidden="false" EndOfLine="false" xmlns:p6="http://www.w3.org/2001/XMLSchema-instance">
            <Range Top="52" Left="2" Bottom="52" Right="2" />
            <Value>ABS((PutTradePrice-PutReferenceValue)/PutTradePrice)</Value>
          </CellDefinition>
          <CellDefinition p6:type="FormulaCellDefinition" CalculationEnabled="true" DataVisible="true" RowHidden="false" EndOfLine="false" xmlns:p6="http://www.w3.org/2001/XMLSchema-instance">
            <Range Top="44" Left="2" Bottom="44" Right="2" />
            <Value>ABS(CallTradePrice-OthersReferenceValue)*CallQuantity</Value>
          </CellDefinition>
          <CellDefinition p6:type="FormulaCellDefinition" CalculationEnabled="true" DataVisible="true" RowHidden="false" EndOfLine="false" xmlns:p6="http://www.w3.org/2001/XMLSchema-instance">
            <Range Top="45" Left="2" Bottom="45" Right="2" />
            <Value>ABS(PutTradePrice-OthersReferenceValue)*PutQuantity</Value>
          </CellDefinition>
          <CellDefinition p6:type="ConstantCellDefinition" CalculationEnabled="true" DataVisible="true" RowHidden="false" EndOfLine="false" xmlns:p6="http://www.w3.org/2001/XMLSchema-instance">
            <Range Top="88" Left="0" Bottom="88" Right="0" />
            <Value xmlns:q26="http://www.w3.org/2001/XMLSchema" p6:type="q26:string">CalculationAudit</Value>
          </CellDefinition>
          <CellDefinition p6:type="ConstantCellDefinition" CalculationEnabled="true" DataVisible="true" RowHidden="false" EndOfLine="false" xmlns:p6="http://www.w3.org/2001/XMLSchema-instance">
            <Range Top="87" Left="0" Bottom="87" Right="0" />
            <Value xmlns:q27="http://www.w3.org/2001/XMLSchema" p6:type="q27:string">InputAudit</Value>
          </CellDefinition>
          <CellDefinition p6:type="ConstantCellDefinition" CalculationEnabled="true" DataVisible="true" RowHidden="true" EndOfLine="false" xmlns:p6="http://www.w3.org/2001/XMLSchema-instance">
            <Range Top="2" Left="0" Bottom="2" Right="0" />
            <Value xmlns:q28="http://www.w3.org/2001/XMLSchema" p6:type="q28:string">** STANDARD PARAMETERS **</Value>
          </CellDefinition>
          <CellDefinition p6:type="ConstantCellDefinition" CalculationEnabled="true" DataVisible="true" RowHidden="false" EndOfLine="false" xmlns:p6="http://www.w3.org/2001/XMLSchema-instance">
            <Range Top="3" Left="0" Bottom="3" Right="0" />
            <Value xmlns:q29="http://www.w3.org/2001/XMLSchema" p6:type="q29:string">DatabaseName</Value>
          </CellDefinition>
          <CellDefinition p6:type="ConstantCellDefinition" CalculationEnabled="true" DataVisible="true" RowHidden="false" EndOfLine="false" xmlns:p6="http://www.w3.org/2001/XMLSchema-instance">
            <Range Top="4" Left="0" Bottom="4" Right="0" />
            <Value xmlns:q30="http://www.w3.org/2001/XMLSchema" p6:type="q30:string">CodeName</Value>
          </CellDefinition>
          <CellDefinition p6:type="ConstantCellDefinition" CalculationEnabled="true" DataVisible="true" RowHidden="false" EndOfLine="false" xmlns:p6="http://www.w3.org/2001/XMLSchema-instance">
            <Range Top="5" Left="0" Bottom="5" Right="0" />
            <Value xmlns:q31="http://www.w3.org/2001/XMLSchema" p6:type="q31:string">CodeTypeName</Value>
          </CellDefinition>
          <CellDefinition p6:type="ConstantCellDefinition" CalculationEnabled="true" DataVisible="true" RowHidden="false" EndOfLine="false" xmlns:p6="http://www.w3.org/2001/XMLSchema-instance">
            <Range Top="6" Left="0" Bottom="6" Right="0" />
            <Value xmlns:q32="http://www.w3.org/2001/XMLSchema" p6:type="q32:string">TargetProperty</Value>
          </CellDefinition>
          <CellDefinition p6:type="ConstantCellDefinition" CalculationEnabled="true" DataVisible="true" RowHidden="false" EndOfLine="false" xmlns:p6="http://www.w3.org/2001/XMLSchema-instance">
            <Range Top="7" Left="0" Bottom="7" Right="0" />
            <Value xmlns:q33="http://www.w3.org/2001/XMLSchema" p6:type="q33:string">StartDate</Value>
          </CellDefinition>
          <CellDefinition p6:type="ConstantCellDefinition" CalculationEnabled="true" DataVisible="true" RowHidden="false" EndOfLine="false" xmlns:p6="http://www.w3.org/2001/XMLSchema-instance">
            <Range Top="8" Left="0" Bottom="8" Right="0" />
            <Value xmlns:q34="http://www.w3.org/2001/XMLSchema" p6:type="q34:string">EndDate</Value>
          </CellDefinition>
          <CellDefinition p6:type="ConstantCellDefinition" CalculationEnabled="true" DataVisible="true" RowHidden="false" EndOfLine="false" xmlns:p6="http://www.w3.org/2001/XMLSchema-instance">
            <Range Top="9" Left="0" Bottom="9" Right="0" />
            <Value xmlns:q35="http://www.w3.org/2001/XMLSchema" p6:type="q35:string">TargetDatasource</Value>
          </CellDefinition>
          <CellDefinition p6:type="ConstantCellDefinition" CalculationEnabled="true" DataVisible="true" RowHidden="false" EndOfLine="false" xmlns:p6="http://www.w3.org/2001/XMLSchema-instance">
            <Range Top="11" Left="0" Bottom="11" Right="0" />
            <Value xmlns:q36="http://www.w3.org/2001/XMLSchema" p6:type="q36:string">Target Item</Value>
          </CellDefinition>
          <CellDefinition p6:type="ConstantCellDefinition" CalculationEnabled="true" DataVisible="true" RowHidden="true" EndOfLine="false" xmlns:p6="http://www.w3.org/2001/XMLSchema-instance">
            <Range Top="15" Left="0" Bottom="15" Right="0" />
            <Value xmlns:q37="http://www.w3.org/2001/XMLSchema" p6:type="q37:string">*** PROPERTIES ***</Value>
          </CellDefinition>
          <CellDefinition p6:type="ConstantCellDefinition" CalculationEnabled="true" DataVisible="true" RowHidden="false" EndOfLine="false" xmlns:p6="http://www.w3.org/2001/XMLSchema-instance">
            <Range Top="16" Left="0" Bottom="16" Right="0" />
            <Value xmlns:q38="http://www.w3.org/2001/XMLSchema" p6:type="q38:string">Node Department</Value>
          </CellDefinition>
          <CellDefinition p6:type="ConstantCellDefinition" CalculationEnabled="true" DataVisible="true" RowHidden="false" EndOfLine="false" xmlns:p6="http://www.w3.org/2001/XMLSchema-instance">
            <Range Top="17" Left="0" Bottom="17" Right="0" />
            <Value xmlns:q39="http://www.w3.org/2001/XMLSchema" p6:type="q39:string">Calc Method</Value>
          </CellDefinition>
          <CellDefinition p6:type="ConstantCellDefinition" CalculationEnabled="true" DataVisible="true" RowHidden="true" EndOfLine="false" xmlns:p6="http://www.w3.org/2001/XMLSchema-instance">
            <Range Top="34" Left="0" Bottom="34" Right="0" />
            <Value xmlns:q40="http://www.w3.org/2001/XMLSchema" p6:type="q40:string">*** CALCULATIONS ***</Value>
          </CellDefinition>
          <CellDefinition p6:type="ConstantCellDefinition" CalculationEnabled="true" DataVisible="true" RowHidden="true" EndOfLine="false" xmlns:p6="http://www.w3.org/2001/XMLSchema-instance">
            <Range Top="61" Left="0" Bottom="61" Right="0" />
            <Value xmlns:q41="http://www.w3.org/2001/XMLSchema" p6:type="q41:string">*** RESULTS ***</Value>
          </CellDefinition>
          <CellDefinition p6:type="ConstantCellDefinition" CalculationEnabled="true" DataVisible="true" RowHidden="true" EndOfLine="false" xmlns:p6="http://www.w3.org/2001/XMLSchema-instance">
            <Range Top="62" Left="0" Bottom="62" Right="0" />
            <Value xmlns:q42="http://www.w3.org/2001/XMLSchema" p6:type="q42:string">* Emir/Max Update *</Value>
          </CellDefinition>
          <CellDefinition p6:type="ConstantCellDefinition" CalculationEnabled="true" DataVisible="true" RowHidden="true" EndOfLine="false" xmlns:p6="http://www.w3.org/2001/XMLSchema-instance">
            <Range Top="65" Left="0" Bottom="65" Right="0" />
            <Value xmlns:q43="http://www.w3.org/2001/XMLSchema" p6:type="q43:string">* Coupon Payment *</Value>
          </CellDefinition>
          <CellDefinition p6:type="ConstantCellDefinition" CalculationEnabled="true" DataVisible="true" RowHidden="true" EndOfLine="false" xmlns:p6="http://www.w3.org/2001/XMLSchema-instance">
            <Range Top="68" Left="0" Bottom="68" Right="0" />
            <Value xmlns:q44="http://www.w3.org/2001/XMLSchema" p6:type="q44:string">* Auto Call Event/Closing *</Value>
          </CellDefinition>
          <CellDefinition p6:type="ConstantCellDefinition" CalculationEnabled="true" DataVisible="true" RowHidden="false" EndOfLine="false" xmlns:p6="http://www.w3.org/2001/XMLSchema-instance">
            <Range Top="32" Left="0" Bottom="32" Right="0" />
            <Value xmlns:q45="http://www.w3.org/2001/XMLSchema" p6:type="q45:string">Output DataSources</Value>
          </CellDefinition>
          <CellDefinition p6:type="ConstantCellDefinition" CalculationEnabled="true" DataVisible="true" RowHidden="false" EndOfLine="false" xmlns:p6="http://www.w3.org/2001/XMLSchema-instance">
            <Range Top="12" Left="0" Bottom="12" Right="0" />
            <Value xmlns:q46="http://www.w3.org/2001/XMLSchema" p6:type="q46:string">Target Call Item</Value>
          </CellDefinition>
          <CellDefinition p6:type="ConstantCellDefinition" CalculationEnabled="true" DataVisible="true" RowHidden="false" EndOfLine="false" xmlns:p6="http://www.w3.org/2001/XMLSchema-instance">
            <Range Top="13" Left="0" Bottom="13" Right="0" />
            <Value xmlns:q47="http://www.w3.org/2001/XMLSchema" p6:type="q47:string">Target Put Item</Value>
          </CellDefinition>
          <CellDefinition p6:type="ConstantCellDefinition" CalculationEnabled="true" DataVisible="true" RowHidden="true" EndOfLine="false" xmlns:p6="http://www.w3.org/2001/XMLSchema-instance">
            <Range Top="21" Left="0" Bottom="21" Right="0" />
            <Value xmlns:q48="http://www.w3.org/2001/XMLSchema" p6:type="q48:string">** Call **</Value>
          </CellDefinition>
          <CellDefinition p6:type="ConstantCellDefinition" CalculationEnabled="true" DataVisible="true" RowHidden="false" EndOfLine="false" xmlns:p6="http://www.w3.org/2001/XMLSchema-instance">
            <Range Top="22" Left="0" Bottom="22" Right="0" />
            <Value xmlns:q49="http://www.w3.org/2001/XMLSchema" p6:type="q49:string">Call Reference Value</Value>
          </CellDefinition>
          <CellDefinition p6:type="ConstantCellDefinition" CalculationEnabled="true" DataVisible="true" RowHidden="false" EndOfLine="false" xmlns:p6="http://www.w3.org/2001/XMLSchema-instance">
            <Range Top="23" Left="0" Bottom="23" Right="0" />
            <Value xmlns:q50="http://www.w3.org/2001/XMLSchema" p6:type="q50:string">Call Trade Price</Value>
          </CellDefinition>
          <CellDefinition p6:type="ConstantCellDefinition" CalculationEnabled="true" DataVisible="true" RowHidden="false" EndOfLine="false" xmlns:p6="http://www.w3.org/2001/XMLSchema-instance">
            <Range Top="24" Left="0" Bottom="24" Right="0" />
            <Value xmlns:q51="http://www.w3.org/2001/XMLSchema" p6:type="q51:string">Call Quantity</Value>
          </CellDefinition>
          <CellDefinition p6:type="ConstantCellDefinition" CalculationEnabled="true" DataVisible="true" RowHidden="false" EndOfLine="false" xmlns:p6="http://www.w3.org/2001/XMLSchema-instance">
            <Range Top="25" Left="0" Bottom="25" Right="0" />
            <Value xmlns:q52="http://www.w3.org/2001/XMLSchema" p6:type="q52:string">Call Contract Size</Value>
          </CellDefinition>
          <CellDefinition p6:type="ConstantCellDefinition" CalculationEnabled="true" DataVisible="true" RowHidden="true" EndOfLine="false" xmlns:p6="http://www.w3.org/2001/XMLSchema-instance">
            <Range Top="26" Left="0" Bottom="26" Right="0" />
            <Value xmlns:q53="http://www.w3.org/2001/XMLSchema" p6:type="q53:string">** Put **</Value>
          </CellDefinition>
          <CellDefinition p6:type="ConstantCellDefinition" CalculationEnabled="true" DataVisible="true" RowHidden="false" EndOfLine="false" xmlns:p6="http://www.w3.org/2001/XMLSchema-instance">
            <Range Top="27" Left="0" Bottom="27" Right="0" />
            <Value xmlns:q54="http://www.w3.org/2001/XMLSchema" p6:type="q54:string">Put Reference Value</Value>
          </CellDefinition>
          <CellDefinition p6:type="ConstantCellDefinition" CalculationEnabled="true" DataVisible="true" RowHidden="false" EndOfLine="false" xmlns:p6="http://www.w3.org/2001/XMLSchema-instance">
            <Range Top="30" Left="0" Bottom="30" Right="0" />
            <Value xmlns:q55="http://www.w3.org/2001/XMLSchema" p6:type="q55:string">Put Contract Size</Value>
          </CellDefinition>
          <CellDefinition p6:type="ConstantCellDefinition" CalculationEnabled="true" DataVisible="true" RowHidden="false" EndOfLine="false" xmlns:p6="http://www.w3.org/2001/XMLSchema-instance">
            <Range Top="28" Left="0" Bottom="28" Right="0" />
            <Value xmlns:q56="http://www.w3.org/2001/XMLSchema" p6:type="q56:string">Put Trade Price</Value>
          </CellDefinition>
          <CellDefinition p6:type="ConstantCellDefinition" CalculationEnabled="true" DataVisible="true" RowHidden="false" EndOfLine="false" xmlns:p6="http://www.w3.org/2001/XMLSchema-instance">
            <Range Top="29" Left="0" Bottom="29" Right="0" />
            <Value xmlns:q57="http://www.w3.org/2001/XMLSchema" p6:type="q57:string">Put Quantity</Value>
          </CellDefinition>
          <CellDefinition p6:type="ConstantCellDefinition" CalculationEnabled="true" DataVisible="true" RowHidden="false" EndOfLine="false" xmlns:p6="http://www.w3.org/2001/XMLSchema-instance">
            <Range Top="31" Left="0" Bottom="31" Right="0" />
            <Value xmlns:q58="http://www.w3.org/2001/XMLSchema" p6:type="q58:string">Tolerance</Value>
          </CellDefinition>
          <CellDefinition p6:type="ConstantCellDefinition" CalculationEnabled="true" DataVisible="true" RowHidden="false" EndOfLine="false" xmlns:p6="http://www.w3.org/2001/XMLSchema-instance">
            <Range Top="36" Left="0" Bottom="36" Right="0" />
            <Value xmlns:q59="http://www.w3.org/2001/XMLSchema" p6:type="q59:string">Call VuT</Value>
          </CellDefinition>
          <CellDefinition p6:type="ConstantCellDefinition" CalculationEnabled="true" DataVisible="true" RowHidden="false" EndOfLine="false" xmlns:p6="http://www.w3.org/2001/XMLSchema-instance">
            <Range Top="37" Left="0" Bottom="37" Right="0" />
            <Value xmlns:q60="http://www.w3.org/2001/XMLSchema" p6:type="q60:string">Put VuT</Value>
          </CellDefinition>
          <CellDefinition p6:type="ConstantCellDefinition" CalculationEnabled="true" DataVisible="true" RowHidden="false" EndOfLine="false" xmlns:p6="http://www.w3.org/2001/XMLSchema-instance">
            <Range Top="38" Left="0" Bottom="38" Right="0" />
            <Value xmlns:q61="http://www.w3.org/2001/XMLSchema" p6:type="q61:string">Value Under Test </Value>
          </CellDefinition>
          <CellDefinition p6:type="ConstantCellDefinition" CalculationEnabled="true" DataVisible="true" RowHidden="true" EndOfLine="false" xmlns:p6="http://www.w3.org/2001/XMLSchema-instance">
            <Range Top="35" Left="0" Bottom="35" Right="0" />
            <Value xmlns:q62="http://www.w3.org/2001/XMLSchema" p6:type="q62:string">** Auto Call Event/Closing **</Value>
          </CellDefinition>
          <CellDefinition p6:type="ConstantCellDefinition" CalculationEnabled="true" DataVisible="true" RowHidden="false" EndOfLine="false" xmlns:p6="http://www.w3.org/2001/XMLSchema-instance">
            <Range Top="39" Left="0" Bottom="39" Right="0" />
            <Value xmlns:q63="http://www.w3.org/2001/XMLSchema" p6:type="q63:string">Check</Value>
          </CellDefinition>
          <CellDefinition p6:type="ConstantCellDefinition" CalculationEnabled="true" DataVisible="true" RowHidden="false" EndOfLine="false" xmlns:p6="http://www.w3.org/2001/XMLSchema-instance">
            <Range Top="41" Left="0" Bottom="41" Right="0" />
            <Value xmlns:q64="http://www.w3.org/2001/XMLSchema" p6:type="q64:string">Check Details</Value>
          </CellDefinition>
          <CellDefinition p6:type="ConstantCellDefinition" CalculationEnabled="true" DataVisible="true" RowHidden="true" EndOfLine="false" xmlns:p6="http://www.w3.org/2001/XMLSchema-instance">
            <Range Top="50" Left="0" Bottom="50" Right="0" />
            <Value xmlns:q65="http://www.w3.org/2001/XMLSchema" p6:type="q65:string">** Issuing Business **</Value>
          </CellDefinition>
          <CellDefinition p6:type="ConstantCellDefinition" CalculationEnabled="true" DataVisible="true" RowHidden="false" EndOfLine="false" xmlns:p6="http://www.w3.org/2001/XMLSchema-instance">
            <Range Top="51" Left="0" Bottom="51" Right="0" />
            <Value xmlns:q66="http://www.w3.org/2001/XMLSchema" p6:type="q66:string">Call VuT</Value>
          </CellDefinition>
          <CellDefinition p6:type="ConstantCellDefinition" CalculationEnabled="true" DataVisible="true" RowHidden="false" EndOfLine="false" xmlns:p6="http://www.w3.org/2001/XMLSchema-instance">
            <Range Top="52" Left="0" Bottom="52" Right="0" />
            <Value xmlns:q67="http://www.w3.org/2001/XMLSchema" p6:type="q67:string">Put VuT</Value>
          </CellDefinition>
          <CellDefinition p6:type="ConstantCellDefinition" CalculationEnabled="true" DataVisible="true" RowHidden="false" EndOfLine="false" xmlns:p6="http://www.w3.org/2001/XMLSchema-instance">
            <Range Top="53" Left="0" Bottom="53" Right="0" />
            <Value xmlns:q68="http://www.w3.org/2001/XMLSchema" p6:type="q68:string">Value Under Test</Value>
          </CellDefinition>
          <CellDefinition p6:type="ConstantCellDefinition" CalculationEnabled="true" DataVisible="true" RowHidden="false" EndOfLine="false" xmlns:p6="http://www.w3.org/2001/XMLSchema-instance">
            <Range Top="54" Left="0" Bottom="54" Right="0" />
            <Value xmlns:q69="http://www.w3.org/2001/XMLSchema" p6:type="q69:string">Check</Value>
          </CellDefinition>
          <CellDefinition p6:type="ConstantCellDefinition" CalculationEnabled="true" DataVisible="true" RowHidden="false" EndOfLine="false" xmlns:p6="http://www.w3.org/2001/XMLSchema-instance">
            <Range Top="56" Left="0" Bottom="56" Right="0" />
            <Value xmlns:q70="http://www.w3.org/2001/XMLSchema" p6:type="q70:string">Check Details</Value>
          </CellDefinition>
          <CellDefinition p6:type="ConstantCellDefinition" CalculationEnabled="true" DataVisible="true" RowHidden="false" EndOfLine="false" xmlns:p6="http://www.w3.org/2001/XMLSchema-instance">
            <Range Top="40" Left="0" Bottom="40" Right="0" />
            <Value xmlns:q71="http://www.w3.org/2001/XMLSchema" p6:type="q71:string">Difference</Value>
          </CellDefinition>
          <CellDefinition p6:type="ConstantCellDefinition" CalculationEnabled="true" DataVisible="true" RowHidden="false" EndOfLine="false" xmlns:p6="http://www.w3.org/2001/XMLSchema-instance">
            <Range Top="55" Left="0" Bottom="55" Right="0" />
            <Value xmlns:q72="http://www.w3.org/2001/XMLSchema" p6:type="q72:string">Difference</Value>
          </CellDefinition>
          <CellDefinition p6:type="ConstantCellDefinition" CalculationEnabled="true" DataVisible="true" RowHidden="true" EndOfLine="false" xmlns:p6="http://www.w3.org/2001/XMLSchema-instance">
            <Range Top="74" Left="0" Bottom="74" Right="0" />
            <Value xmlns:q73="http://www.w3.org/2001/XMLSchema" p6:type="q73:string">* Issuing Business *</Value>
          </CellDefinition>
          <CellDefinition p6:type="ConstantCellDefinition" CalculationEnabled="true" DataVisible="true" RowHidden="true" EndOfLine="false" xmlns:p6="http://www.w3.org/2001/XMLSchema-instance">
            <Range Top="58" Left="0" Bottom="58" Right="0" />
            <Value xmlns:q74="http://www.w3.org/2001/XMLSchema" p6:type="q74:string">** Data Inputs **</Value>
          </CellDefinition>
          <CellDefinition p6:type="ConstantCellDefinition" CalculationEnabled="true" DataVisible="true" RowHidden="false" EndOfLine="false" xmlns:p6="http://www.w3.org/2001/XMLSchema-instance">
            <Range Top="59" Left="0" Bottom="59" Right="0" />
            <Value xmlns:q75="http://www.w3.org/2001/XMLSchema" p6:type="q75:string">Data Inputs</Value>
          </CellDefinition>
          <CellDefinition p6:type="ConstantCellDefinition" CalculationEnabled="true" DataVisible="true" RowHidden="false" EndOfLine="false" xmlns:p6="http://www.w3.org/2001/XMLSchema-instance">
            <Range Top="18" Left="0" Bottom="18" Right="0" />
            <Value xmlns:q76="http://www.w3.org/2001/XMLSchema" p6:type="q76:string">Instrument</Value>
          </CellDefinition>
          <CellDefinition p6:type="ConstantCellDefinition" CalculationEnabled="true" DataVisible="true" RowHidden="false" EndOfLine="false" xmlns:p6="http://www.w3.org/2001/XMLSchema-instance">
            <Range Top="19" Left="0" Bottom="19" Right="0" />
            <Value xmlns:q77="http://www.w3.org/2001/XMLSchema" p6:type="q77:string">Portfolio</Value>
          </CellDefinition>
          <CellDefinition p6:type="ConstantCellDefinition" CalculationEnabled="true" DataVisible="true" RowHidden="true" EndOfLine="false" xmlns:p6="http://www.w3.org/2001/XMLSchema-instance">
            <Range Top="80" Left="0" Bottom="80" Right="0" />
            <Value xmlns:q78="http://www.w3.org/2001/XMLSchema" p6:type="q78:string">*Other*</Value>
          </CellDefinition>
          <CellDefinition p6:type="ConstantCellDefinition" CalculationEnabled="true" DataVisible="true" RowHidden="true" EndOfLine="false" xmlns:p6="http://www.w3.org/2001/XMLSchema-instance">
            <Range Top="43" Left="0" Bottom="43" Right="0" />
            <Value xmlns:q79="http://www.w3.org/2001/XMLSchema" p6:type="q79:string">** Others **</Value>
          </CellDefinition>
          <CellDefinition p6:type="ConstantCellDefinition" CalculationEnabled="true" DataVisible="true" RowHidden="false" EndOfLine="false" xmlns:p6="http://www.w3.org/2001/XMLSchema-instance">
            <Range Top="44" Left="0" Bottom="44" Right="0" />
            <Value xmlns:q80="http://www.w3.org/2001/XMLSchema" p6:type="q80:string">Call VuT</Value>
          </CellDefinition>
          <CellDefinition p6:type="ConstantCellDefinition" CalculationEnabled="true" DataVisible="true" RowHidden="false" EndOfLine="false" xmlns:p6="http://www.w3.org/2001/XMLSchema-instance">
            <Range Top="45" Left="0" Bottom="45" Right="0" />
            <Value xmlns:q81="http://www.w3.org/2001/XMLSchema" p6:type="q81:string">Put VuT</Value>
          </CellDefinition>
          <CellDefinition p6:type="ConstantCellDefinition" CalculationEnabled="true" DataVisible="true" RowHidden="false" EndOfLine="false" xmlns:p6="http://www.w3.org/2001/XMLSchema-instance">
            <Range Top="46" Left="0" Bottom="46" Right="0" />
            <Value xmlns:q82="http://www.w3.org/2001/XMLSchema" p6:type="q82:string">Value Under Test </Value>
          </CellDefinition>
          <CellDefinition p6:type="ConstantCellDefinition" CalculationEnabled="true" DataVisible="true" RowHidden="false" EndOfLine="false" xmlns:p6="http://www.w3.org/2001/XMLSchema-instance">
            <Range Top="20" Left="0" Bottom="20" Right="0" />
            <Value xmlns:q83="http://www.w3.org/2001/XMLSchema" p6:type="q83:string">Reference Value</Value>
          </CellDefinition>
          <CellDefinition p6:type="ConstantCellDefinition" CalculationEnabled="true" DataVisible="true" RowHidden="false" EndOfLine="false" xmlns:p6="http://www.w3.org/2001/XMLSchema-instance">
            <Range Top="47" Left="0" Bottom="47" Right="0" />
            <Value xmlns:q84="http://www.w3.org/2001/XMLSchema" p6:type="q84:string">Check Details</Value>
          </CellDefinition>
          <CellDefinition p6:type="FormulaCellDefinition" CalculationEnabled="true" DataVisible="true" RowHidden="false" EndOfLine="false" xmlns:p6="http://www.w3.org/2001/XMLSchema-instance">
            <Range Top="47" Left="2" Bottom="47" Right="2" />
            <Value>Values(
Values("Call",Values(Values("Trade Price","Reference Price Call","Quantity","Value Under Test", "Check"), Values(CallTradePrice,CallReferenceValue,CallQuantity,AutoCallVuT,"ABS(Trade Price - Reference Price)*Quantity")).TRANSPOSE()), 
Values("Put", Values(Values("Trade Price","Reference Price Put","Quantity", "Value Under Test", "Check"), Values(PutTradePrice,PutReferenceValue,PutQuantity,AutoPutVuT,"ABS(Trade Price - Reference Price)*Quantity")).TRANSPOSE()),
Values("Total", Values(Values("Sum of Values Under Test", "Tolerance", "Status", "Difference", "Check"), Values(AutoVuT,Tolerance,AutoCheck,AutoDifference,"ABS(VuT Call + VuT Put) &lt;= Tolerance")).TRANSPOSE()),
Values().TRANSPOSE(),
Values(Values("Instrument", "", "Portfolio"),Values(Instrument, NULL, Portfolio)).TRANSPOSE()).TRANSPOSE().FLATTEN()</Value>
          </CellDefinition>
          <CellDefinition p6:type="ConstantCellDefinition" CalculationEnabled="true" DataVisible="true" RowHidden="false" EndOfLine="false" xmlns:p6="http://www.w3.org/2001/XMLSchema-instance">
            <Range Top="48" Left="0" Bottom="48" Right="0" />
            <Value xmlns:q85="http://www.w3.org/2001/XMLSchema" p6:type="q85:string">Trade Price</Value>
          </CellDefinition>
        </Cells>
      </Xenomorph.Generic.Formula>
    </Property>
  </Item>
</Category>
