<?xml version="1.0"?>
<Category ItemCount="1" Name="Import">
  <Item PropertyCount="4" Description=".\murex\ipv\IPV_CRD_OPT_*.csv" CodeType="Import" Code="Import Murex IPV Credit Options" Database="\\SITSERVER\PUBLIC_GOLD">
    <Property Name="Entity" Static="true" MultiSourced="false" DataType="ItemRef">
      <Xenomorph.Generic.ItemRef database="\\SITSERVER\PUBLIC_GOLD" code="MCC IPV" codeType="Entity" />
    </Property>
    <Property Name="Files" Static="true" MultiSourced="false" DataType="List">
      <Xenomorph.Generic.List>
        <columnDefinitions>
          <columnDefinition index="1" type="System.String" header="Name" />
          <columnDefinition index="2" type="System.Object, mscorlib, Version=4.0.0.0, Culture=neutral, PublicKeyToken=b77a5c561934e089" header="Value" />
        </columnDefinitions>
        <rows>
          <row index="1">
            <col index="1">
              <string>InputFilePath</string>
            </col>
            <col index="2">
              <anyType xmlns:q1="http://www.w3.org/2001/XMLSchema" p9:type="q1:string" xmlns:p9="http://www.w3.org/2001/XMLSchema-instance">D:\Data\Interfaces\Murex\ipv</anyType>
            </col>
          </row>
          <row index="2">
            <col index="1">
              <string>InputFileSpec</string>
            </col>
            <col index="2">
              <anyType xmlns:q1="http://www.w3.org/2001/XMLSchema" p9:type="q1:string" xmlns:p9="http://www.w3.org/2001/XMLSchema-instance">"IPV_CRD_OPT_" + Value(%RunDate%).ToString("yyyyMMdd") + ".csv"</anyType>
            </col>
          </row>
          <row index="3">
            <col index="1">
              <string>FileWatchInSeconds</string>
            </col>
            <col index="2">
              <anyType xmlns:q1="http://www.w3.org/2001/XMLSchema" p9:type="q1:int" xmlns:p9="http://www.w3.org/2001/XMLSchema-instance">0</anyType>
            </col>
          </row>
          <row index="4">
            <col index="1">
              <string>FileRowLimitForTesting</string>
            </col>
            <col index="2">
              <anyType xmlns:q1="http://www.w3.org/2001/XMLSchema" p9:type="q1:int" xmlns:p9="http://www.w3.org/2001/XMLSchema-instance">-1</anyType>
            </col>
          </row>
          <row index="5">
            <col index="1">
              <string>LogFilePath</string>
            </col>
            <col index="2">
              <anyType xmlns:q1="http://www.w3.org/2001/XMLSchema" p9:type="q1:string" xmlns:p9="http://www.w3.org/2001/XMLSchema-instance">D:\Data\Logs</anyType>
            </col>
          </row>
          <row index="6">
            <col index="1">
              <string>LogFilePrefix</string>
            </col>
            <col index="2">
              <anyType xmlns:q1="http://www.w3.org/2001/XMLSchema" p9:type="q1:string" xmlns:p9="http://www.w3.org/2001/XMLSchema-instance">IPV_CRD_OPT</anyType>
            </col>
          </row>
          <row index="7">
            <col index="1">
              <string>MoveInputFileAfterProcessing</string>
            </col>
            <col index="2">
              <anyType xmlns:q1="http://www.w3.org/2001/XMLSchema" p9:type="q1:boolean" xmlns:p9="http://www.w3.org/2001/XMLSchema-instance">true</anyType>
            </col>
          </row>
          <row index="8">
            <col index="1">
              <string>ProcessedFilePath</string>
            </col>
            <col index="2">
              <anyType xmlns:q1="http://www.w3.org/2001/XMLSchema" p9:type="q1:string" xmlns:p9="http://www.w3.org/2001/XMLSchema-instance">D:\Data\Interfaces\Murex\ipv\Processed</anyType>
            </col>
          </row>
          <row index="9">
            <col index="1">
              <string>RejectedFilePath</string>
            </col>
            <col index="2">
              <anyType xmlns:q1="http://www.w3.org/2001/XMLSchema" p9:type="q1:string" xmlns:p9="http://www.w3.org/2001/XMLSchema-instance">D:\Data\Interfaces\Murex\ipv\RejectedRows</anyType>
            </col>
          </row>
          <row index="10">
            <col index="1">
              <string>RowsInHeader</string>
            </col>
            <col index="2">
              <anyType xmlns:q1="http://www.w3.org/2001/XMLSchema" p9:type="q1:int" xmlns:p9="http://www.w3.org/2001/XMLSchema-instance">1</anyType>
            </col>
          </row>
          <row index="11">
            <col index="1">
              <string>StartOfData</string>
            </col>
            <col index="2">
              <anyType xmlns:q1="http://www.w3.org/2001/XMLSchema" p9:type="q1:string" xmlns:p9="http://www.w3.org/2001/XMLSchema-instance">
              </anyType>
            </col>
          </row>
          <row index="12">
            <col index="1">
              <string>EndOfData</string>
            </col>
            <col index="2">
              <anyType xmlns:q1="http://www.w3.org/2001/XMLSchema" p9:type="q1:string" xmlns:p9="http://www.w3.org/2001/XMLSchema-instance">
              </anyType>
            </col>
          </row>
          <row index="13">
            <col index="1">
              <string>ColumnDelimiter</string>
            </col>
            <col index="2">
              <anyType xmlns:q1="http://www.w3.org/2001/XMLSchema" p9:type="q1:string" xmlns:p9="http://www.w3.org/2001/XMLSchema-instance">|</anyType>
            </col>
          </row>
          <row index="14">
            <col index="1">
              <string>TextQualifier</string>
            </col>
            <col index="2">
              <anyType xmlns:q1="http://www.w3.org/2001/XMLSchema" p9:type="q1:string" xmlns:p9="http://www.w3.org/2001/XMLSchema-instance">
              </anyType>
            </col>
          </row>
          <row index="15">
            <col index="1">
              <string>EncodingCodePage</string>
            </col>
            <col index="2">
              <anyType xmlns:q1="http://www.w3.org/2001/XMLSchema" p9:type="q1:int" xmlns:p9="http://www.w3.org/2001/XMLSchema-instance">28591</anyType>
            </col>
          </row>
        </rows>
      </Xenomorph.Generic.List>
    </Property>
    <Property Name="Property Mappings" Static="true" MultiSourced="false" DataType="List">
      <Xenomorph.Generic.List>
        <columnDefinitions>
          <columnDefinition index="1" type="System.Boolean" header="Enabled" />
          <columnDefinition index="2" type="System.Int32" header="SourceColumnNumber" />
          <columnDefinition index="3" type="System.String" header="DestinationProperty" />
          <columnDefinition index="4" type="System.String" header="NoDataToken" />
          <columnDefinition index="5" type="System.String" header="RefDatabase" />
          <columnDefinition index="6" type="System.String" header="RefCodeType" />
          <columnDefinition index="7" type="Xenomorph.Generic.List, Xenomorph.Generic, Version=5.0.4000.0, Culture=neutral, PublicKeyToken=2adfa95c2785233e" header="Attributes" />
        </columnDefinitions>
        <rows>
          <row index="1">
            <col index="1">
              <boolean>true</boolean>
            </col>
            <col index="2">
              <int>1</int>
            </col>
            <col index="3">
              <string>MX_LABEL</string>
            </col>
            <col index="4">
              <string p8:nil="true" xmlns:p8="http://www.w3.org/2001/XMLSchema-instance" />
            </col>
            <col index="5">
              <string p8:nil="true" xmlns:p8="http://www.w3.org/2001/XMLSchema-instance" />
            </col>
            <col index="6">
              <string p8:nil="true" xmlns:p8="http://www.w3.org/2001/XMLSchema-instance" />
            </col>
            <col index="7">
              <Xenomorph.Generic.List p8:nil="true" xmlns:p8="http://www.w3.org/2001/XMLSchema-instance" />
            </col>
          </row>
          <row index="2">
            <col index="1">
              <boolean>true</boolean>
            </col>
            <col index="2">
              <int>2</int>
            </col>
            <col index="3">
              <string>MX_ISSUER</string>
            </col>
            <col index="4">
              <string p8:nil="true" xmlns:p8="http://www.w3.org/2001/XMLSchema-instance" />
            </col>
            <col index="5">
              <string p8:nil="true" xmlns:p8="http://www.w3.org/2001/XMLSchema-instance" />
            </col>
            <col index="6">
              <string p8:nil="true" xmlns:p8="http://www.w3.org/2001/XMLSchema-instance" />
            </col>
            <col index="7">
              <Xenomorph.Generic.List p8:nil="true" xmlns:p8="http://www.w3.org/2001/XMLSchema-instance" />
            </col>
          </row>
          <row index="3">
            <col index="1">
              <boolean>true</boolean>
            </col>
            <col index="2">
              <int>3</int>
            </col>
            <col index="3">
              <string>M_SENIORITY</string>
            </col>
            <col index="4">
              <string p8:nil="true" xmlns:p8="http://www.w3.org/2001/XMLSchema-instance" />
            </col>
            <col index="5">
              <string p8:nil="true" xmlns:p8="http://www.w3.org/2001/XMLSchema-instance" />
            </col>
            <col index="6">
              <string p8:nil="true" xmlns:p8="http://www.w3.org/2001/XMLSchema-instance" />
            </col>
            <col index="7">
              <Xenomorph.Generic.List p8:nil="true" xmlns:p8="http://www.w3.org/2001/XMLSchema-instance" />
            </col>
          </row>
          <row index="4">
            <col index="1">
              <boolean>true</boolean>
            </col>
            <col index="2">
              <int>4</int>
            </col>
            <col index="3">
              <string>M_STRIKE</string>
            </col>
            <col index="4">
              <string p8:nil="true" xmlns:p8="http://www.w3.org/2001/XMLSchema-instance" />
            </col>
            <col index="5">
              <string p8:nil="true" xmlns:p8="http://www.w3.org/2001/XMLSchema-instance" />
            </col>
            <col index="6">
              <string p8:nil="true" xmlns:p8="http://www.w3.org/2001/XMLSchema-instance" />
            </col>
            <col index="7">
              <Xenomorph.Generic.List p8:nil="true" xmlns:p8="http://www.w3.org/2001/XMLSchema-instance" />
            </col>
          </row>
          <row index="5">
            <col index="1">
              <boolean>true</boolean>
            </col>
            <col index="2">
              <int>5</int>
            </col>
            <col index="3">
              <string>M_REFVAL</string>
            </col>
            <col index="4">
              <string p8:nil="true" xmlns:p8="http://www.w3.org/2001/XMLSchema-instance" />
            </col>
            <col index="5">
              <string p8:nil="true" xmlns:p8="http://www.w3.org/2001/XMLSchema-instance" />
            </col>
            <col index="6">
              <string p8:nil="true" xmlns:p8="http://www.w3.org/2001/XMLSchema-instance" />
            </col>
            <col index="7">
              <Xenomorph.Generic.List p8:nil="true" xmlns:p8="http://www.w3.org/2001/XMLSchema-instance" />
            </col>
          </row>
          <row index="6">
            <col index="1">
              <boolean>true</boolean>
            </col>
            <col index="2">
              <int>6</int>
            </col>
            <col index="3">
              <string>M_SPREAD</string>
            </col>
            <col index="4">
              <string p8:nil="true" xmlns:p8="http://www.w3.org/2001/XMLSchema-instance" />
            </col>
            <col index="5">
              <string p8:nil="true" xmlns:p8="http://www.w3.org/2001/XMLSchema-instance" />
            </col>
            <col index="6">
              <string p8:nil="true" xmlns:p8="http://www.w3.org/2001/XMLSchema-instance" />
            </col>
            <col index="7">
              <Xenomorph.Generic.List p8:nil="true" xmlns:p8="http://www.w3.org/2001/XMLSchema-instance" />
            </col>
          </row>
          <row index="7">
            <col index="1">
              <boolean>true</boolean>
            </col>
            <col index="2">
              <int>7</int>
            </col>
            <col index="3">
              <string>M_NBPOINTS</string>
            </col>
            <col index="4">
              <string p8:nil="true" xmlns:p8="http://www.w3.org/2001/XMLSchema-instance" />
            </col>
            <col index="5">
              <string p8:nil="true" xmlns:p8="http://www.w3.org/2001/XMLSchema-instance" />
            </col>
            <col index="6">
              <string p8:nil="true" xmlns:p8="http://www.w3.org/2001/XMLSchema-instance" />
            </col>
            <col index="7">
              <Xenomorph.Generic.List p8:nil="true" xmlns:p8="http://www.w3.org/2001/XMLSchema-instance" />
            </col>
          </row>
          <row index="8">
            <col index="1">
              <boolean>true</boolean>
            </col>
            <col index="2">
              <int>8</int>
            </col>
            <col index="3">
              <string>M_CALLBID</string>
            </col>
            <col index="4">
              <string p8:nil="true" xmlns:p8="http://www.w3.org/2001/XMLSchema-instance" />
            </col>
            <col index="5">
              <string p8:nil="true" xmlns:p8="http://www.w3.org/2001/XMLSchema-instance" />
            </col>
            <col index="6">
              <string p8:nil="true" xmlns:p8="http://www.w3.org/2001/XMLSchema-instance" />
            </col>
            <col index="7">
              <Xenomorph.Generic.List p8:nil="true" xmlns:p8="http://www.w3.org/2001/XMLSchema-instance" />
            </col>
          </row>
          <row index="9">
            <col index="1">
              <boolean>true</boolean>
            </col>
            <col index="2">
              <int>9</int>
            </col>
            <col index="3">
              <string>M_LABEL</string>
            </col>
            <col index="4">
              <string p8:nil="true" xmlns:p8="http://www.w3.org/2001/XMLSchema-instance" />
            </col>
            <col index="5">
              <string p8:nil="true" xmlns:p8="http://www.w3.org/2001/XMLSchema-instance" />
            </col>
            <col index="6">
              <string p8:nil="true" xmlns:p8="http://www.w3.org/2001/XMLSchema-instance" />
            </col>
            <col index="7">
              <Xenomorph.Generic.List p8:nil="true" xmlns:p8="http://www.w3.org/2001/XMLSchema-instance" />
            </col>
          </row>
          <row index="10">
            <col index="1">
              <boolean>true</boolean>
            </col>
            <col index="2">
              <int>10</int>
            </col>
            <col index="3">
              <string>M_MAT</string>
            </col>
            <col index="4">
              <string p8:nil="true" xmlns:p8="http://www.w3.org/2001/XMLSchema-instance" />
            </col>
            <col index="5">
              <string p8:nil="true" xmlns:p8="http://www.w3.org/2001/XMLSchema-instance" />
            </col>
            <col index="6">
              <string p8:nil="true" xmlns:p8="http://www.w3.org/2001/XMLSchema-instance" />
            </col>
            <col index="7">
              <Xenomorph.Generic.List p8:nil="true" xmlns:p8="http://www.w3.org/2001/XMLSchema-instance" />
            </col>
          </row>
          <row index="11">
            <col index="1">
              <boolean>true</boolean>
            </col>
            <col index="2">
              <int>11</int>
            </col>
            <col index="3">
              <string>M_INSTRUM</string>
            </col>
            <col index="4">
              <string p8:nil="true" xmlns:p8="http://www.w3.org/2001/XMLSchema-instance" />
            </col>
            <col index="5">
              <string p8:nil="true" xmlns:p8="http://www.w3.org/2001/XMLSchema-instance" />
            </col>
            <col index="6">
              <string p8:nil="true" xmlns:p8="http://www.w3.org/2001/XMLSchema-instance" />
            </col>
            <col index="7">
              <Xenomorph.Generic.List p8:nil="true" xmlns:p8="http://www.w3.org/2001/XMLSchema-instance" />
            </col>
          </row>
          <row index="12">
            <col index="1">
              <boolean>true</boolean>
            </col>
            <col index="2">
              <int>12</int>
            </col>
            <col index="3">
              <string>M_MATCOD</string>
            </col>
            <col index="4">
              <string p8:nil="true" xmlns:p8="http://www.w3.org/2001/XMLSchema-instance" />
            </col>
            <col index="5">
              <string p8:nil="true" xmlns:p8="http://www.w3.org/2001/XMLSchema-instance" />
            </col>
            <col index="6">
              <string p8:nil="true" xmlns:p8="http://www.w3.org/2001/XMLSchema-instance" />
            </col>
            <col index="7">
              <Xenomorph.Generic.List p8:nil="true" xmlns:p8="http://www.w3.org/2001/XMLSchema-instance" />
            </col>
          </row>
          <row index="13">
            <col index="1">
              <boolean>true</boolean>
            </col>
            <col index="2">
              <int>13</int>
            </col>
            <col index="3">
              <string>M_MARKET</string>
            </col>
            <col index="4">
              <string p8:nil="true" xmlns:p8="http://www.w3.org/2001/XMLSchema-instance" />
            </col>
            <col index="5">
              <string p8:nil="true" xmlns:p8="http://www.w3.org/2001/XMLSchema-instance" />
            </col>
            <col index="6">
              <string p8:nil="true" xmlns:p8="http://www.w3.org/2001/XMLSchema-instance" />
            </col>
            <col index="7">
              <Xenomorph.Generic.List p8:nil="true" xmlns:p8="http://www.w3.org/2001/XMLSchema-instance" />
            </col>
          </row>
        </rows>
      </Xenomorph.Generic.List>
    </Property>
    <Property Name="Target Mappings" Static="true" MultiSourced="false" DataType="List">
      <Xenomorph.Generic.List>
        <columnDefinitions>
          <columnDefinition index="1" type="System.String" header="Name" />
          <columnDefinition index="2" type="System.Object, mscorlib, Version=4.0.0.0, Culture=neutral, PublicKeyToken=b77a5c561934e089" header="Value" />
        </columnDefinitions>
        <rows>
          <row index="1">
            <col index="1">
              <string>DeltaLoadEnabled</string>
            </col>
            <col index="2">
              <anyType xmlns:q1="http://www.w3.org/2001/XMLSchema" p9:type="q1:boolean" xmlns:p9="http://www.w3.org/2001/XMLSchema-instance">false</anyType>
            </col>
          </row>
          <row index="2">
            <col index="1">
              <string>DeltaLoadHistoric</string>
            </col>
            <col index="2">
              <anyType xmlns:q1="http://www.w3.org/2001/XMLSchema" p9:type="q1:boolean" xmlns:p9="http://www.w3.org/2001/XMLSchema-instance">false</anyType>
            </col>
          </row>
          <row index="3">
            <col index="1">
              <string>DeltaLoadProperty</string>
            </col>
            <col index="2">
              <anyType xmlns:q1="http://www.w3.org/2001/XMLSchema" p9:type="q1:string" xmlns:p9="http://www.w3.org/2001/XMLSchema-instance">
              </anyType>
            </col>
          </row>
          <row index="4">
            <col index="1">
              <string>DeltaLoadSource</string>
            </col>
            <col index="2">
              <anyType xmlns:q1="http://www.w3.org/2001/XMLSchema" p9:type="q1:string" xmlns:p9="http://www.w3.org/2001/XMLSchema-instance">
              </anyType>
            </col>
          </row>
          <row index="5">
            <col index="1">
              <string>TargetCategory</string>
            </col>
            <col index="2">
              <anyType xmlns:q1="http://www.w3.org/2001/XMLSchema" p9:type="q1:string" xmlns:p9="http://www.w3.org/2001/XMLSchema-instance">Murex IPV Credit Options</anyType>
            </col>
          </row>
          <row index="6">
            <col index="1">
              <string>TargetCategoryColumn</string>
            </col>
            <col index="2">
              <anyType xmlns:q1="http://www.w3.org/2001/XMLSchema" p9:type="q1:int" xmlns:p9="http://www.w3.org/2001/XMLSchema-instance">-1</anyType>
            </col>
          </row>
          <row index="7">
            <col index="1">
              <string>CodeColumn</string>
            </col>
            <col index="2">
              <anyType xmlns:q1="http://www.w3.org/2001/XMLSchema" p9:type="q1:int" xmlns:p9="http://www.w3.org/2001/XMLSchema-instance">-1</anyType>
            </col>
          </row>
          <row index="8">
            <col index="1">
              <string>SuffixedCodeFormat</string>
            </col>
            <col index="2">
              <anyType xmlns:q1="http://www.w3.org/2001/XMLSchema" p9:type="q1:string" xmlns:p9="http://www.w3.org/2001/XMLSchema-instance">{2}_{4}</anyType>
            </col>
          </row>
          <row index="9">
            <col index="1">
              <string>CodeType</string>
            </col>
            <col index="2">
              <anyType xmlns:q1="http://www.w3.org/2001/XMLSchema" p9:type="q1:string" xmlns:p9="http://www.w3.org/2001/XMLSchema-instance">Murex Credit Option</anyType>
            </col>
          </row>
          <row index="10">
            <col index="1">
              <string>CodeTypeColumn</string>
            </col>
            <col index="2">
              <anyType xmlns:q1="http://www.w3.org/2001/XMLSchema" p9:type="q1:int" xmlns:p9="http://www.w3.org/2001/XMLSchema-instance">-1</anyType>
            </col>
          </row>
          <row index="11">
            <col index="1">
              <string>AdditionalCodeCol</string>
            </col>
            <col index="2">
              <anyType xmlns:q1="http://www.w3.org/2001/XMLSchema" p9:type="q1:int" xmlns:p9="http://www.w3.org/2001/XMLSchema-instance">-1</anyType>
            </col>
          </row>
          <row index="12">
            <col index="1">
              <string>AdditionalSuffixedCodeFormat</string>
            </col>
            <col index="2">
              <anyType xmlns:q1="http://www.w3.org/2001/XMLSchema" p9:type="q1:string" xmlns:p9="http://www.w3.org/2001/XMLSchema-instance">
              </anyType>
            </col>
          </row>
          <row index="13">
            <col index="1">
              <string>AdditionalCodeType</string>
            </col>
            <col index="2">
              <anyType xmlns:q1="http://www.w3.org/2001/XMLSchema" p9:type="q1:string" xmlns:p9="http://www.w3.org/2001/XMLSchema-instance">
              </anyType>
            </col>
          </row>
          <row index="14">
            <col index="1">
              <string>AdditionalCodeTypeCol</string>
            </col>
            <col index="2">
              <anyType xmlns:q1="http://www.w3.org/2001/XMLSchema" p9:type="q1:int" xmlns:p9="http://www.w3.org/2001/XMLSchema-instance">-1</anyType>
            </col>
          </row>
          <row index="15">
            <col index="1">
              <string>TargetDataSource</string>
            </col>
            <col index="2">
              <anyType xmlns:q1="http://www.w3.org/2001/XMLSchema" p9:type="q1:string" xmlns:p9="http://www.w3.org/2001/XMLSchema-instance">Murex</anyType>
            </col>
          </row>
          <row index="16">
            <col index="1">
              <string>TargetDataSourceColumn</string>
            </col>
            <col index="2">
              <anyType xmlns:q1="http://www.w3.org/2001/XMLSchema" p9:type="q1:int" xmlns:p9="http://www.w3.org/2001/XMLSchema-instance">-1</anyType>
            </col>
          </row>
          <row index="17">
            <col index="1">
              <string>SaveDate</string>
            </col>
            <col index="2">
              <anyType xmlns:q1="http://www.w3.org/2001/XMLSchema" p9:type="q1:string" xmlns:p9="http://www.w3.org/2001/XMLSchema-instance">
              </anyType>
            </col>
          </row>
          <row index="18">
            <col index="1">
              <string>SaveDateColumn</string>
            </col>
            <col index="2">
              <anyType xmlns:q1="http://www.w3.org/2001/XMLSchema" p9:type="q1:int" xmlns:p9="http://www.w3.org/2001/XMLSchema-instance">0</anyType>
            </col>
          </row>
          <row index="19">
            <col index="1">
              <string>SaveDateFormat</string>
            </col>
            <col index="2">
              <anyType xmlns:q1="http://www.w3.org/2001/XMLSchema" p9:type="q1:string" xmlns:p9="http://www.w3.org/2001/XMLSchema-instance">yyyyMMdd</anyType>
            </col>
          </row>
        </rows>
      </Xenomorph.Generic.List>
    </Property>
  </Item>
</Category>
