<?xml version="1.0"?>
<Category ItemCount="1" Name="Mapping Tables">
  <Item PropertyCount="1" Description="Murex RATE_CONV to Xenomorph Basis Lookup" CodeType="Mapping Table" Code="RATE_CONV BASIS" Database="\\SITSERVER\PUBLIC_GOLD">
    <Property Name="Table" Static="true" MultiSourced="true" DataType="List">
      <DataSource Name="Internal">
        <Xenomorph.Generic.List>
          <columnDefinitions>
            <columnDefinition index="1" type="System.Object, mscorlib, Version=4.0.0.0, Culture=neutral, PublicKeyToken=b77a5c561934e089" header="" />
            <columnDefinition index="2" type="System.Object, mscorlib, Version=4.0.0.0, Culture=neutral, PublicKeyToken=b77a5c561934e089" header="" />
          </columnDefinitions>
          <rows>
            <row index="1">
              <col index="1">
                <anyType xmlns:q1="http://www.w3.org/2001/XMLSchema" p10:type="q1:string" xmlns:p10="http://www.w3.org/2001/XMLSchema-instance">RATE_CONV</anyType>
              </col>
              <col index="2">
                <anyType xmlns:q1="http://www.w3.org/2001/XMLSchema" p10:type="q1:string" xmlns:p10="http://www.w3.org/2001/XMLSchema-instance">Basis</anyType>
              </col>
            </row>
            <row index="2">
              <col index="1">
                <anyType xmlns:q1="http://www.w3.org/2001/XMLSchema" p10:type="q1:string" xmlns:p10="http://www.w3.org/2001/XMLSchema-instance">LIN 30/360</anyType>
              </col>
              <col index="2">
                <anyType xmlns:q1="http://www.w3.org/2001/XMLSchema" p10:type="q1:string" xmlns:p10="http://www.w3.org/2001/XMLSchema-instance">30/360</anyType>
              </col>
            </row>
            <row index="3">
              <col index="1">
                <anyType xmlns:q1="http://www.w3.org/2001/XMLSchema" p10:type="q1:string" xmlns:p10="http://www.w3.org/2001/XMLSchema-instance">LIN 30/360 QTR</anyType>
              </col>
              <col index="2">
                <anyType xmlns:q1="http://www.w3.org/2001/XMLSchema" p10:type="q1:string" xmlns:p10="http://www.w3.org/2001/XMLSchema-instance">30/360</anyType>
              </col>
            </row>
            <row index="4">
              <col index="1">
                <anyType xmlns:q1="http://www.w3.org/2001/XMLSchema" p10:type="q1:string" xmlns:p10="http://www.w3.org/2001/XMLSchema-instance">LIN 30/360 SA</anyType>
              </col>
              <col index="2">
                <anyType xmlns:q1="http://www.w3.org/2001/XMLSchema" p10:type="q1:string" xmlns:p10="http://www.w3.org/2001/XMLSchema-instance">30/360</anyType>
              </col>
            </row>
            <row index="5">
              <col index="1">
                <anyType xmlns:q1="http://www.w3.org/2001/XMLSchema" p10:type="q1:string" xmlns:p10="http://www.w3.org/2001/XMLSchema-instance">LIN 30E/360</anyType>
              </col>
              <col index="2">
                <anyType xmlns:q1="http://www.w3.org/2001/XMLSchema" p10:type="q1:string" xmlns:p10="http://www.w3.org/2001/XMLSchema-instance">30E/360</anyType>
              </col>
            </row>
            <row index="6">
              <col index="1">
                <anyType xmlns:q1="http://www.w3.org/2001/XMLSchema" p10:type="q1:string" xmlns:p10="http://www.w3.org/2001/XMLSchema-instance">LIN 360/360</anyType>
              </col>
              <col index="2">
                <anyType xmlns:q1="http://www.w3.org/2001/XMLSchema" p10:type="q1:string" xmlns:p10="http://www.w3.org/2001/XMLSchema-instance">Actual/360</anyType>
              </col>
            </row>
            <row index="7">
              <col index="1">
                <anyType xmlns:q1="http://www.w3.org/2001/XMLSchema" p10:type="q1:string" xmlns:p10="http://www.w3.org/2001/XMLSchema-instance">LIN A/A ISMA B</anyType>
              </col>
              <col index="2">
                <anyType xmlns:q1="http://www.w3.org/2001/XMLSchema" p10:type="q1:string" xmlns:p10="http://www.w3.org/2001/XMLSchema-instance">Actual/Actual</anyType>
              </col>
            </row>
            <row index="8">
              <col index="1">
                <anyType xmlns:q1="http://www.w3.org/2001/XMLSchema" p10:type="q1:string" xmlns:p10="http://www.w3.org/2001/XMLSchema-instance">LIN ACT/360</anyType>
              </col>
              <col index="2">
                <anyType xmlns:q1="http://www.w3.org/2001/XMLSchema" p10:type="q1:string" xmlns:p10="http://www.w3.org/2001/XMLSchema-instance">Actual/360</anyType>
              </col>
            </row>
            <row index="9">
              <col index="1">
                <anyType xmlns:q1="http://www.w3.org/2001/XMLSchema" p10:type="q1:string" xmlns:p10="http://www.w3.org/2001/XMLSchema-instance">LIN ACT/365</anyType>
              </col>
              <col index="2">
                <anyType xmlns:q1="http://www.w3.org/2001/XMLSchema" p10:type="q1:string" xmlns:p10="http://www.w3.org/2001/XMLSchema-instance">Actual/365</anyType>
              </col>
            </row>
            <row index="10">
              <col index="1">
                <anyType xmlns:q1="http://www.w3.org/2001/XMLSchema" p10:type="q1:string" xmlns:p10="http://www.w3.org/2001/XMLSchema-instance">LIN ACT/ACT</anyType>
              </col>
              <col index="2">
                <anyType xmlns:q1="http://www.w3.org/2001/XMLSchema" p10:type="q1:string" xmlns:p10="http://www.w3.org/2001/XMLSchema-instance">Actual/Actual</anyType>
              </col>
            </row>
            <row index="11">
              <col index="1">
                <anyType xmlns:q1="http://www.w3.org/2001/XMLSchema" p10:type="q1:string" xmlns:p10="http://www.w3.org/2001/XMLSchema-instance">LIN ACT/ACT CF</anyType>
              </col>
              <col index="2">
                <anyType xmlns:q1="http://www.w3.org/2001/XMLSchema" p10:type="q1:string" xmlns:p10="http://www.w3.org/2001/XMLSchema-instance">Actual/Actual</anyType>
              </col>
            </row>
            <row index="12">
              <col index="1">
                <anyType xmlns:q1="http://www.w3.org/2001/XMLSchema" p10:type="q1:string" xmlns:p10="http://www.w3.org/2001/XMLSchema-instance">LIN ACT/ACT COU</anyType>
              </col>
              <col index="2">
                <anyType xmlns:q1="http://www.w3.org/2001/XMLSchema" p10:type="q1:string" xmlns:p10="http://www.w3.org/2001/XMLSchema-instance">Actual/Actual</anyType>
              </col>
            </row>
            <row index="13">
              <col index="1">
                <anyType xmlns:q1="http://www.w3.org/2001/XMLSchema" p10:type="q1:string" xmlns:p10="http://www.w3.org/2001/XMLSchema-instance">LIN ACT/ACT ICM</anyType>
              </col>
              <col index="2">
                <anyType xmlns:q1="http://www.w3.org/2001/XMLSchema" p10:type="q1:string" xmlns:p10="http://www.w3.org/2001/XMLSchema-instance">Actual/Actual</anyType>
              </col>
            </row>
            <row index="14">
              <col index="1">
                <anyType xmlns:q1="http://www.w3.org/2001/XMLSchema" p10:type="q1:string" xmlns:p10="http://www.w3.org/2001/XMLSchema-instance">LIN ACT/ACT ISD</anyType>
              </col>
              <col index="2">
                <anyType xmlns:q1="http://www.w3.org/2001/XMLSchema" p10:type="q1:string" xmlns:p10="http://www.w3.org/2001/XMLSchema-instance">Actual/Actual</anyType>
              </col>
            </row>
            <row index="15">
              <col index="1">
                <anyType xmlns:q1="http://www.w3.org/2001/XMLSchema" p10:type="q1:string" xmlns:p10="http://www.w3.org/2001/XMLSchema-instance">LIN ACT/ACT ISM</anyType>
              </col>
              <col index="2">
                <anyType xmlns:q1="http://www.w3.org/2001/XMLSchema" p10:type="q1:string" xmlns:p10="http://www.w3.org/2001/XMLSchema-instance">Actual/Actual</anyType>
              </col>
            </row>
            <row index="16">
              <col index="1">
                <anyType xmlns:q1="http://www.w3.org/2001/XMLSchema" p10:type="q1:string" xmlns:p10="http://www.w3.org/2001/XMLSchema-instance">LIN ACT/ACT SA</anyType>
              </col>
              <col index="2">
                <anyType xmlns:q1="http://www.w3.org/2001/XMLSchema" p10:type="q1:string" xmlns:p10="http://www.w3.org/2001/XMLSchema-instance">Actual/Actual</anyType>
              </col>
            </row>
          </rows>
        </Xenomorph.Generic.List>
      </DataSource>
    </Property>
  </Item>
</Category>
