<?xml version="1.0"?>
<Category ItemCount="1" Name="Derived Data Formulas">
  <Item PropertyCount="1" CodeType="Calculation" Code="Calculate MultiQuote Price - MCC Repo Underlyings" Database="\\SITSERVER\PUBLIC_GOLD">
    <Property Name="Calculation" Static="true" MultiSourced="false" DataType="Formula">
      <Xenomorph.Generic.Formula RowColumnFormat="A1" CellDefinitionsRows="39" CellDefinitionsColumns="9">
        <NamedRanges>
          <CellNameDefinition Name="AuditBase">
            <Range Top="32" Left="1" Bottom="32" Right="1" />
          </CellNameDefinition>
          <CellNameDefinition Name="BidAskSpread">
            <Range Top="20" Left="1" Bottom="20" Right="1" />
          </CellNameDefinition>
          <CellNameDefinition Name="BondSpreadDependentTolerance">
            <Range Top="1" Left="7" Bottom="1" Right="7" />
          </CellNameDefinition>
          <CellNameDefinition Name="CalcMethod">
            <Range Top="6" Left="1" Bottom="6" Right="1" />
          </CellNameDefinition>
          <CellNameDefinition Name="CodeName">
            <Range Top="1" Left="1" Bottom="1" Right="1" />
          </CellNameDefinition>
          <CellNameDefinition Name="CodeTypeName">
            <Range Top="1" Left="2" Bottom="1" Right="2" />
          </CellNameDefinition>
          <CellNameDefinition Name="DatabaseName">
            <Range Top="1" Left="0" Bottom="1" Right="0" />
          </CellNameDefinition>
          <CellNameDefinition Name="DataInputs">
            <Range Top="7" Left="1" Bottom="7" Right="1" />
          </CellNameDefinition>
          <CellNameDefinition Name="Direction">
            <Range Top="4" Left="3" Bottom="4" Right="3" />
          </CellNameDefinition>
          <CellNameDefinition Name="DropQuotes">
            <Range Top="4" Left="1" Bottom="4" Right="1" />
          </CellNameDefinition>
          <CellNameDefinition Name="EndDate">
            <Range Top="1" Left="6" Bottom="1" Right="6" />
          </CellNameDefinition>
          <CellNameDefinition Name="EndDateTime">
            <Range Top="8" Left="7" Bottom="8" Right="7" />
          </CellNameDefinition>
          <CellNameDefinition Name="FilteredData2Sides">
            <Range Top="8" Left="4" Bottom="8" Right="4" />
          </CellNameDefinition>
          <CellNameDefinition Name="FilteredDataInputs">
            <Range Top="7" Left="4" Bottom="7" Right="4" />
          </CellNameDefinition>
          <CellNameDefinition Name="FormulaResult">
            <Range Top="25" Left="5" Bottom="38" Right="6" />
          </CellNameDefinition>
          <CellNameDefinition Name="InputAudit">
            <Range Top="25" Left="7" Bottom="38" Right="8" />
          </CellNameDefinition>
          <CellNameDefinition Name="IPVorMCC">
            <Range Top="4" Left="2" Bottom="4" Right="2" />
          </CellNameDefinition>
          <CellNameDefinition Name="MaxHits">
            <Range Top="4" Left="4" Bottom="4" Right="4" />
          </CellNameDefinition>
          <CellNameDefinition Name="MaxValidHits">
            <Range Top="4" Left="5" Bottom="4" Right="5" />
          </CellNameDefinition>
          <CellNameDefinition Name="MedianQuote">
            <Range Top="16" Left="5" Bottom="16" Right="5" />
          </CellNameDefinition>
          <CellNameDefinition Name="MedianRow">
            <Range Top="21" Left="5" Bottom="21" Right="5" />
          </CellNameDefinition>
          <CellNameDefinition Name="MultiQuotePValue">
            <Range Top="4" Left="0" Bottom="4" Right="0" />
          </CellNameDefinition>
          <CellNameDefinition Name="PreferredContributor">
            <Range Top="9" Left="1" Bottom="9" Right="1" />
          </CellNameDefinition>
          <CellNameDefinition Name="PreferredRow">
            <Range Top="9" Left="2" Bottom="9" Right="2" />
          </CellNameDefinition>
          <CellNameDefinition Name="PriceAuditBase">
            <Range Top="35" Left="1" Bottom="35" Right="1" />
          </CellNameDefinition>
          <CellNameDefinition Name="QI">
            <Range Top="28" Left="1" Bottom="28" Right="1" />
          </CellNameDefinition>
          <CellNameDefinition Name="QICalculation">
            <Range Top="24" Left="0" Bottom="28" Right="1" />
          </CellNameDefinition>
          <CellNameDefinition Name="Quotes">
            <Range Top="15" Left="1" Bottom="15" Right="4" />
          </CellNameDefinition>
          <CellNameDefinition Name="QuoteTable">
            <Range Top="14" Left="0" Bottom="19" Right="7" />
          </CellNameDefinition>
          <CellNameDefinition Name="RawQuotes">
            <Range Top="15" Left="4" Bottom="15" Right="4" />
          </CellNameDefinition>
          <CellNameDefinition Name="RawQuotesCount">
            <Range Top="12" Left="4" Bottom="12" Right="4" />
          </CellNameDefinition>
          <CellNameDefinition Name="ReferenceContributor">
            <Range Top="25" Left="4" Bottom="25" Right="4" />
          </CellNameDefinition>
          <CellNameDefinition Name="ReferencePriceAsk">
            <Range Top="28" Left="4" Bottom="28" Right="4" />
          </CellNameDefinition>
          <CellNameDefinition Name="ReferencePriceBid">
            <Range Top="29" Left="4" Bottom="29" Right="4" />
          </CellNameDefinition>
          <CellNameDefinition Name="ReferenceRow">
            <Range Top="24" Left="4" Bottom="24" Right="4" />
          </CellNameDefinition>
          <CellNameDefinition Name="ReferenceSource">
            <Range Top="26" Left="4" Bottom="26" Right="4" />
          </CellNameDefinition>
          <CellNameDefinition Name="ResultProperties">
            <Range Top="25" Left="5" Bottom="38" Right="5" />
          </CellNameDefinition>
          <CellNameDefinition Name="Results">
            <Range Top="25" Left="3" Bottom="38" Right="4" />
          </CellNameDefinition>
          <CellNameDefinition Name="ResultsDatasources">
            <Range Top="30" Left="1" Bottom="30" Right="1" />
          </CellNameDefinition>
          <CellNameDefinition Name="RowNumbers">
            <Range Top="15" Left="0" Bottom="15" Right="0" />
          </CellNameDefinition>
          <CellNameDefinition Name="SourceLastDates">
            <Range Top="6" Left="4" Bottom="6" Right="4" />
          </CellNameDefinition>
          <CellNameDefinition Name="SourceQuotes">
            <Range Top="11" Left="1" Bottom="11" Right="1" />
          </CellNameDefinition>
          <CellNameDefinition Name="SourceQuotesOneSide">
            <Range Top="12" Left="1" Bottom="12" Right="1" />
          </CellNameDefinition>
          <CellNameDefinition Name="SpreadBasedTolerance">
            <Range Top="22" Left="1" Bottom="22" Right="1" />
          </CellNameDefinition>
          <CellNameDefinition Name="StartDate">
            <Range Top="1" Left="5" Bottom="1" Right="5" />
          </CellNameDefinition>
          <CellNameDefinition Name="StartDateTime">
            <Range Top="7" Left="7" Bottom="7" Right="7" />
          </CellNameDefinition>
          <CellNameDefinition Name="TargetDatasource">
            <Range Top="1" Left="4" Bottom="1" Right="4" />
          </CellNameDefinition>
          <CellNameDefinition Name="TargetProperty">
            <Range Top="1" Left="3" Bottom="1" Right="3" />
          </CellNameDefinition>
          <CellNameDefinition Name="TestWhitelist">
            <Range Top="17" Left="1" Bottom="19" Right="1" />
          </CellNameDefinition>
          <CellNameDefinition Name="Tolerance">
            <Range Top="4" Left="6" Bottom="4" Right="6" />
          </CellNameDefinition>
          <CellNameDefinition Name="ToleranceTable">
            <Range Top="21" Left="1" Bottom="21" Right="1" />
          </CellNameDefinition>
          <CellNameDefinition Name="ToleranceValue">
            <Range Top="31" Left="4" Bottom="31" Right="4" />
          </CellNameDefinition>
          <CellNameDefinition Name="ValidQuotes">
            <Range Top="15" Left="5" Bottom="15" Right="5" />
          </CellNameDefinition>
          <CellNameDefinition Name="ValidQuotesCount">
            <Range Top="24" Left="1" Bottom="24" Right="1" />
          </CellNameDefinition>
          <CellNameDefinition Name="ValidQuotesStdDev">
            <Range Top="22" Left="5" Bottom="22" Right="5" />
          </CellNameDefinition>
          <CellNameDefinition Name="ValidQuotesWithinLimits">
            <Range Top="15" Left="6" Bottom="15" Right="6" />
          </CellNameDefinition>
          <CellNameDefinition Name="Whitelist">
            <Range Top="4" Left="7" Bottom="4" Right="7" />
          </CellNameDefinition>
        </NamedRanges>
        <Cells>
          <CellDefinition p6:type="FormulaCellDefinition" CalculationEnabled="true" DataVisible="true" RowHidden="false" EndOfLine="false" xmlns:p6="http://www.w3.org/2001/XMLSchema-instance">
            <Range Top="32" Left="1" Bottom="32" Right="1" />
            <Value>Values(DatabaseName, CodeName, CodeTypeName, 'Data Inputs', CalcMethod, StartDate)</Value>
          </CellDefinition>
          <CellDefinition p6:type="FormulaCellDefinition" CalculationEnabled="true" DataVisible="true" RowHidden="false" EndOfLine="false" xmlns:p6="http://www.w3.org/2001/XMLSchema-instance">
            <Range Top="20" Left="1" Bottom="20" Right="1" />
            <Value>ReferencePriceAsk - ReferencePriceBid</Value>
          </CellDefinition>
          <CellDefinition CalculationEnabled="true" DataVisible="true" RowHidden="false" EndOfLine="false">
            <Range Top="1" Left="7" Bottom="1" Right="7" />
          </CellDefinition>
          <CellDefinition p6:type="FormulaCellDefinition" CalculationEnabled="true" DataVisible="true" RowHidden="false" EndOfLine="false" xmlns:p6="http://www.w3.org/2001/XMLSchema-instance">
            <Range Top="6" Left="1" Bottom="6" Right="1" />
            <Value>Property(DatabaseName, CodeName, A7, CodeTypeName, 'Internal').Data(StartDate)</Value>
          </CellDefinition>
          <CellDefinition p6:type="ConstantCellDefinition" CalculationEnabled="true" DataVisible="true" RowHidden="false" EndOfLine="false" xmlns:p6="http://www.w3.org/2001/XMLSchema-instance">
            <Range Top="1" Left="1" Bottom="1" Right="1" />
            <Value xmlns:q1="http://www.w3.org/2001/XMLSchema" p6:type="q1:string">6222845_S</Value>
          </CellDefinition>
          <CellDefinition p6:type="ConstantCellDefinition" CalculationEnabled="true" DataVisible="true" RowHidden="false" EndOfLine="false" xmlns:p6="http://www.w3.org/2001/XMLSchema-instance">
            <Range Top="1" Left="2" Bottom="1" Right="2" />
            <Value xmlns:q2="http://www.w3.org/2001/XMLSchema" p6:type="q2:string">Murex Trade</Value>
          </CellDefinition>
          <CellDefinition p6:type="ConstantCellDefinition" CalculationEnabled="true" DataVisible="true" RowHidden="false" EndOfLine="false" xmlns:p6="http://www.w3.org/2001/XMLSchema-instance">
            <Range Top="1" Left="0" Bottom="1" Right="0" />
            <Value xmlns:q3="http://www.w3.org/2001/XMLSchema" p6:type="q3:string">MD_SILVER</Value>
          </CellDefinition>
          <CellDefinition p6:type="FormulaCellDefinition" CalculationEnabled="true" DataVisible="true" RowHidden="false" EndOfLine="false" xmlns:p6="http://www.w3.org/2001/XMLSchema-instance">
            <Range Top="7" Left="1" Bottom="7" Right="1" />
            <Value>Property(DatabaseName, CodeName, 'Data Inputs', CodeTypeName, CalcMethod).Data(StartDate).Where(Column_1 IN ('Bid Quote', 'Ask Quote', 'BID_QUOTES', 'ASK_QUOTES'))</Value>
          </CellDefinition>
          <CellDefinition p6:type="FormulaCellDefinition" CalculationEnabled="true" DataVisible="true" RowHidden="false" EndOfLine="false" xmlns:p6="http://www.w3.org/2001/XMLSchema-instance">
            <Range Top="4" Left="3" Bottom="4" Right="3" />
            <Value>IF(IPVorMCC = 'IPV', IF(Property(DatabaseName, CodeName, 'Total Nominal', CodeTypeName, 'Murex').Data(StartDate) &lt; 0, 'Short', 'Long'), Property(DatabaseName, CodeName, 'Buy\Sell', CodeTypeName, 'Murex'))</Value>
          </CellDefinition>
          <CellDefinition p6:type="FormulaCellDefinition" CalculationEnabled="true" DataVisible="true" RowHidden="false" EndOfLine="false" xmlns:p6="http://www.w3.org/2001/XMLSchema-instance">
            <Range Top="4" Left="1" Bottom="4" Right="1" />
            <Value>MAX(0, ROUND(RawQuotesCount * MultiQuotePValue - 0.5))</Value>
          </CellDefinition>
          <CellDefinition CalculationEnabled="true" DataVisible="true" RowHidden="false" EndOfLine="false">
            <Range Top="1" Left="6" Bottom="1" Right="6" />
          </CellDefinition>
          <CellDefinition p6:type="FormulaCellDefinition" CalculationEnabled="true" DataVisible="true" RowHidden="false" EndOfLine="false" xmlns:p6="http://www.w3.org/2001/XMLSchema-instance">
            <Range Top="8" Left="7" Bottom="8" Right="7" />
            <Value>ISNULL(DataInputs.Column_6.MAX, NOW)</Value>
          </CellDefinition>
          <CellDefinition p6:type="FormulaCellDefinition" CalculationEnabled="true" DataVisible="true" RowHidden="false" EndOfLine="false" xmlns:p6="http://www.w3.org/2001/XMLSchema-instance">
            <Range Top="8" Left="4" Bottom="8" Right="4" />
            <Value>FilteredDataInputs.Values(Column_1, Column_2, Column_3, Column_4).GROUPBY(Column_2, Column_3).Values(Column_2.Values(Column_1, ALIGN(Column_2.Where(Column_1 IN ('Bid Quote','BID_QUOTES')).Column_2, Column_2.Where(Column_1 IN ('Ask Quote','ASK_QUOTES')).Column_2).Values(Column_1.LastDate, Column_1.LastValue, Column_2.LastValue))).FLATTEN</Value>
          </CellDefinition>
          <CellDefinition p6:type="FormulaCellDefinition" CalculationEnabled="true" DataVisible="true" RowHidden="false" EndOfLine="false" xmlns:p6="http://www.w3.org/2001/XMLSchema-instance">
            <Range Top="7" Left="4" Bottom="7" Right="4" />
            <Value>DataInputs.Values(Column_1, Column_2, Column_3, Column_4, Column_5, Column_6, Column_7, LOOKUP(SourceLastDates, Column_4, 1, 2)).Where(Column_8 &gt;= Column_5).FLATTEN.Values(Column_1, Item(Column_2, Column_4, Column_3), Column_6, Property(Column_2, Column_4, Column_5, Column_3, Column_6).Data(StartDateTime, EndDateTime, '1P')).Where(Column_4 != NULL)</Value>
          </CellDefinition>
          <CellDefinition p6:type="ConstantCellDefinition" CalculationEnabled="true" DataVisible="true" RowHidden="false" EndOfLine="false" xmlns:p6="http://www.w3.org/2001/XMLSchema-instance">
            <Range Top="25" Left="5" Bottom="25" Right="5" />
            <Value xmlns:q4="http://www.w3.org/2001/XMLSchema" p6:type="q4:string">Reference Contributor</Value>
          </CellDefinition>
          <CellDefinition p6:type="FormulaCellDefinition" CalculationEnabled="true" DataVisible="true" RowHidden="false" EndOfLine="false" xmlns:p6="http://www.w3.org/2001/XMLSchema-instance">
            <Range Top="38" Left="6" Bottom="38" Right="6" />
            <Value>ResultsDatasources.Values(Column_1, E39)</Value>
          </CellDefinition>
          <CellDefinition p6:type="ConstantCellDefinition" CalculationEnabled="true" DataVisible="true" RowHidden="false" EndOfLine="false" xmlns:p6="http://www.w3.org/2001/XMLSchema-instance">
            <Range Top="25" Left="7" Bottom="25" Right="7" />
            <Value xmlns:q5="http://www.w3.org/2001/XMLSchema" p6:type="q5:string">Reference Contributor</Value>
          </CellDefinition>
          <CellDefinition p6:type="FormulaCellDefinition" CalculationEnabled="true" DataVisible="true" RowHidden="false" EndOfLine="false" xmlns:p6="http://www.w3.org/2001/XMLSchema-instance">
            <Range Top="38" Left="8" Bottom="38" Right="8" />
            <Value>ResultsDatasources.Values(Column_1, AuditBase)</Value>
          </CellDefinition>
          <CellDefinition p6:type="ConstantCellDefinition" CalculationEnabled="true" DataVisible="true" RowHidden="false" EndOfLine="false" xmlns:p6="http://www.w3.org/2001/XMLSchema-instance">
            <Range Top="4" Left="2" Bottom="4" Right="2" />
            <Value xmlns:q6="http://www.w3.org/2001/XMLSchema" p6:type="q6:string">MCC</Value>
          </CellDefinition>
          <CellDefinition p6:type="FormulaCellDefinition" CalculationEnabled="true" DataVisible="true" RowHidden="false" EndOfLine="false" xmlns:p6="http://www.w3.org/2001/XMLSchema-instance">
            <Range Top="4" Left="4" Bottom="4" Right="4" />
            <Value>DataInputs.Column_4.REPLACE('BB_MSG_','').Values(Column_1).GROUPBY(Column_1).RowCount</Value>
          </CellDefinition>
          <CellDefinition p6:type="FormulaCellDefinition" CalculationEnabled="true" DataVisible="true" RowHidden="false" EndOfLine="false" xmlns:p6="http://www.w3.org/2001/XMLSchema-instance">
            <Range Top="4" Left="5" Bottom="4" Right="5" />
            <Value>MaxHits - (MAX(0, ROUND(MaxHits * MultiQuotePValue - 0.5)) * 2)</Value>
          </CellDefinition>
          <CellDefinition p6:type="FormulaCellDefinition" CalculationEnabled="true" DataVisible="true" RowHidden="false" EndOfLine="false" xmlns:p6="http://www.w3.org/2001/XMLSchema-instance">
            <Range Top="16" Left="5" Bottom="16" Right="5" />
            <Value>Values(RowNumbers, RawQuotes).FLATTEN.LOOKUP(MedianRow, 1, 2)</Value>
          </CellDefinition>
          <CellDefinition p6:type="FormulaCellDefinition" CalculationEnabled="true" DataVisible="true" RowHidden="false" EndOfLine="false" xmlns:p6="http://www.w3.org/2001/XMLSchema-instance">
            <Range Top="21" Left="5" Bottom="21" Right="5" />
            <Value>IF(ValidQuotesCount / 2 = ROUND(ValidQuotesCount / 2),IF(Direction LIKE 'S*', RowNumbers.Rows(2, RowNumbers.RowCount), RowNumbers.Rows(1, RowNumbers.RowCount - 1)), RowNumbers).MEDIAN</Value>
          </CellDefinition>
          <CellDefinition p6:type="ConstantCellDefinition" CalculationEnabled="true" DataVisible="true" RowHidden="false" EndOfLine="false" xmlns:p6="http://www.w3.org/2001/XMLSchema-instance">
            <Range Top="4" Left="0" Bottom="4" Right="0" />
            <Value xmlns:q7="http://www.w3.org/2001/XMLSchema" p6:type="q7:double">0.15</Value>
          </CellDefinition>
          <CellDefinition p6:type="FormulaCellDefinition" CalculationEnabled="true" DataVisible="true" RowHidden="false" EndOfLine="false" xmlns:p6="http://www.w3.org/2001/XMLSchema-instance">
            <Range Top="9" Left="1" Bottom="9" Right="1" />
            <Value>IF(Whitelist = NULL, DataInputs.Cells(1,4), Whitelist.Cells(1,1))</Value>
          </CellDefinition>
          <CellDefinition p6:type="FormulaCellDefinition" CalculationEnabled="true" DataVisible="true" RowHidden="false" EndOfLine="false" xmlns:p6="http://www.w3.org/2001/XMLSchema-instance">
            <Range Top="9" Left="2" Bottom="9" Right="2" />
            <Value>Values(RowNumbers, Quotes.Column_1).FLATTEN.Where(Column_2 = PreferredContributor).Cells(1,1)</Value>
          </CellDefinition>
          <CellDefinition p6:type="FormulaCellDefinition" CalculationEnabled="true" DataVisible="true" RowHidden="false" EndOfLine="false" xmlns:p6="http://www.w3.org/2001/XMLSchema-instance">
            <Range Top="35" Left="1" Bottom="35" Right="1" />
            <Value>DataInputs.Values(Column_2.Database, Column_2.Code, Column_2.CodeType, Column_3, Column_4, Column_6.DATEVAL, Property(Column_2.Database, Column_2.Code, Column_3, Column_2.CodeType, Column_4).Data(Column_5, Column_6, '1P')).Where(Column_7 != NULL).Values(Column_1, Column_2, Column_3, Column_4, Column_5, Column_6)</Value>
          </CellDefinition>
          <CellDefinition p6:type="FormulaCellDefinition" CalculationEnabled="true" DataVisible="true" RowHidden="false" EndOfLine="false" xmlns:p6="http://www.w3.org/2001/XMLSchema-instance">
            <Range Top="28" Left="1" Bottom="28" Right="1" />
            <Value>B27 * B28</Value>
          </CellDefinition>
          <CellDefinition p6:type="ConstantCellDefinition" CalculationEnabled="true" DataVisible="true" RowHidden="false" EndOfLine="false" xmlns:p6="http://www.w3.org/2001/XMLSchema-instance">
            <Range Top="24" Left="0" Bottom="24" Right="0" />
            <Value xmlns:q8="http://www.w3.org/2001/XMLSchema" p6:type="q8:string"># Valid Hits</Value>
          </CellDefinition>
          <CellDefinition p6:type="ArrayFormulaCellDefinition" CalculationEnabled="true" DataVisible="true" RowHidden="false" EndOfLine="false" xmlns:p6="http://www.w3.org/2001/XMLSchema-instance">
            <Range Top="15" Left="1" Bottom="15" Right="4" />
            <Value>SourceQuotesOneSide.Where(Column_3 != NULL).FLATTEN.Values(Column_1, Column_2, Column_3, Column_4).GROUPBY(Column_2).Values(Column_1, Column_2.SORT(3, 'DESC').Rows(1)).FLATTEN.SORT(4)</Value>
          </CellDefinition>
          <CellDefinition CalculationEnabled="true" DataVisible="true" RowHidden="false" EndOfLine="false">
            <Range Top="15" Left="4" Bottom="15" Right="4" />
          </CellDefinition>
          <CellDefinition p6:type="ConstantCellDefinition" CalculationEnabled="true" DataVisible="true" RowHidden="false" EndOfLine="false" xmlns:p6="http://www.w3.org/2001/XMLSchema-instance">
            <Range Top="14" Left="0" Bottom="14" Right="0" />
            <Value xmlns:q9="http://www.w3.org/2001/XMLSchema" p6:type="q9:string">Row</Value>
          </CellDefinition>
          <CellDefinition CalculationEnabled="true" DataVisible="true" RowHidden="false" EndOfLine="false">
            <Range Top="19" Left="7" Bottom="19" Right="7" />
          </CellDefinition>
          <CellDefinition p6:type="FormulaCellDefinition" CalculationEnabled="true" DataVisible="true" RowHidden="false" EndOfLine="false" xmlns:p6="http://www.w3.org/2001/XMLSchema-instance">
            <Range Top="12" Left="4" Bottom="12" Right="4" />
            <Value>Values(RawQuotes).Flatten.RowCount</Value>
          </CellDefinition>
          <CellDefinition p6:type="FormulaCellDefinition" CalculationEnabled="true" DataVisible="true" RowHidden="false" EndOfLine="false" xmlns:p6="http://www.w3.org/2001/XMLSchema-instance">
            <Range Top="25" Left="4" Bottom="25" Right="4" />
            <Value>Quotes.FLATTEN.Cells(ReferenceRow, 1)</Value>
          </CellDefinition>
          <CellDefinition p6:type="FormulaCellDefinition" CalculationEnabled="true" DataVisible="true" RowHidden="false" EndOfLine="false" xmlns:p6="http://www.w3.org/2001/XMLSchema-instance">
            <Range Top="28" Left="4" Bottom="28" Right="4" />
            <Value>SourceQuotes.Where(Column_1 = ReferenceSource AND Column_2 = ReferenceContributor).Cells(1,5)</Value>
          </CellDefinition>
          <CellDefinition p6:type="FormulaCellDefinition" CalculationEnabled="true" DataVisible="true" RowHidden="false" EndOfLine="false" xmlns:p6="http://www.w3.org/2001/XMLSchema-instance">
            <Range Top="29" Left="4" Bottom="29" Right="4" />
            <Value>SourceQuotes.Where(Column_1 = ReferenceSource AND Column_2 = ReferenceContributor).Cells(1,4)</Value>
          </CellDefinition>
          <CellDefinition p6:type="FormulaCellDefinition" CalculationEnabled="true" DataVisible="true" RowHidden="false" EndOfLine="false" xmlns:p6="http://www.w3.org/2001/XMLSchema-instance">
            <Range Top="24" Left="4" Bottom="24" Right="4" />
            <Value>IF(ISERROR(PreferredRow), MedianRow, IF(ValidQuotesWithinLimits.Cells(PreferredRow, 1) = NULL, MedianRow, PreferredRow))</Value>
          </CellDefinition>
          <CellDefinition p6:type="FormulaCellDefinition" CalculationEnabled="true" DataVisible="true" RowHidden="false" EndOfLine="false" xmlns:p6="http://www.w3.org/2001/XMLSchema-instance">
            <Range Top="26" Left="4" Bottom="26" Right="4" />
            <Value>Quotes.FLATTEN.Cells(ReferenceRow, 2)</Value>
          </CellDefinition>
          <CellDefinition p6:type="ConstantCellDefinition" CalculationEnabled="true" DataVisible="true" RowHidden="false" EndOfLine="false" xmlns:p6="http://www.w3.org/2001/XMLSchema-instance">
            <Range Top="38" Left="5" Bottom="38" Right="5" />
            <Value xmlns:q10="http://www.w3.org/2001/XMLSchema" p6:type="q10:string">Multi Quote Source Quotes</Value>
          </CellDefinition>
          <CellDefinition p6:type="ConstantCellDefinition" CalculationEnabled="true" DataVisible="true" RowHidden="false" EndOfLine="false" xmlns:p6="http://www.w3.org/2001/XMLSchema-instance">
            <Range Top="25" Left="3" Bottom="25" Right="3" />
            <Value xmlns:q11="http://www.w3.org/2001/XMLSchema" p6:type="q11:string">Reference Contributor</Value>
          </CellDefinition>
          <CellDefinition p6:type="FormulaCellDefinition" CalculationEnabled="true" DataVisible="true" RowHidden="false" EndOfLine="false" xmlns:p6="http://www.w3.org/2001/XMLSchema-instance">
            <Range Top="38" Left="4" Bottom="38" Right="4" />
            <Value>Values(Values('Source','Contributor','Date/Time','Bid','Ask'), SourceQuotes.Values(Column_1, Column_2, Column_3, Column_4, Column_5)).TRANSPOSE.FLATTEN</Value>
          </CellDefinition>
          <CellDefinition p6:type="FormulaCellDefinition" CalculationEnabled="true" DataVisible="true" RowHidden="false" EndOfLine="false" xmlns:p6="http://www.w3.org/2001/XMLSchema-instance">
            <Range Top="30" Left="1" Bottom="30" Right="1" />
            <Value>Item('PUBLIC_GOLD', 'MCC IPV Result DataSource', 'Mapping Table').Table('Internal').Where(Column_1 = CalcMethod).Column_2.SPLIT(',')</Value>
          </CellDefinition>
          <CellDefinition p6:type="FormulaCellDefinition" CalculationEnabled="true" DataVisible="true" RowHidden="false" EndOfLine="false" xmlns:p6="http://www.w3.org/2001/XMLSchema-instance">
            <Range Top="15" Left="0" Bottom="15" Right="0" />
            <Value>MAKESERIES(Values(101),Values(1)).Data(101,100 + RawQuotesCount,'1D',,'FILL=[MR=TP]').Dates.CINT() - 100</Value>
          </CellDefinition>
          <CellDefinition p6:type="FormulaCellDefinition" CalculationEnabled="true" DataVisible="true" RowHidden="false" EndOfLine="false" xmlns:p6="http://www.w3.org/2001/XMLSchema-instance">
            <Range Top="6" Left="4" Bottom="6" Right="4" />
            <Value>DataInputs.Values(Column_2, Column_3).GROUPBY(Column_2, Column_3).Values(Column_1, Column_2).FLATTEN.FillColData('TP',1,3).Values(Column_1, Column_2, Column_3, Column_4, Properties(Column_1, Column_3, Column_2, Column_4).Values(DataSource, LastDate)).Values(Column_5).FLATTEN.Values(Column_1, Column_2).GROUPBY(Column_1).Values(Column_1, Column_2.MAX.CDATE)</Value>
          </CellDefinition>
          <CellDefinition p6:type="FormulaCellDefinition" CalculationEnabled="true" DataVisible="true" RowHidden="false" EndOfLine="false" xmlns:p6="http://www.w3.org/2001/XMLSchema-instance">
            <Range Top="11" Left="1" Bottom="11" Right="1" />
            <Value>FilteredData2Sides.Values(IF(Column_1 LIKE '*_MSG', 'messages', 'getallquotes'), Column_1.REPLACE('_MSG', ''), Column_2, Column_3, Column_4)</Value>
          </CellDefinition>
          <CellDefinition p6:type="FormulaCellDefinition" CalculationEnabled="true" DataVisible="true" RowHidden="false" EndOfLine="false" xmlns:p6="http://www.w3.org/2001/XMLSchema-instance">
            <Range Top="12" Left="1" Bottom="12" Right="1" />
            <Value>SourceQuotes.Values(Column_1, Column_2, Column_3, IF(Direction IN ('Short','B'), Column_5, Column_4))</Value>
          </CellDefinition>
          <CellDefinition p6:type="FormulaCellDefinition" CalculationEnabled="true" DataVisible="true" RowHidden="false" EndOfLine="false" xmlns:p6="http://www.w3.org/2001/XMLSchema-instance">
            <Range Top="22" Left="1" Bottom="22" Right="1" />
            <Value>ToleranceTable.Where( Column_1 &lt;= BidAskSpread AND Column_2 &gt; BidAskSpread ).Cells(1,3)</Value>
          </CellDefinition>
          <CellDefinition p6:type="ConstantCellDefinition" CalculationEnabled="true" DataVisible="true" RowHidden="false" EndOfLine="false" xmlns:p6="http://www.w3.org/2001/XMLSchema-instance">
            <Range Top="1" Left="5" Bottom="1" Right="5" />
            <Value xmlns:q12="http://www.w3.org/2001/XMLSchema" p6:type="q12:dateTime">2020-01-21T00:00:00</Value>
          </CellDefinition>
          <CellDefinition p6:type="FormulaCellDefinition" CalculationEnabled="true" DataVisible="true" RowHidden="false" EndOfLine="false" xmlns:p6="http://www.w3.org/2001/XMLSchema-instance">
            <Range Top="7" Left="7" Bottom="7" Right="7" />
            <Value>ISNULL(DataInputs.Column_5.MIN, NOW)</Value>
          </CellDefinition>
          <CellDefinition p6:type="ConstantCellDefinition" CalculationEnabled="true" DataVisible="true" RowHidden="false" EndOfLine="false" xmlns:p6="http://www.w3.org/2001/XMLSchema-instance">
            <Range Top="1" Left="4" Bottom="1" Right="4" />
            <Value xmlns:q13="http://www.w3.org/2001/XMLSchema" p6:type="q13:string">Internal</Value>
          </CellDefinition>
          <CellDefinition p6:type="ConstantCellDefinition" CalculationEnabled="true" DataVisible="true" RowHidden="false" EndOfLine="false" xmlns:p6="http://www.w3.org/2001/XMLSchema-instance">
            <Range Top="1" Left="3" Bottom="1" Right="3" />
            <Value xmlns:q14="http://www.w3.org/2001/XMLSchema" p6:type="q14:string">Calc Method</Value>
          </CellDefinition>
          <CellDefinition CalculationEnabled="true" DataVisible="true" RowHidden="false" EndOfLine="false">
            <Range Top="17" Left="1" Bottom="17" Right="1" />
          </CellDefinition>
          <CellDefinition CalculationEnabled="true" DataVisible="true" RowHidden="false" EndOfLine="false">
            <Range Top="19" Left="1" Bottom="19" Right="1" />
          </CellDefinition>
          <CellDefinition p6:type="FormulaCellDefinition" CalculationEnabled="true" DataVisible="true" RowHidden="false" EndOfLine="false" xmlns:p6="http://www.w3.org/2001/XMLSchema-instance">
            <Range Top="4" Left="6" Bottom="4" Right="6" />
            <Value>Property(DatabaseName, CodeName, 'Tolerance', CodeTypeName, 'Internal').Data(StartDate)</Value>
          </CellDefinition>
          <CellDefinition p6:type="FormulaCellDefinition" CalculationEnabled="true" DataVisible="true" RowHidden="false" EndOfLine="false" xmlns:p6="http://www.w3.org/2001/XMLSchema-instance">
            <Range Top="21" Left="1" Bottom="21" Right="1" />
            <Value>ISNULL(BondSpreadDependentTolerance, Item('PUBLIC_GOLD','Bond Spread Dependent Tolerance','Mapping Table').Table('Internal'))</Value>
          </CellDefinition>
          <CellDefinition p6:type="FormulaCellDefinition" CalculationEnabled="true" DataVisible="true" RowHidden="false" EndOfLine="false" xmlns:p6="http://www.w3.org/2001/XMLSchema-instance">
            <Range Top="31" Left="4" Bottom="31" Right="4" />
            <Value>IF(ISERROR(SpreadBasedTolerance), Tolerance, SpreadBasedTolerance)</Value>
          </CellDefinition>
          <CellDefinition p6:type="FormulaCellDefinition" CalculationEnabled="true" DataVisible="true" RowHidden="false" EndOfLine="false" xmlns:p6="http://www.w3.org/2001/XMLSchema-instance">
            <Range Top="15" Left="5" Bottom="15" Right="5" />
            <Value>Values(RowNumbers, RawQuotes).FLATTEN.Values(IF(Column_1 &gt; DropQuotes AND Column_1 &lt;= RawQuotesCount - DropQuotes, Column_2, NULL))</Value>
          </CellDefinition>
          <CellDefinition p6:type="FormulaCellDefinition" CalculationEnabled="true" DataVisible="true" RowHidden="false" EndOfLine="false" xmlns:p6="http://www.w3.org/2001/XMLSchema-instance">
            <Range Top="24" Left="1" Bottom="24" Right="1" />
            <Value>ValidQuotes.Where(Column_1 != NULL).RowCount</Value>
          </CellDefinition>
          <CellDefinition p6:type="FormulaCellDefinition" CalculationEnabled="true" DataVisible="true" RowHidden="false" EndOfLine="false" xmlns:p6="http://www.w3.org/2001/XMLSchema-instance">
            <Range Top="22" Left="5" Bottom="22" Right="5" />
            <Value>IF(ValidQuotesCount &lt; 2, 0, SQRT(ValidQuotes.COLCALC('DEVSQ') / (ValidQuotesCount - 1)))</Value>
          </CellDefinition>
          <CellDefinition p6:type="FormulaCellDefinition" CalculationEnabled="true" DataVisible="true" RowHidden="false" EndOfLine="false" xmlns:p6="http://www.w3.org/2001/XMLSchema-instance">
            <Range Top="15" Left="6" Bottom="15" Right="6" />
            <Value>ValidQuotes.Values(IF(Column_1 &gt;= MedianQuote - ValidQuotesStdDev AND Column_1 &lt;= MedianQuote + ValidQuotesStdDev, Column_1, NULL))</Value>
          </CellDefinition>
          <CellDefinition p6:type="FormulaCellDefinition" CalculationEnabled="true" DataVisible="true" RowHidden="false" EndOfLine="false" xmlns:p6="http://www.w3.org/2001/XMLSchema-instance">
            <Range Top="4" Left="7" Bottom="4" Right="7" />
            <Value>Property(DatabaseName, CodeName, 'Whitelist Contributors', CodeTypeName, CalcMethod).Data(StartDate)</Value>
          </CellDefinition>
          <CellDefinition p6:type="ConstantCellDefinition" CalculationEnabled="true" DataVisible="true" RowHidden="false" EndOfLine="false" xmlns:p6="http://www.w3.org/2001/XMLSchema-instance">
            <Range Top="6" Left="0" Bottom="6" Right="0" />
            <Value xmlns:q15="http://www.w3.org/2001/XMLSchema" p6:type="q15:string">Calc Method</Value>
          </CellDefinition>
          <CellDefinition CalculationEnabled="true" DataVisible="true" RowHidden="false" EndOfLine="false">
            <Range Top="15" Left="2" Bottom="15" Right="2" />
          </CellDefinition>
          <CellDefinition CalculationEnabled="true" DataVisible="true" RowHidden="false" EndOfLine="false">
            <Range Top="15" Left="3" Bottom="15" Right="3" />
          </CellDefinition>
          <CellDefinition p6:type="FormulaCellDefinition" CalculationEnabled="true" DataVisible="true" RowHidden="false" EndOfLine="false" xmlns:p6="http://www.w3.org/2001/XMLSchema-instance">
            <Range Top="26" Left="1" Bottom="26" Right="1" />
            <Value>SQRT(ValidQuotesCount / MaxValidHits)</Value>
          </CellDefinition>
          <CellDefinition p6:type="FormulaCellDefinition" CalculationEnabled="true" DataVisible="true" RowHidden="false" EndOfLine="false" xmlns:p6="http://www.w3.org/2001/XMLSchema-instance">
            <Range Top="27" Left="1" Bottom="27" Right="1" />
            <Value>IF( ValidQuotesCount = 1, 2 * (NORMDIST(1) - 0.5), IF(ValidQuotesStdDev = 0, 1, 2 * (NORMDIST(ToleranceValue / (2 * ValidQuotesStdDev)) - 0.5)))</Value>
          </CellDefinition>
          <CellDefinition p6:type="FormulaCellDefinition" CalculationEnabled="true" DataVisible="true" RowHidden="false" EndOfLine="false" xmlns:p6="http://www.w3.org/2001/XMLSchema-instance">
            <Range Top="33" Left="1" Bottom="33" Right="1" />
            <Value>ResultProperties.Values(Column_1, IF(Column_1 = 'Tolerance', Values('Internal', AuditBase),  ResultsDatasources.Values(Column_1, AuditBase)))</Value>
          </CellDefinition>
          <CellDefinition p6:type="ConstantCellDefinition" CalculationEnabled="true" DataVisible="true" RowHidden="false" EndOfLine="false" xmlns:p6="http://www.w3.org/2001/XMLSchema-instance">
            <Range Top="26" Left="5" Bottom="26" Right="5" />
            <Value xmlns:q16="http://www.w3.org/2001/XMLSchema" p6:type="q16:string">Reference Source</Value>
          </CellDefinition>
          <CellDefinition p6:type="ConstantCellDefinition" CalculationEnabled="true" DataVisible="true" RowHidden="false" EndOfLine="false" xmlns:p6="http://www.w3.org/2001/XMLSchema-instance">
            <Range Top="27" Left="5" Bottom="27" Right="5" />
            <Value xmlns:q17="http://www.w3.org/2001/XMLSchema" p6:type="q17:string">Reference Value</Value>
          </CellDefinition>
          <CellDefinition p6:type="ConstantCellDefinition" CalculationEnabled="true" DataVisible="true" RowHidden="false" EndOfLine="false" xmlns:p6="http://www.w3.org/2001/XMLSchema-instance">
            <Range Top="28" Left="5" Bottom="28" Right="5" />
            <Value xmlns:q18="http://www.w3.org/2001/XMLSchema" p6:type="q18:string">Reference Price Ask</Value>
          </CellDefinition>
          <CellDefinition p6:type="ConstantCellDefinition" CalculationEnabled="true" DataVisible="true" RowHidden="false" EndOfLine="false" xmlns:p6="http://www.w3.org/2001/XMLSchema-instance">
            <Range Top="29" Left="5" Bottom="29" Right="5" />
            <Value xmlns:q19="http://www.w3.org/2001/XMLSchema" p6:type="q19:string">Reference Price Bid</Value>
          </CellDefinition>
          <CellDefinition p6:type="ConstantCellDefinition" CalculationEnabled="true" DataVisible="true" RowHidden="false" EndOfLine="false" xmlns:p6="http://www.w3.org/2001/XMLSchema-instance">
            <Range Top="30" Left="5" Bottom="30" Right="5" />
            <Value xmlns:q20="http://www.w3.org/2001/XMLSchema" p6:type="q20:string">Quality Index</Value>
          </CellDefinition>
          <CellDefinition p6:type="ConstantCellDefinition" CalculationEnabled="true" DataVisible="true" RowHidden="false" EndOfLine="false" xmlns:p6="http://www.w3.org/2001/XMLSchema-instance">
            <Range Top="31" Left="5" Bottom="31" Right="5" />
            <Value xmlns:q21="http://www.w3.org/2001/XMLSchema" p6:type="q21:string">Tolerance</Value>
          </CellDefinition>
          <CellDefinition p6:type="ConstantCellDefinition" CalculationEnabled="true" DataVisible="true" RowHidden="false" EndOfLine="false" xmlns:p6="http://www.w3.org/2001/XMLSchema-instance">
            <Range Top="32" Left="5" Bottom="32" Right="5" />
            <Value xmlns:q22="http://www.w3.org/2001/XMLSchema" p6:type="q22:string">Multi Quote Calculation</Value>
          </CellDefinition>
          <CellDefinition p6:type="ConstantCellDefinition" CalculationEnabled="true" DataVisible="true" RowHidden="false" EndOfLine="false" xmlns:p6="http://www.w3.org/2001/XMLSchema-instance">
            <Range Top="33" Left="5" Bottom="33" Right="5" />
            <Value xmlns:q23="http://www.w3.org/2001/XMLSchema" p6:type="q23:string">Quality Index Calculation</Value>
          </CellDefinition>
          <CellDefinition p6:type="ConstantCellDefinition" CalculationEnabled="true" DataVisible="true" RowHidden="false" EndOfLine="false" xmlns:p6="http://www.w3.org/2001/XMLSchema-instance">
            <Range Top="34" Left="5" Bottom="34" Right="5" />
            <Value xmlns:q24="http://www.w3.org/2001/XMLSchema" p6:type="q24:string">Standard Deviation</Value>
          </CellDefinition>
          <CellDefinition p6:type="ConstantCellDefinition" CalculationEnabled="true" DataVisible="true" RowHidden="false" EndOfLine="false" xmlns:p6="http://www.w3.org/2001/XMLSchema-instance">
            <Range Top="35" Left="5" Bottom="35" Right="5" />
            <Value xmlns:q25="http://www.w3.org/2001/XMLSchema" p6:type="q25:string">Arithmetic Median</Value>
          </CellDefinition>
          <CellDefinition p6:type="ConstantCellDefinition" CalculationEnabled="true" DataVisible="true" RowHidden="false" EndOfLine="false" xmlns:p6="http://www.w3.org/2001/XMLSchema-instance">
            <Range Top="36" Left="5" Bottom="36" Right="5" />
            <Value xmlns:q26="http://www.w3.org/2001/XMLSchema" p6:type="q26:string">Data Inputs</Value>
          </CellDefinition>
          <CellDefinition p6:type="ConstantCellDefinition" CalculationEnabled="true" DataVisible="true" RowHidden="false" EndOfLine="false" xmlns:p6="http://www.w3.org/2001/XMLSchema-instance">
            <Range Top="37" Left="5" Bottom="37" Right="5" />
            <Value xmlns:q27="http://www.w3.org/2001/XMLSchema" p6:type="q27:string">Whitelist Contributors</Value>
          </CellDefinition>
          <CellDefinition p6:type="ConstantCellDefinition" CalculationEnabled="true" DataVisible="true" RowHidden="false" EndOfLine="false" xmlns:p6="http://www.w3.org/2001/XMLSchema-instance">
            <Range Top="38" Left="3" Bottom="38" Right="3" />
            <Value xmlns:q28="http://www.w3.org/2001/XMLSchema" p6:type="q28:string">Multi Quote Source Quotes</Value>
          </CellDefinition>
          <CellDefinition p6:type="ConstantCellDefinition" CalculationEnabled="true" DataVisible="true" RowHidden="false" EndOfLine="false" xmlns:p6="http://www.w3.org/2001/XMLSchema-instance">
            <Range Top="26" Left="3" Bottom="26" Right="3" />
            <Value xmlns:q29="http://www.w3.org/2001/XMLSchema" p6:type="q29:string">Reference Source</Value>
          </CellDefinition>
          <CellDefinition p6:type="ConstantCellDefinition" CalculationEnabled="true" DataVisible="true" RowHidden="false" EndOfLine="false" xmlns:p6="http://www.w3.org/2001/XMLSchema-instance">
            <Range Top="27" Left="3" Bottom="27" Right="3" />
            <Value xmlns:q30="http://www.w3.org/2001/XMLSchema" p6:type="q30:string">Reference Value</Value>
          </CellDefinition>
          <CellDefinition p6:type="ConstantCellDefinition" CalculationEnabled="true" DataVisible="true" RowHidden="false" EndOfLine="false" xmlns:p6="http://www.w3.org/2001/XMLSchema-instance">
            <Range Top="28" Left="3" Bottom="28" Right="3" />
            <Value xmlns:q31="http://www.w3.org/2001/XMLSchema" p6:type="q31:string">Reference Price Ask</Value>
          </CellDefinition>
          <CellDefinition p6:type="ConstantCellDefinition" CalculationEnabled="true" DataVisible="true" RowHidden="false" EndOfLine="false" xmlns:p6="http://www.w3.org/2001/XMLSchema-instance">
            <Range Top="29" Left="3" Bottom="29" Right="3" />
            <Value xmlns:q32="http://www.w3.org/2001/XMLSchema" p6:type="q32:string">Reference Price Bid</Value>
          </CellDefinition>
          <CellDefinition p6:type="ConstantCellDefinition" CalculationEnabled="true" DataVisible="true" RowHidden="false" EndOfLine="false" xmlns:p6="http://www.w3.org/2001/XMLSchema-instance">
            <Range Top="30" Left="3" Bottom="30" Right="3" />
            <Value xmlns:q33="http://www.w3.org/2001/XMLSchema" p6:type="q33:string">Quality Index</Value>
          </CellDefinition>
          <CellDefinition p6:type="ConstantCellDefinition" CalculationEnabled="true" DataVisible="true" RowHidden="false" EndOfLine="false" xmlns:p6="http://www.w3.org/2001/XMLSchema-instance">
            <Range Top="32" Left="3" Bottom="32" Right="3" />
            <Value xmlns:q34="http://www.w3.org/2001/XMLSchema" p6:type="q34:string">Multi Quote Calculation</Value>
          </CellDefinition>
          <CellDefinition p6:type="ConstantCellDefinition" CalculationEnabled="true" DataVisible="true" RowHidden="false" EndOfLine="false" xmlns:p6="http://www.w3.org/2001/XMLSchema-instance">
            <Range Top="33" Left="3" Bottom="33" Right="3" />
            <Value xmlns:q35="http://www.w3.org/2001/XMLSchema" p6:type="q35:string">Quality Index Calculation</Value>
          </CellDefinition>
          <CellDefinition p6:type="ConstantCellDefinition" CalculationEnabled="true" DataVisible="true" RowHidden="false" EndOfLine="false" xmlns:p6="http://www.w3.org/2001/XMLSchema-instance">
            <Range Top="34" Left="3" Bottom="34" Right="3" />
            <Value xmlns:q36="http://www.w3.org/2001/XMLSchema" p6:type="q36:string">Standard Deviation</Value>
          </CellDefinition>
          <CellDefinition p6:type="ConstantCellDefinition" CalculationEnabled="true" DataVisible="true" RowHidden="false" EndOfLine="false" xmlns:p6="http://www.w3.org/2001/XMLSchema-instance">
            <Range Top="35" Left="3" Bottom="35" Right="3" />
            <Value xmlns:q37="http://www.w3.org/2001/XMLSchema" p6:type="q37:string">Arithmetic Median</Value>
          </CellDefinition>
          <CellDefinition p6:type="ConstantCellDefinition" CalculationEnabled="true" DataVisible="true" RowHidden="false" EndOfLine="false" xmlns:p6="http://www.w3.org/2001/XMLSchema-instance">
            <Range Top="11" Left="0" Bottom="11" Right="0" />
            <Value xmlns:q38="http://www.w3.org/2001/XMLSchema" p6:type="q38:string">Source Quotes</Value>
          </CellDefinition>
          <CellDefinition p6:type="FormulaCellDefinition" CalculationEnabled="true" DataVisible="true" RowHidden="false" EndOfLine="false" xmlns:p6="http://www.w3.org/2001/XMLSchema-instance">
            <Range Top="17" Left="5" Bottom="17" Right="5" />
            <Value>round(ValidQuotesStdDev, 4)</Value>
          </CellDefinition>
          <CellDefinition p6:type="ConstantCellDefinition" CalculationEnabled="true" DataVisible="true" RowHidden="false" EndOfLine="false" xmlns:p6="http://www.w3.org/2001/XMLSchema-instance">
            <Range Top="0" Left="0" Bottom="0" Right="0" />
            <Value xmlns:q39="http://www.w3.org/2001/XMLSchema" p6:type="q39:string">DatabaseName</Value>
          </CellDefinition>
          <CellDefinition p6:type="ConstantCellDefinition" CalculationEnabled="true" DataVisible="true" RowHidden="false" EndOfLine="false" xmlns:p6="http://www.w3.org/2001/XMLSchema-instance">
            <Range Top="0" Left="1" Bottom="0" Right="1" />
            <Value xmlns:q40="http://www.w3.org/2001/XMLSchema" p6:type="q40:string">CodeName</Value>
          </CellDefinition>
          <CellDefinition p6:type="ConstantCellDefinition" CalculationEnabled="true" DataVisible="true" RowHidden="false" EndOfLine="false" xmlns:p6="http://www.w3.org/2001/XMLSchema-instance">
            <Range Top="0" Left="2" Bottom="0" Right="2" />
            <Value xmlns:q41="http://www.w3.org/2001/XMLSchema" p6:type="q41:string">CodeTypeName</Value>
          </CellDefinition>
          <CellDefinition p6:type="ConstantCellDefinition" CalculationEnabled="true" DataVisible="true" RowHidden="false" EndOfLine="false" xmlns:p6="http://www.w3.org/2001/XMLSchema-instance">
            <Range Top="0" Left="3" Bottom="0" Right="3" />
            <Value xmlns:q42="http://www.w3.org/2001/XMLSchema" p6:type="q42:string">TargetProperty</Value>
          </CellDefinition>
          <CellDefinition p6:type="ConstantCellDefinition" CalculationEnabled="true" DataVisible="true" RowHidden="false" EndOfLine="false" xmlns:p6="http://www.w3.org/2001/XMLSchema-instance">
            <Range Top="0" Left="4" Bottom="0" Right="4" />
            <Value xmlns:q43="http://www.w3.org/2001/XMLSchema" p6:type="q43:string">TargetDatasource</Value>
          </CellDefinition>
          <CellDefinition p6:type="ConstantCellDefinition" CalculationEnabled="true" DataVisible="true" RowHidden="false" EndOfLine="false" xmlns:p6="http://www.w3.org/2001/XMLSchema-instance">
            <Range Top="0" Left="5" Bottom="0" Right="5" />
            <Value xmlns:q44="http://www.w3.org/2001/XMLSchema" p6:type="q44:string">StartDate</Value>
          </CellDefinition>
          <CellDefinition p6:type="ConstantCellDefinition" CalculationEnabled="true" DataVisible="true" RowHidden="false" EndOfLine="false" xmlns:p6="http://www.w3.org/2001/XMLSchema-instance">
            <Range Top="0" Left="6" Bottom="0" Right="6" />
            <Value xmlns:q45="http://www.w3.org/2001/XMLSchema" p6:type="q45:string">EndDate</Value>
          </CellDefinition>
          <CellDefinition p6:type="ConstantCellDefinition" CalculationEnabled="true" DataVisible="true" RowHidden="false" EndOfLine="false" xmlns:p6="http://www.w3.org/2001/XMLSchema-instance">
            <Range Top="14" Left="1" Bottom="14" Right="1" />
            <Value xmlns:q46="http://www.w3.org/2001/XMLSchema" p6:type="q46:string">Contributor</Value>
          </CellDefinition>
          <CellDefinition p6:type="ConstantCellDefinition" CalculationEnabled="true" DataVisible="true" RowHidden="false" EndOfLine="false" xmlns:p6="http://www.w3.org/2001/XMLSchema-instance">
            <Range Top="14" Left="3" Bottom="14" Right="3" />
            <Value xmlns:q47="http://www.w3.org/2001/XMLSchema" p6:type="q47:string">Date/Time</Value>
          </CellDefinition>
          <CellDefinition p6:type="ConstantCellDefinition" CalculationEnabled="true" DataVisible="true" RowHidden="false" EndOfLine="false" xmlns:p6="http://www.w3.org/2001/XMLSchema-instance">
            <Range Top="14" Left="4" Bottom="14" Right="4" />
            <Value xmlns:q48="http://www.w3.org/2001/XMLSchema" p6:type="q48:string">Raw Quote</Value>
          </CellDefinition>
          <CellDefinition p6:type="ConstantCellDefinition" CalculationEnabled="true" DataVisible="true" RowHidden="false" EndOfLine="false" xmlns:p6="http://www.w3.org/2001/XMLSchema-instance">
            <Range Top="3" Left="0" Bottom="3" Right="0" />
            <Value xmlns:q49="http://www.w3.org/2001/XMLSchema" p6:type="q49:string">pValue</Value>
          </CellDefinition>
          <CellDefinition p6:type="ConstantCellDefinition" CalculationEnabled="true" DataVisible="true" RowHidden="false" EndOfLine="false" xmlns:p6="http://www.w3.org/2001/XMLSchema-instance">
            <Range Top="14" Left="5" Bottom="14" Right="5" />
            <Value xmlns:q50="http://www.w3.org/2001/XMLSchema" p6:type="q50:string">Valid Quote</Value>
          </CellDefinition>
          <CellDefinition p6:type="ConstantCellDefinition" CalculationEnabled="true" DataVisible="true" RowHidden="false" EndOfLine="false" xmlns:p6="http://www.w3.org/2001/XMLSchema-instance">
            <Range Top="3" Left="1" Bottom="3" Right="1" />
            <Value xmlns:q51="http://www.w3.org/2001/XMLSchema" p6:type="q51:string">Drop # Quotes</Value>
          </CellDefinition>
          <CellDefinition p6:type="ConstantCellDefinition" CalculationEnabled="true" DataVisible="true" RowHidden="false" EndOfLine="false" xmlns:p6="http://www.w3.org/2001/XMLSchema-instance">
            <Range Top="17" Left="4" Bottom="17" Right="4" />
            <Value xmlns:q52="http://www.w3.org/2001/XMLSchema" p6:type="q52:string">Std. Dev.</Value>
          </CellDefinition>
          <CellDefinition p6:type="ConstantCellDefinition" CalculationEnabled="true" DataVisible="true" RowHidden="false" EndOfLine="false" xmlns:p6="http://www.w3.org/2001/XMLSchema-instance">
            <Range Top="21" Left="4" Bottom="21" Right="4" />
            <Value xmlns:q53="http://www.w3.org/2001/XMLSchema" p6:type="q53:string">MedianRow</Value>
          </CellDefinition>
          <CellDefinition p6:type="ConstantCellDefinition" CalculationEnabled="true" DataVisible="true" RowHidden="false" EndOfLine="false" xmlns:p6="http://www.w3.org/2001/XMLSchema-instance">
            <Range Top="9" Left="0" Bottom="9" Right="0" />
            <Value xmlns:q54="http://www.w3.org/2001/XMLSchema" p6:type="q54:string">Preferred Contributor</Value>
          </CellDefinition>
          <CellDefinition p6:type="ConstantCellDefinition" CalculationEnabled="true" DataVisible="true" RowHidden="false" EndOfLine="false" xmlns:p6="http://www.w3.org/2001/XMLSchema-instance">
            <Range Top="3" Left="2" Bottom="3" Right="2" />
            <Value xmlns:q55="http://www.w3.org/2001/XMLSchema" p6:type="q55:string">IPV/MCC</Value>
          </CellDefinition>
          <CellDefinition p6:type="ConstantCellDefinition" CalculationEnabled="true" DataVisible="true" RowHidden="false" EndOfLine="false" xmlns:p6="http://www.w3.org/2001/XMLSchema-instance">
            <Range Top="3" Left="3" Bottom="3" Right="3" />
            <Value xmlns:q56="http://www.w3.org/2001/XMLSchema" p6:type="q56:string">Direction</Value>
          </CellDefinition>
          <CellDefinition p6:type="ConstantCellDefinition" CalculationEnabled="true" DataVisible="true" RowHidden="false" EndOfLine="false" xmlns:p6="http://www.w3.org/2001/XMLSchema-instance">
            <Range Top="14" Left="6" Bottom="14" Right="6" />
            <Value xmlns:q57="http://www.w3.org/2001/XMLSchema" p6:type="q57:string">Within Limits</Value>
          </CellDefinition>
          <CellDefinition p6:type="ConstantCellDefinition" CalculationEnabled="true" DataVisible="true" RowHidden="false" EndOfLine="false" xmlns:p6="http://www.w3.org/2001/XMLSchema-instance">
            <Range Top="3" Left="4" Bottom="3" Right="4" />
            <Value xmlns:q58="http://www.w3.org/2001/XMLSchema" p6:type="q58:string">Max # Hits</Value>
          </CellDefinition>
          <CellDefinition p6:type="ConstantCellDefinition" CalculationEnabled="true" DataVisible="true" RowHidden="false" EndOfLine="false" xmlns:p6="http://www.w3.org/2001/XMLSchema-instance">
            <Range Top="3" Left="5" Bottom="3" Right="5" />
            <Value xmlns:q59="http://www.w3.org/2001/XMLSchema" p6:type="q59:string">Max # Valid Hits</Value>
          </CellDefinition>
          <CellDefinition p6:type="ConstantCellDefinition" CalculationEnabled="true" DataVisible="true" RowHidden="false" EndOfLine="false" xmlns:p6="http://www.w3.org/2001/XMLSchema-instance">
            <Range Top="25" Left="0" Bottom="25" Right="0" />
            <Value xmlns:q60="http://www.w3.org/2001/XMLSchema" p6:type="q60:string">Max # Valid Hits</Value>
          </CellDefinition>
          <CellDefinition p6:type="FormulaCellDefinition" CalculationEnabled="true" DataVisible="true" RowHidden="false" EndOfLine="false" xmlns:p6="http://www.w3.org/2001/XMLSchema-instance">
            <Range Top="25" Left="1" Bottom="25" Right="1" />
            <Value>MaxValidHits</Value>
          </CellDefinition>
          <CellDefinition p6:type="ConstantCellDefinition" CalculationEnabled="true" DataVisible="true" RowHidden="false" EndOfLine="false" xmlns:p6="http://www.w3.org/2001/XMLSchema-instance">
            <Range Top="26" Left="0" Bottom="26" Right="0" />
            <Value xmlns:q61="http://www.w3.org/2001/XMLSchema" p6:type="q61:string">QI (# Valid Hits)</Value>
          </CellDefinition>
          <CellDefinition p6:type="ConstantCellDefinition" CalculationEnabled="true" DataVisible="true" RowHidden="false" EndOfLine="false" xmlns:p6="http://www.w3.org/2001/XMLSchema-instance">
            <Range Top="14" Left="2" Bottom="14" Right="2" />
            <Value xmlns:q62="http://www.w3.org/2001/XMLSchema" p6:type="q62:string">Source</Value>
          </CellDefinition>
          <CellDefinition p6:type="ConstantCellDefinition" CalculationEnabled="true" DataVisible="true" RowHidden="false" EndOfLine="false" xmlns:p6="http://www.w3.org/2001/XMLSchema-instance">
            <Range Top="3" Left="6" Bottom="3" Right="6" />
            <Value xmlns:q63="http://www.w3.org/2001/XMLSchema" p6:type="q63:string">Default Tolerance</Value>
          </CellDefinition>
          <CellDefinition p6:type="ConstantCellDefinition" CalculationEnabled="true" DataVisible="true" RowHidden="false" EndOfLine="false" xmlns:p6="http://www.w3.org/2001/XMLSchema-instance">
            <Range Top="14" Left="7" Bottom="14" Right="7" />
            <Value xmlns:q64="http://www.w3.org/2001/XMLSchema" p6:type="q64:string">Preferred/Median</Value>
          </CellDefinition>
          <CellDefinition p6:type="FormulaCellDefinition" CalculationEnabled="true" DataVisible="true" RowHidden="false" EndOfLine="false" xmlns:p6="http://www.w3.org/2001/XMLSchema-instance">
            <Range Top="15" Left="7" Bottom="15" Right="7" />
            <Value>IF(PreferredRow = MedianRow, ARRAY(RawQuotesCount, 1).SETCELLDATA(MedianRow, 1, 'Preferred &amp; Median'), IF(ISERROR(PreferredRow), IF(ISERROR(MedianRow), ARRAY(RawQuotesCount, 1), ARRAY(RawQuotesCount, 1).SETCELLDATA(MedianRow, 1, 'Median')), IF(ISERROR(MedianRow), ARRAY(RawQuotesCount, 1).SETCELLDATA(PreferredRow, 1, 'Preferred'), ARRAY(RawQuotesCount, 1).SETCELLDATA(PreferredRow, 1, 'Preferred').Setcelldata(MedianRow, 1, 'Median'))))</Value>
          </CellDefinition>
          <CellDefinition p6:type="ConstantCellDefinition" CalculationEnabled="true" DataVisible="true" RowHidden="false" EndOfLine="false" xmlns:p6="http://www.w3.org/2001/XMLSchema-instance">
            <Range Top="22" Left="4" Bottom="22" Right="4" />
            <Value xmlns:q65="http://www.w3.org/2001/XMLSchema" p6:type="q65:string">ValidQuotesStdDev</Value>
          </CellDefinition>
          <CellDefinition p6:type="ConstantCellDefinition" CalculationEnabled="true" DataVisible="true" RowHidden="false" EndOfLine="false" xmlns:p6="http://www.w3.org/2001/XMLSchema-instance">
            <Range Top="27" Left="0" Bottom="27" Right="0" />
            <Value xmlns:q66="http://www.w3.org/2001/XMLSchema" p6:type="q66:string">QI (StdDev)</Value>
          </CellDefinition>
          <CellDefinition p6:type="ConstantCellDefinition" CalculationEnabled="true" DataVisible="true" RowHidden="false" EndOfLine="false" xmlns:p6="http://www.w3.org/2001/XMLSchema-instance">
            <Range Top="16" Left="4" Bottom="16" Right="4" />
            <Value xmlns:q67="http://www.w3.org/2001/XMLSchema" p6:type="q67:string">Median</Value>
          </CellDefinition>
          <CellDefinition p6:type="ConstantCellDefinition" CalculationEnabled="true" DataVisible="true" RowHidden="false" EndOfLine="false" xmlns:p6="http://www.w3.org/2001/XMLSchema-instance">
            <Range Top="18" Left="4" Bottom="18" Right="4" />
            <Value xmlns:q68="http://www.w3.org/2001/XMLSchema" p6:type="q68:string">Lower Limit</Value>
          </CellDefinition>
          <CellDefinition p6:type="FormulaCellDefinition" CalculationEnabled="true" DataVisible="true" RowHidden="false" EndOfLine="false" xmlns:p6="http://www.w3.org/2001/XMLSchema-instance">
            <Range Top="18" Left="5" Bottom="18" Right="5" />
            <Value>ROUND(MedianQuote - ValidQuotesStdDev, 4)</Value>
          </CellDefinition>
          <CellDefinition p6:type="ConstantCellDefinition" CalculationEnabled="true" DataVisible="true" RowHidden="false" EndOfLine="false" xmlns:p6="http://www.w3.org/2001/XMLSchema-instance">
            <Range Top="19" Left="4" Bottom="19" Right="4" />
            <Value xmlns:q69="http://www.w3.org/2001/XMLSchema" p6:type="q69:string">Upper Limit</Value>
          </CellDefinition>
          <CellDefinition p6:type="FormulaCellDefinition" CalculationEnabled="true" DataVisible="true" RowHidden="false" EndOfLine="false" xmlns:p6="http://www.w3.org/2001/XMLSchema-instance">
            <Range Top="19" Left="5" Bottom="19" Right="5" />
            <Value>ROUND(MedianQuote + ValidQuotesStdDev, 4)</Value>
          </CellDefinition>
          <CellDefinition p6:type="ConstantCellDefinition" CalculationEnabled="true" DataVisible="true" RowHidden="false" EndOfLine="false" xmlns:p6="http://www.w3.org/2001/XMLSchema-instance">
            <Range Top="28" Left="0" Bottom="28" Right="0" />
            <Value xmlns:q70="http://www.w3.org/2001/XMLSchema" p6:type="q70:string">QI (Ref Price)</Value>
          </CellDefinition>
          <CellDefinition p6:type="ConstantCellDefinition" CalculationEnabled="true" DataVisible="true" RowHidden="false" EndOfLine="false" xmlns:p6="http://www.w3.org/2001/XMLSchema-instance">
            <Range Top="7" Left="0" Bottom="7" Right="0" />
            <Value xmlns:q71="http://www.w3.org/2001/XMLSchema" p6:type="q71:string">Data Inputs</Value>
          </CellDefinition>
          <CellDefinition p6:type="ConstantCellDefinition" CalculationEnabled="true" DataVisible="true" RowHidden="false" EndOfLine="false" xmlns:p6="http://www.w3.org/2001/XMLSchema-instance">
            <Range Top="12" Left="0" Bottom="12" Right="0" />
            <Value xmlns:q72="http://www.w3.org/2001/XMLSchema" p6:type="q72:string">Source Quotes One Side</Value>
          </CellDefinition>
          <CellDefinition p6:type="ConstantCellDefinition" CalculationEnabled="true" DataVisible="true" RowHidden="false" EndOfLine="false" xmlns:p6="http://www.w3.org/2001/XMLSchema-instance">
            <Range Top="24" Left="3" Bottom="24" Right="3" />
            <Value xmlns:q73="http://www.w3.org/2001/XMLSchema" p6:type="q73:string">Reference Row</Value>
          </CellDefinition>
          <CellDefinition p6:type="FormulaCellDefinition" CalculationEnabled="true" DataVisible="true" RowHidden="false" EndOfLine="false" xmlns:p6="http://www.w3.org/2001/XMLSchema-instance">
            <Range Top="27" Left="4" Bottom="27" Right="4" />
            <Value>ValidQuotes.Cells(ReferenceRow, 1)</Value>
          </CellDefinition>
          <CellDefinition p6:type="FormulaCellDefinition" CalculationEnabled="true" DataVisible="true" RowHidden="false" EndOfLine="false" xmlns:p6="http://www.w3.org/2001/XMLSchema-instance">
            <Range Top="30" Left="4" Bottom="30" Right="4" />
            <Value>QI</Value>
          </CellDefinition>
          <CellDefinition p6:type="FormulaCellDefinition" CalculationEnabled="true" DataVisible="true" RowHidden="false" EndOfLine="false" xmlns:p6="http://www.w3.org/2001/XMLSchema-instance">
            <Range Top="32" Left="4" Bottom="32" Right="4" />
            <Value>QuoteTable.Flatten</Value>
          </CellDefinition>
          <CellDefinition CalculationEnabled="true" DataVisible="true" RowHidden="false" EndOfLine="false">
            <Range Top="16" Left="0" Bottom="16" Right="0" />
          </CellDefinition>
          <CellDefinition CalculationEnabled="true" DataVisible="true" RowHidden="false" EndOfLine="false">
            <Range Top="16" Left="1" Bottom="16" Right="1" />
          </CellDefinition>
          <CellDefinition CalculationEnabled="true" DataVisible="true" RowHidden="false" EndOfLine="false">
            <Range Top="16" Left="2" Bottom="16" Right="2" />
          </CellDefinition>
          <CellDefinition CalculationEnabled="true" DataVisible="true" RowHidden="false" EndOfLine="false">
            <Range Top="16" Left="3" Bottom="16" Right="3" />
          </CellDefinition>
          <CellDefinition CalculationEnabled="true" DataVisible="true" RowHidden="false" EndOfLine="false">
            <Range Top="16" Left="6" Bottom="16" Right="6" />
          </CellDefinition>
          <CellDefinition CalculationEnabled="true" DataVisible="true" RowHidden="false" EndOfLine="false">
            <Range Top="16" Left="7" Bottom="16" Right="7" />
          </CellDefinition>
          <CellDefinition CalculationEnabled="true" DataVisible="true" RowHidden="false" EndOfLine="false">
            <Range Top="17" Left="0" Bottom="17" Right="0" />
          </CellDefinition>
          <CellDefinition CalculationEnabled="true" DataVisible="true" RowHidden="false" EndOfLine="false">
            <Range Top="17" Left="2" Bottom="17" Right="2" />
          </CellDefinition>
          <CellDefinition CalculationEnabled="true" DataVisible="true" RowHidden="false" EndOfLine="false">
            <Range Top="17" Left="3" Bottom="17" Right="3" />
          </CellDefinition>
          <CellDefinition CalculationEnabled="true" DataVisible="true" RowHidden="false" EndOfLine="false">
            <Range Top="17" Left="6" Bottom="17" Right="6" />
          </CellDefinition>
          <CellDefinition CalculationEnabled="true" DataVisible="true" RowHidden="false" EndOfLine="false">
            <Range Top="17" Left="7" Bottom="17" Right="7" />
          </CellDefinition>
          <CellDefinition CalculationEnabled="true" DataVisible="true" RowHidden="false" EndOfLine="false">
            <Range Top="18" Left="0" Bottom="18" Right="0" />
          </CellDefinition>
          <CellDefinition CalculationEnabled="true" DataVisible="true" RowHidden="false" EndOfLine="false">
            <Range Top="18" Left="1" Bottom="18" Right="1" />
          </CellDefinition>
          <CellDefinition CalculationEnabled="true" DataVisible="true" RowHidden="false" EndOfLine="false">
            <Range Top="18" Left="2" Bottom="18" Right="2" />
          </CellDefinition>
          <CellDefinition CalculationEnabled="true" DataVisible="true" RowHidden="false" EndOfLine="false">
            <Range Top="18" Left="3" Bottom="18" Right="3" />
          </CellDefinition>
          <CellDefinition CalculationEnabled="true" DataVisible="true" RowHidden="false" EndOfLine="false">
            <Range Top="18" Left="6" Bottom="18" Right="6" />
          </CellDefinition>
          <CellDefinition CalculationEnabled="true" DataVisible="true" RowHidden="false" EndOfLine="false">
            <Range Top="18" Left="7" Bottom="18" Right="7" />
          </CellDefinition>
          <CellDefinition CalculationEnabled="true" DataVisible="true" RowHidden="false" EndOfLine="false">
            <Range Top="19" Left="0" Bottom="19" Right="0" />
          </CellDefinition>
          <CellDefinition CalculationEnabled="true" DataVisible="true" RowHidden="false" EndOfLine="false">
            <Range Top="19" Left="2" Bottom="19" Right="2" />
          </CellDefinition>
          <CellDefinition CalculationEnabled="true" DataVisible="true" RowHidden="false" EndOfLine="false">
            <Range Top="19" Left="3" Bottom="19" Right="3" />
          </CellDefinition>
          <CellDefinition CalculationEnabled="true" DataVisible="true" RowHidden="false" EndOfLine="false">
            <Range Top="19" Left="6" Bottom="19" Right="6" />
          </CellDefinition>
          <CellDefinition p6:type="FormulaCellDefinition" CalculationEnabled="true" DataVisible="true" RowHidden="false" EndOfLine="false" xmlns:p6="http://www.w3.org/2001/XMLSchema-instance">
            <Range Top="33" Left="4" Bottom="33" Right="4" />
            <Value>QICalculation</Value>
          </CellDefinition>
          <CellDefinition p6:type="FormulaCellDefinition" CalculationEnabled="true" DataVisible="true" RowHidden="false" EndOfLine="false" xmlns:p6="http://www.w3.org/2001/XMLSchema-instance">
            <Range Top="34" Left="4" Bottom="34" Right="4" />
            <Value>ValidQuotesStdDev</Value>
          </CellDefinition>
          <CellDefinition p6:type="FormulaCellDefinition" CalculationEnabled="true" DataVisible="true" RowHidden="false" EndOfLine="false" xmlns:p6="http://www.w3.org/2001/XMLSchema-instance">
            <Range Top="35" Left="4" Bottom="35" Right="4" />
            <Value>ValidQuotes.MEDIAN</Value>
          </CellDefinition>
          <CellDefinition p6:type="ConstantCellDefinition" CalculationEnabled="true" DataVisible="true" RowHidden="false" EndOfLine="false" xmlns:p6="http://www.w3.org/2001/XMLSchema-instance">
            <Range Top="3" Left="7" Bottom="3" Right="7" />
            <Value xmlns:q74="http://www.w3.org/2001/XMLSchema" p6:type="q74:string">Whitelist</Value>
          </CellDefinition>
          <CellDefinition p6:type="ConstantCellDefinition" CalculationEnabled="true" DataVisible="true" RowHidden="false" EndOfLine="false" xmlns:p6="http://www.w3.org/2001/XMLSchema-instance">
            <Range Top="24" Left="5" Bottom="24" Right="5" />
            <Value xmlns:q75="http://www.w3.org/2001/XMLSchema" p6:type="q75:string">Reference Row</Value>
          </CellDefinition>
          <CellDefinition p6:type="ConstantCellDefinition" CalculationEnabled="true" DataVisible="true" RowHidden="false" EndOfLine="false" xmlns:p6="http://www.w3.org/2001/XMLSchema-instance">
            <Range Top="30" Left="0" Bottom="30" Right="0" />
            <Value xmlns:q76="http://www.w3.org/2001/XMLSchema" p6:type="q76:string">Results Datasources</Value>
          </CellDefinition>
          <CellDefinition p6:type="ConstantCellDefinition" CalculationEnabled="true" DataVisible="true" RowHidden="false" EndOfLine="false" xmlns:p6="http://www.w3.org/2001/XMLSchema-instance">
            <Range Top="33" Left="0" Bottom="33" Right="0" />
            <Value xmlns:q77="http://www.w3.org/2001/XMLSchema" p6:type="q77:string">InputAudit</Value>
          </CellDefinition>
          <CellDefinition p6:type="ConstantCellDefinition" CalculationEnabled="true" DataVisible="true" RowHidden="false" EndOfLine="false" xmlns:p6="http://www.w3.org/2001/XMLSchema-instance">
            <Range Top="32" Left="0" Bottom="32" Right="0" />
            <Value xmlns:q78="http://www.w3.org/2001/XMLSchema" p6:type="q78:string">AuditBase</Value>
          </CellDefinition>
          <CellDefinition p6:type="ConstantCellDefinition" CalculationEnabled="true" DataVisible="true" RowHidden="false" EndOfLine="false" xmlns:p6="http://www.w3.org/2001/XMLSchema-instance">
            <Range Top="34" Left="0" Bottom="34" Right="0" />
            <Value xmlns:q79="http://www.w3.org/2001/XMLSchema" p6:type="q79:string">CalculationAudit</Value>
          </CellDefinition>
          <CellDefinition p6:type="FormulaCellDefinition" CalculationEnabled="true" DataVisible="true" RowHidden="false" EndOfLine="false" xmlns:p6="http://www.w3.org/2001/XMLSchema-instance">
            <Range Top="34" Left="1" Bottom="34" Right="1" />
            <Value>Description</Value>
          </CellDefinition>
          <CellDefinition p6:type="FormulaCellDefinition" CalculationEnabled="true" DataVisible="true" RowHidden="false" EndOfLine="false" xmlns:p6="http://www.w3.org/2001/XMLSchema-instance">
            <Range Top="25" Left="6" Bottom="25" Right="6" />
            <Value>ResultsDatasources.Values(Column_1, E26)</Value>
          </CellDefinition>
          <CellDefinition p6:type="FormulaCellDefinition" CalculationEnabled="true" DataVisible="true" RowHidden="false" EndOfLine="false" xmlns:p6="http://www.w3.org/2001/XMLSchema-instance">
            <Range Top="26" Left="6" Bottom="26" Right="6" />
            <Value>ResultsDatasources.Values(Column_1, E27)</Value>
          </CellDefinition>
          <CellDefinition p6:type="FormulaCellDefinition" CalculationEnabled="true" DataVisible="true" RowHidden="false" EndOfLine="false" xmlns:p6="http://www.w3.org/2001/XMLSchema-instance">
            <Range Top="27" Left="6" Bottom="27" Right="6" />
            <Value>ResultsDatasources.Values(Column_1, E28)</Value>
          </CellDefinition>
          <CellDefinition p6:type="FormulaCellDefinition" CalculationEnabled="true" DataVisible="true" RowHidden="false" EndOfLine="false" xmlns:p6="http://www.w3.org/2001/XMLSchema-instance">
            <Range Top="28" Left="6" Bottom="28" Right="6" />
            <Value>ResultsDatasources.Values(Column_1, E29)</Value>
          </CellDefinition>
          <CellDefinition p6:type="FormulaCellDefinition" CalculationEnabled="true" DataVisible="true" RowHidden="false" EndOfLine="false" xmlns:p6="http://www.w3.org/2001/XMLSchema-instance">
            <Range Top="29" Left="6" Bottom="29" Right="6" />
            <Value>ResultsDatasources.Values(Column_1, E30)</Value>
          </CellDefinition>
          <CellDefinition p6:type="FormulaCellDefinition" CalculationEnabled="true" DataVisible="true" RowHidden="false" EndOfLine="false" xmlns:p6="http://www.w3.org/2001/XMLSchema-instance">
            <Range Top="30" Left="6" Bottom="30" Right="6" />
            <Value>ResultsDatasources.Values(Column_1, E31)</Value>
          </CellDefinition>
          <CellDefinition p6:type="FormulaCellDefinition" CalculationEnabled="true" DataVisible="true" RowHidden="false" EndOfLine="false" xmlns:p6="http://www.w3.org/2001/XMLSchema-instance">
            <Range Top="32" Left="6" Bottom="32" Right="6" />
            <Value>ResultsDatasources.Values(Column_1, E33)</Value>
          </CellDefinition>
          <CellDefinition p6:type="FormulaCellDefinition" CalculationEnabled="true" DataVisible="true" RowHidden="false" EndOfLine="false" xmlns:p6="http://www.w3.org/2001/XMLSchema-instance">
            <Range Top="33" Left="6" Bottom="33" Right="6" />
            <Value>ResultsDatasources.Values(Column_1, E34)</Value>
          </CellDefinition>
          <CellDefinition p6:type="FormulaCellDefinition" CalculationEnabled="true" DataVisible="true" RowHidden="false" EndOfLine="false" xmlns:p6="http://www.w3.org/2001/XMLSchema-instance">
            <Range Top="34" Left="6" Bottom="34" Right="6" />
            <Value>ResultsDatasources.Values(Column_1, E35)</Value>
          </CellDefinition>
          <CellDefinition p6:type="FormulaCellDefinition" CalculationEnabled="true" DataVisible="true" RowHidden="false" EndOfLine="false" xmlns:p6="http://www.w3.org/2001/XMLSchema-instance">
            <Range Top="35" Left="6" Bottom="35" Right="6" />
            <Value>ResultsDatasources.Values(Column_1, E36)</Value>
          </CellDefinition>
          <CellDefinition p6:type="ConstantCellDefinition" CalculationEnabled="true" DataVisible="true" RowHidden="false" EndOfLine="false" xmlns:p6="http://www.w3.org/2001/XMLSchema-instance">
            <Range Top="21" Left="0" Bottom="21" Right="0" />
            <Value xmlns:q80="http://www.w3.org/2001/XMLSchema" p6:type="q80:string">Tolerance Table</Value>
          </CellDefinition>
          <CellDefinition p6:type="ConstantCellDefinition" CalculationEnabled="true" DataVisible="true" RowHidden="false" EndOfLine="false" xmlns:p6="http://www.w3.org/2001/XMLSchema-instance">
            <Range Top="22" Left="0" Bottom="22" Right="0" />
            <Value xmlns:q81="http://www.w3.org/2001/XMLSchema" p6:type="q81:string">Spread-Based Tolerance</Value>
          </CellDefinition>
          <CellDefinition p6:type="ConstantCellDefinition" CalculationEnabled="true" DataVisible="true" RowHidden="false" EndOfLine="false" xmlns:p6="http://www.w3.org/2001/XMLSchema-instance">
            <Range Top="20" Left="0" Bottom="20" Right="0" />
            <Value xmlns:q82="http://www.w3.org/2001/XMLSchema" p6:type="q82:string">Bid-Ask Spread</Value>
          </CellDefinition>
          <CellDefinition p6:type="ConstantCellDefinition" CalculationEnabled="true" DataVisible="true" RowHidden="false" EndOfLine="false" xmlns:p6="http://www.w3.org/2001/XMLSchema-instance">
            <Range Top="31" Left="3" Bottom="31" Right="3" />
            <Value xmlns:q83="http://www.w3.org/2001/XMLSchema" p6:type="q83:string">Tolerance</Value>
          </CellDefinition>
          <CellDefinition p6:type="FormulaCellDefinition" CalculationEnabled="true" DataVisible="true" RowHidden="false" EndOfLine="false" xmlns:p6="http://www.w3.org/2001/XMLSchema-instance">
            <Range Top="31" Left="6" Bottom="31" Right="6" />
            <Value>Values('Internal', E32)</Value>
          </CellDefinition>
          <CellDefinition p6:type="ConstantCellDefinition" CalculationEnabled="true" DataVisible="true" RowHidden="false" EndOfLine="false" xmlns:p6="http://www.w3.org/2001/XMLSchema-instance">
            <Range Top="6" Left="3" Bottom="6" Right="3" />
            <Value xmlns:q84="http://www.w3.org/2001/XMLSchema" p6:type="q84:string">SourceLastDates</Value>
          </CellDefinition>
          <CellDefinition p6:type="ConstantCellDefinition" CalculationEnabled="true" DataVisible="true" RowHidden="false" EndOfLine="false" xmlns:p6="http://www.w3.org/2001/XMLSchema-instance">
            <Range Top="7" Left="3" Bottom="7" Right="3" />
            <Value xmlns:q85="http://www.w3.org/2001/XMLSchema" p6:type="q85:string">FilteredDataInputs</Value>
          </CellDefinition>
          <CellDefinition p6:type="ConstantCellDefinition" CalculationEnabled="true" DataVisible="true" RowHidden="false" EndOfLine="false" xmlns:p6="http://www.w3.org/2001/XMLSchema-instance">
            <Range Top="8" Left="3" Bottom="8" Right="3" />
            <Value xmlns:q86="http://www.w3.org/2001/XMLSchema" p6:type="q86:string">FilteredData2Sides</Value>
          </CellDefinition>
          <CellDefinition p6:type="ConstantCellDefinition" CalculationEnabled="true" DataVisible="true" RowHidden="false" EndOfLine="false" xmlns:p6="http://www.w3.org/2001/XMLSchema-instance">
            <Range Top="12" Left="3" Bottom="12" Right="3" />
            <Value xmlns:q87="http://www.w3.org/2001/XMLSchema" p6:type="q87:string">RawQuotesCount</Value>
          </CellDefinition>
          <CellDefinition p6:type="ConstantCellDefinition" CalculationEnabled="true" DataVisible="true" RowHidden="false" EndOfLine="false" xmlns:p6="http://www.w3.org/2001/XMLSchema-instance">
            <Range Top="38" Left="7" Bottom="38" Right="7" />
            <Value xmlns:q88="http://www.w3.org/2001/XMLSchema" p6:type="q88:string">Multi Quote Source Quotes</Value>
          </CellDefinition>
          <CellDefinition p6:type="ConstantCellDefinition" CalculationEnabled="true" DataVisible="true" RowHidden="false" EndOfLine="false" xmlns:p6="http://www.w3.org/2001/XMLSchema-instance">
            <Range Top="26" Left="7" Bottom="26" Right="7" />
            <Value xmlns:q89="http://www.w3.org/2001/XMLSchema" p6:type="q89:string">Reference Source</Value>
          </CellDefinition>
          <CellDefinition p6:type="ConstantCellDefinition" CalculationEnabled="true" DataVisible="true" RowHidden="false" EndOfLine="false" xmlns:p6="http://www.w3.org/2001/XMLSchema-instance">
            <Range Top="27" Left="7" Bottom="27" Right="7" />
            <Value xmlns:q90="http://www.w3.org/2001/XMLSchema" p6:type="q90:string">Reference Value</Value>
          </CellDefinition>
          <CellDefinition p6:type="ConstantCellDefinition" CalculationEnabled="true" DataVisible="true" RowHidden="false" EndOfLine="false" xmlns:p6="http://www.w3.org/2001/XMLSchema-instance">
            <Range Top="28" Left="7" Bottom="28" Right="7" />
            <Value xmlns:q91="http://www.w3.org/2001/XMLSchema" p6:type="q91:string">Reference Price Ask</Value>
          </CellDefinition>
          <CellDefinition p6:type="ConstantCellDefinition" CalculationEnabled="true" DataVisible="true" RowHidden="false" EndOfLine="false" xmlns:p6="http://www.w3.org/2001/XMLSchema-instance">
            <Range Top="29" Left="7" Bottom="29" Right="7" />
            <Value xmlns:q92="http://www.w3.org/2001/XMLSchema" p6:type="q92:string">Reference Price Bid</Value>
          </CellDefinition>
          <CellDefinition p6:type="ConstantCellDefinition" CalculationEnabled="true" DataVisible="true" RowHidden="false" EndOfLine="false" xmlns:p6="http://www.w3.org/2001/XMLSchema-instance">
            <Range Top="30" Left="7" Bottom="30" Right="7" />
            <Value xmlns:q93="http://www.w3.org/2001/XMLSchema" p6:type="q93:string">Quality Index</Value>
          </CellDefinition>
          <CellDefinition p6:type="ConstantCellDefinition" CalculationEnabled="true" DataVisible="true" RowHidden="false" EndOfLine="false" xmlns:p6="http://www.w3.org/2001/XMLSchema-instance">
            <Range Top="31" Left="7" Bottom="31" Right="7" />
            <Value xmlns:q94="http://www.w3.org/2001/XMLSchema" p6:type="q94:string">Tolerance</Value>
          </CellDefinition>
          <CellDefinition p6:type="ConstantCellDefinition" CalculationEnabled="true" DataVisible="true" RowHidden="false" EndOfLine="false" xmlns:p6="http://www.w3.org/2001/XMLSchema-instance">
            <Range Top="32" Left="7" Bottom="32" Right="7" />
            <Value xmlns:q95="http://www.w3.org/2001/XMLSchema" p6:type="q95:string">Multi Quote Calculation</Value>
          </CellDefinition>
          <CellDefinition p6:type="ConstantCellDefinition" CalculationEnabled="true" DataVisible="true" RowHidden="false" EndOfLine="false" xmlns:p6="http://www.w3.org/2001/XMLSchema-instance">
            <Range Top="33" Left="7" Bottom="33" Right="7" />
            <Value xmlns:q96="http://www.w3.org/2001/XMLSchema" p6:type="q96:string">Quality Index Calculation</Value>
          </CellDefinition>
          <CellDefinition p6:type="ConstantCellDefinition" CalculationEnabled="true" DataVisible="true" RowHidden="false" EndOfLine="false" xmlns:p6="http://www.w3.org/2001/XMLSchema-instance">
            <Range Top="34" Left="7" Bottom="34" Right="7" />
            <Value xmlns:q97="http://www.w3.org/2001/XMLSchema" p6:type="q97:string">Standard Deviation</Value>
          </CellDefinition>
          <CellDefinition p6:type="ConstantCellDefinition" CalculationEnabled="true" DataVisible="true" RowHidden="false" EndOfLine="false" xmlns:p6="http://www.w3.org/2001/XMLSchema-instance">
            <Range Top="35" Left="0" Bottom="35" Right="0" />
            <Value xmlns:q98="http://www.w3.org/2001/XMLSchema" p6:type="q98:string">PriceAuditBase</Value>
          </CellDefinition>
          <CellDefinition p6:type="ConstantCellDefinition" CalculationEnabled="true" DataVisible="true" RowHidden="false" EndOfLine="false" xmlns:p6="http://www.w3.org/2001/XMLSchema-instance">
            <Range Top="35" Left="7" Bottom="35" Right="7" />
            <Value xmlns:q99="http://www.w3.org/2001/XMLSchema" p6:type="q99:string">Arithmetic Median</Value>
          </CellDefinition>
          <CellDefinition p6:type="FormulaCellDefinition" CalculationEnabled="true" DataVisible="true" RowHidden="false" EndOfLine="false" xmlns:p6="http://www.w3.org/2001/XMLSchema-instance">
            <Range Top="35" Left="8" Bottom="35" Right="8" />
            <Value>ResultsDatasources.Values(Column_1, AuditBase)</Value>
          </CellDefinition>
          <CellDefinition p6:type="FormulaCellDefinition" CalculationEnabled="true" DataVisible="true" RowHidden="false" EndOfLine="false" xmlns:p6="http://www.w3.org/2001/XMLSchema-instance">
            <Range Top="25" Left="8" Bottom="25" Right="8" />
            <Value>ResultsDatasources.Values(Column_1, AuditBase)</Value>
          </CellDefinition>
          <CellDefinition p6:type="FormulaCellDefinition" CalculationEnabled="true" DataVisible="true" RowHidden="false" EndOfLine="false" xmlns:p6="http://www.w3.org/2001/XMLSchema-instance">
            <Range Top="26" Left="8" Bottom="26" Right="8" />
            <Value>ResultsDatasources.Values(Column_1, AuditBase)</Value>
          </CellDefinition>
          <CellDefinition p6:type="FormulaCellDefinition" CalculationEnabled="true" DataVisible="true" RowHidden="false" EndOfLine="false" xmlns:p6="http://www.w3.org/2001/XMLSchema-instance">
            <Range Top="27" Left="8" Bottom="27" Right="8" />
            <Value>ResultsDatasources.Values(Column_1, PriceAuditBase)</Value>
          </CellDefinition>
          <CellDefinition p6:type="FormulaCellDefinition" CalculationEnabled="true" DataVisible="true" RowHidden="false" EndOfLine="false" xmlns:p6="http://www.w3.org/2001/XMLSchema-instance">
            <Range Top="28" Left="8" Bottom="28" Right="8" />
            <Value>ResultsDatasources.Values(Column_1, PriceAuditBase)</Value>
          </CellDefinition>
          <CellDefinition p6:type="FormulaCellDefinition" CalculationEnabled="true" DataVisible="true" RowHidden="false" EndOfLine="false" xmlns:p6="http://www.w3.org/2001/XMLSchema-instance">
            <Range Top="29" Left="8" Bottom="29" Right="8" />
            <Value>ResultsDatasources.Values(Column_1, PriceAuditBase)</Value>
          </CellDefinition>
          <CellDefinition p6:type="FormulaCellDefinition" CalculationEnabled="true" DataVisible="true" RowHidden="false" EndOfLine="false" xmlns:p6="http://www.w3.org/2001/XMLSchema-instance">
            <Range Top="30" Left="8" Bottom="30" Right="8" />
            <Value>ResultsDatasources.Values(Column_1, AuditBase)</Value>
          </CellDefinition>
          <CellDefinition p6:type="FormulaCellDefinition" CalculationEnabled="true" DataVisible="true" RowHidden="false" EndOfLine="false" xmlns:p6="http://www.w3.org/2001/XMLSchema-instance">
            <Range Top="31" Left="8" Bottom="31" Right="8" />
            <Value>Values('Internal', AuditBase)</Value>
          </CellDefinition>
          <CellDefinition p6:type="FormulaCellDefinition" CalculationEnabled="true" DataVisible="true" RowHidden="false" EndOfLine="false" xmlns:p6="http://www.w3.org/2001/XMLSchema-instance">
            <Range Top="32" Left="8" Bottom="32" Right="8" />
            <Value>ResultsDatasources.Values(Column_1, AuditBase)</Value>
          </CellDefinition>
          <CellDefinition p6:type="FormulaCellDefinition" CalculationEnabled="true" DataVisible="true" RowHidden="false" EndOfLine="false" xmlns:p6="http://www.w3.org/2001/XMLSchema-instance">
            <Range Top="33" Left="8" Bottom="33" Right="8" />
            <Value>ResultsDatasources.Values(Column_1, AuditBase)</Value>
          </CellDefinition>
          <CellDefinition p6:type="FormulaCellDefinition" CalculationEnabled="true" DataVisible="true" RowHidden="false" EndOfLine="false" xmlns:p6="http://www.w3.org/2001/XMLSchema-instance">
            <Range Top="34" Left="8" Bottom="34" Right="8" />
            <Value>ResultsDatasources.Values(Column_1, AuditBase)</Value>
          </CellDefinition>
          <CellDefinition p6:type="ConstantCellDefinition" CalculationEnabled="true" DataVisible="true" RowHidden="false" EndOfLine="false" xmlns:p6="http://www.w3.org/2001/XMLSchema-instance">
            <Range Top="2" Left="1" Bottom="2" Right="1" />
            <Value xmlns:q100="http://www.w3.org/2001/XMLSchema" p6:type="q100:string">5911632_S</Value>
          </CellDefinition>
          <CellDefinition p6:type="ConstantCellDefinition" CalculationEnabled="true" DataVisible="true" RowHidden="false" EndOfLine="false" xmlns:p6="http://www.w3.org/2001/XMLSchema-instance">
            <Range Top="36" Left="3" Bottom="36" Right="3" />
            <Value xmlns:q101="http://www.w3.org/2001/XMLSchema" p6:type="q101:string">Data Inputs</Value>
          </CellDefinition>
          <CellDefinition p6:type="FormulaCellDefinition" CalculationEnabled="true" DataVisible="true" RowHidden="false" EndOfLine="false" xmlns:p6="http://www.w3.org/2001/XMLSchema-instance">
            <Range Top="36" Left="4" Bottom="36" Right="4" />
            <Value>Property(DatabaseName, CodeName, 'Data Inputs', CodeTypeName, CalcMethod).Data(StartDate)</Value>
          </CellDefinition>
          <CellDefinition p6:type="FormulaCellDefinition" CalculationEnabled="true" DataVisible="true" RowHidden="false" EndOfLine="false" xmlns:p6="http://www.w3.org/2001/XMLSchema-instance">
            <Range Top="36" Left="6" Bottom="36" Right="6" />
            <Value>Values('Gold', E37)</Value>
          </CellDefinition>
          <CellDefinition p6:type="ConstantCellDefinition" CalculationEnabled="true" DataVisible="true" RowHidden="false" EndOfLine="false" xmlns:p6="http://www.w3.org/2001/XMLSchema-instance">
            <Range Top="36" Left="7" Bottom="36" Right="7" />
            <Value xmlns:q102="http://www.w3.org/2001/XMLSchema" p6:type="q102:string">Data Inputs</Value>
          </CellDefinition>
          <CellDefinition p6:type="FormulaCellDefinition" CalculationEnabled="true" DataVisible="true" RowHidden="false" EndOfLine="false" xmlns:p6="http://www.w3.org/2001/XMLSchema-instance">
            <Range Top="36" Left="8" Bottom="36" Right="8" />
            <Value>Values('Gold',Values(DatabaseName, CodeName, CodeTypeName, 'Bloomberg Bond', 'Murex', StartDate))</Value>
          </CellDefinition>
          <CellDefinition p6:type="ConstantCellDefinition" CalculationEnabled="true" DataVisible="true" RowHidden="false" EndOfLine="false" xmlns:p6="http://www.w3.org/2001/XMLSchema-instance">
            <Range Top="7" Left="6" Bottom="7" Right="6" />
            <Value xmlns:q103="http://www.w3.org/2001/XMLSchema" p6:type="q103:string">StartDateTime</Value>
          </CellDefinition>
          <CellDefinition p6:type="ConstantCellDefinition" CalculationEnabled="true" DataVisible="true" RowHidden="false" EndOfLine="false" xmlns:p6="http://www.w3.org/2001/XMLSchema-instance">
            <Range Top="8" Left="6" Bottom="8" Right="6" />
            <Value xmlns:q104="http://www.w3.org/2001/XMLSchema" p6:type="q104:string">EndDateTime</Value>
          </CellDefinition>
          <CellDefinition p6:type="ConstantCellDefinition" CalculationEnabled="true" DataVisible="true" RowHidden="false" EndOfLine="false" xmlns:p6="http://www.w3.org/2001/XMLSchema-instance">
            <Range Top="37" Left="3" Bottom="37" Right="3" />
            <Value xmlns:q105="http://www.w3.org/2001/XMLSchema" p6:type="q105:string">Whitelist Contributors</Value>
          </CellDefinition>
          <CellDefinition p6:type="FormulaCellDefinition" CalculationEnabled="true" DataVisible="true" RowHidden="false" EndOfLine="false" xmlns:p6="http://www.w3.org/2001/XMLSchema-instance">
            <Range Top="37" Left="4" Bottom="37" Right="4" />
            <Value>Whitelist</Value>
          </CellDefinition>
          <CellDefinition p6:type="FormulaCellDefinition" CalculationEnabled="true" DataVisible="true" RowHidden="false" EndOfLine="false" xmlns:p6="http://www.w3.org/2001/XMLSchema-instance">
            <Range Top="37" Left="8" Bottom="37" Right="8" />
            <Value>ResultsDatasources.Values(Column_1, AuditBase)</Value>
          </CellDefinition>
          <CellDefinition p6:type="FormulaCellDefinition" CalculationEnabled="true" DataVisible="true" RowHidden="false" EndOfLine="false" xmlns:p6="http://www.w3.org/2001/XMLSchema-instance">
            <Range Top="37" Left="6" Bottom="37" Right="6" />
            <Value>ResultsDatasources.Values(Column_1, E38)</Value>
          </CellDefinition>
          <CellDefinition p6:type="ConstantCellDefinition" CalculationEnabled="true" DataVisible="true" RowHidden="false" EndOfLine="false" xmlns:p6="http://www.w3.org/2001/XMLSchema-instance">
            <Range Top="37" Left="7" Bottom="37" Right="7" />
            <Value xmlns:q106="http://www.w3.org/2001/XMLSchema" p6:type="q106:string">Whitelist Contributors</Value>
          </CellDefinition>
          <CellDefinition p6:type="ConstantCellDefinition" CalculationEnabled="true" DataVisible="true" RowHidden="false" EndOfLine="false" xmlns:p6="http://www.w3.org/2001/XMLSchema-instance">
            <Range Top="2" Left="2" Bottom="2" Right="2" />
            <Value xmlns:q107="http://www.w3.org/2001/XMLSchema" p6:type="q107:string">Murex Trade</Value>
          </CellDefinition>
          <CellDefinition p6:type="ConstantCellDefinition" CalculationEnabled="true" DataVisible="true" RowHidden="false" EndOfLine="false" xmlns:p6="http://www.w3.org/2001/XMLSchema-instance">
            <Range Top="0" Left="7" Bottom="0" Right="7" />
            <Value xmlns:q108="http://www.w3.org/2001/XMLSchema" p6:type="q108:string">BondSpreadDependentTolerance</Value>
          </CellDefinition>
        </Cells>
      </Xenomorph.Generic.Formula>
    </Property>
  </Item>
</Category>
