<?xml version="1.0"?>
<Category ItemCount="1" Name="Mapping Tables">
  <Item PropertyCount="1" CodeType="Mapping Table" Code="Quality Index Table" Database="\\SITSERVER\PUBLIC_GOLD">
    <Property Name="Table" Static="true" MultiSourced="true" DataType="List">
      <DataSource Name="Internal">
        <Xenomorph.Generic.List>
          <columnDefinitions>
            <columnDefinition index="1" type="System.Object, mscorlib, Version=4.0.0.0, Culture=neutral, PublicKeyToken=b77a5c561934e089" header="" />
            <columnDefinition index="2" type="System.Object, mscorlib, Version=4.0.0.0, Culture=neutral, PublicKeyToken=b77a5c561934e089" header="" />
            <columnDefinition index="3" type="System.Object, mscorlib, Version=4.0.0.0, Culture=neutral, PublicKeyToken=b77a5c561934e089" header="" />
            <columnDefinition index="4" type="System.Object, mscorlib, Version=4.0.0.0, Culture=neutral, PublicKeyToken=b77a5c561934e089" header="" />
          </columnDefinitions>
          <rows>
            <row index="1">
              <col index="1">
                <anyType xmlns:q1="http://www.w3.org/2001/XMLSchema" p10:type="q1:string" xmlns:p10="http://www.w3.org/2001/XMLSchema-instance">(S-S_EoD(t-1))/ sigma_D</anyType>
              </col>
              <col index="2">
                <anyType xmlns:q1="http://www.w3.org/2001/XMLSchema" p10:type="q1:string" xmlns:p10="http://www.w3.org/2001/XMLSchema-instance">Kum. Vert</anyType>
              </col>
              <col index="3">
                <anyType xmlns:q1="http://www.w3.org/2001/XMLSchema" p10:type="q1:string" xmlns:p10="http://www.w3.org/2001/XMLSchema-instance">Sigma</anyType>
              </col>
              <col index="4">
                <anyType xmlns:q1="http://www.w3.org/2001/XMLSchema" p10:type="q1:string" xmlns:p10="http://www.w3.org/2001/XMLSchema-instance">QI=2*(1NORM.S.VERT(sigma))</anyType>
              </col>
            </row>
            <row index="2">
              <col index="1">
                <anyType xmlns:q1="http://www.w3.org/2001/XMLSchema" p10:type="q1:int" xmlns:p10="http://www.w3.org/2001/XMLSchema-instance">-8</anyType>
              </col>
              <col index="2">
                <anyType xmlns:q1="http://www.w3.org/2001/XMLSchema" p10:type="q1:double" xmlns:p10="http://www.w3.org/2001/XMLSchema-instance">6.22096E-16</anyType>
              </col>
              <col index="3">
                <anyType xmlns:q1="http://www.w3.org/2001/XMLSchema" p10:type="q1:int" xmlns:p10="http://www.w3.org/2001/XMLSchema-instance">7</anyType>
              </col>
              <col index="4">
                <anyType xmlns:q1="http://www.w3.org/2001/XMLSchema" p10:type="q1:string" xmlns:p10="http://www.w3.org/2001/XMLSchema-instance">0.00%</anyType>
              </col>
            </row>
            <row index="3">
              <col index="1">
                <anyType xmlns:q1="http://www.w3.org/2001/XMLSchema" p10:type="q1:int" xmlns:p10="http://www.w3.org/2001/XMLSchema-instance">-7</anyType>
              </col>
              <col index="2">
                <anyType xmlns:q1="http://www.w3.org/2001/XMLSchema" p10:type="q1:double" xmlns:p10="http://www.w3.org/2001/XMLSchema-instance">1.27981E-12</anyType>
              </col>
              <col index="3">
                <anyType xmlns:q1="http://www.w3.org/2001/XMLSchema" p10:type="q1:int" xmlns:p10="http://www.w3.org/2001/XMLSchema-instance">6</anyType>
              </col>
              <col index="4">
                <anyType xmlns:q1="http://www.w3.org/2001/XMLSchema" p10:type="q1:string" xmlns:p10="http://www.w3.org/2001/XMLSchema-instance">0.00%</anyType>
              </col>
            </row>
            <row index="4">
              <col index="1">
                <anyType xmlns:q1="http://www.w3.org/2001/XMLSchema" p10:type="q1:int" xmlns:p10="http://www.w3.org/2001/XMLSchema-instance">-6</anyType>
              </col>
              <col index="2">
                <anyType xmlns:q1="http://www.w3.org/2001/XMLSchema" p10:type="q1:double" xmlns:p10="http://www.w3.org/2001/XMLSchema-instance">9.86588E-10</anyType>
              </col>
              <col index="3">
                <anyType xmlns:q1="http://www.w3.org/2001/XMLSchema" p10:type="q1:int" xmlns:p10="http://www.w3.org/2001/XMLSchema-instance">5</anyType>
              </col>
              <col index="4">
                <anyType xmlns:q1="http://www.w3.org/2001/XMLSchema" p10:type="q1:string" xmlns:p10="http://www.w3.org/2001/XMLSchema-instance">0.00%</anyType>
              </col>
            </row>
            <row index="5">
              <col index="1">
                <anyType xmlns:q1="http://www.w3.org/2001/XMLSchema" p10:type="q1:int" xmlns:p10="http://www.w3.org/2001/XMLSchema-instance">-5</anyType>
              </col>
              <col index="2">
                <anyType xmlns:q1="http://www.w3.org/2001/XMLSchema" p10:type="q1:double" xmlns:p10="http://www.w3.org/2001/XMLSchema-instance">2.86652E-07</anyType>
              </col>
              <col index="3">
                <anyType xmlns:q1="http://www.w3.org/2001/XMLSchema" p10:type="q1:int" xmlns:p10="http://www.w3.org/2001/XMLSchema-instance">4</anyType>
              </col>
              <col index="4">
                <anyType xmlns:q1="http://www.w3.org/2001/XMLSchema" p10:type="q1:string" xmlns:p10="http://www.w3.org/2001/XMLSchema-instance">0.01%</anyType>
              </col>
            </row>
            <row index="6">
              <col index="1">
                <anyType xmlns:q1="http://www.w3.org/2001/XMLSchema" p10:type="q1:int" xmlns:p10="http://www.w3.org/2001/XMLSchema-instance">-4</anyType>
              </col>
              <col index="2">
                <anyType xmlns:q1="http://www.w3.org/2001/XMLSchema" p10:type="q1:double" xmlns:p10="http://www.w3.org/2001/XMLSchema-instance">3.16712E-05</anyType>
              </col>
              <col index="3">
                <anyType xmlns:q1="http://www.w3.org/2001/XMLSchema" p10:type="q1:int" xmlns:p10="http://www.w3.org/2001/XMLSchema-instance">3</anyType>
              </col>
              <col index="4">
                <anyType xmlns:q1="http://www.w3.org/2001/XMLSchema" p10:type="q1:string" xmlns:p10="http://www.w3.org/2001/XMLSchema-instance">0.27%</anyType>
              </col>
            </row>
            <row index="7">
              <col index="1">
                <anyType xmlns:q1="http://www.w3.org/2001/XMLSchema" p10:type="q1:int" xmlns:p10="http://www.w3.org/2001/XMLSchema-instance">-3</anyType>
              </col>
              <col index="2">
                <anyType xmlns:q1="http://www.w3.org/2001/XMLSchema" p10:type="q1:double" xmlns:p10="http://www.w3.org/2001/XMLSchema-instance">0.001349898</anyType>
              </col>
              <col index="3">
                <anyType xmlns:q1="http://www.w3.org/2001/XMLSchema" p10:type="q1:int" xmlns:p10="http://www.w3.org/2001/XMLSchema-instance">2</anyType>
              </col>
              <col index="4">
                <anyType xmlns:q1="http://www.w3.org/2001/XMLSchema" p10:type="q1:string" xmlns:p10="http://www.w3.org/2001/XMLSchema-instance">4.55%</anyType>
              </col>
            </row>
            <row index="8">
              <col index="1">
                <anyType xmlns:q1="http://www.w3.org/2001/XMLSchema" p10:type="q1:double" xmlns:p10="http://www.w3.org/2001/XMLSchema-instance">-2.9</anyType>
              </col>
              <col index="2">
                <anyType xmlns:q1="http://www.w3.org/2001/XMLSchema" p10:type="q1:double" xmlns:p10="http://www.w3.org/2001/XMLSchema-instance">0.001865813</anyType>
              </col>
              <col index="3">
                <anyType xmlns:q1="http://www.w3.org/2001/XMLSchema" p10:type="q1:double" xmlns:p10="http://www.w3.org/2001/XMLSchema-instance">1.9</anyType>
              </col>
              <col index="4">
                <anyType xmlns:q1="http://www.w3.org/2001/XMLSchema" p10:type="q1:string" xmlns:p10="http://www.w3.org/2001/XMLSchema-instance">5.74%</anyType>
              </col>
            </row>
            <row index="9">
              <col index="1">
                <anyType xmlns:q1="http://www.w3.org/2001/XMLSchema" p10:type="q1:double" xmlns:p10="http://www.w3.org/2001/XMLSchema-instance">-2.7</anyType>
              </col>
              <col index="2">
                <anyType xmlns:q1="http://www.w3.org/2001/XMLSchema" p10:type="q1:double" xmlns:p10="http://www.w3.org/2001/XMLSchema-instance">0.003466974</anyType>
              </col>
              <col index="3">
                <anyType xmlns:q1="http://www.w3.org/2001/XMLSchema" p10:type="q1:double" xmlns:p10="http://www.w3.org/2001/XMLSchema-instance">1.7</anyType>
              </col>
              <col index="4">
                <anyType xmlns:q1="http://www.w3.org/2001/XMLSchema" p10:type="q1:string" xmlns:p10="http://www.w3.org/2001/XMLSchema-instance">8.91%</anyType>
              </col>
            </row>
            <row index="10">
              <col index="1">
                <anyType xmlns:q1="http://www.w3.org/2001/XMLSchema" p10:type="q1:double" xmlns:p10="http://www.w3.org/2001/XMLSchema-instance">-2.5</anyType>
              </col>
              <col index="2">
                <anyType xmlns:q1="http://www.w3.org/2001/XMLSchema" p10:type="q1:double" xmlns:p10="http://www.w3.org/2001/XMLSchema-instance">0.006209665</anyType>
              </col>
              <col index="3">
                <anyType xmlns:q1="http://www.w3.org/2001/XMLSchema" p10:type="q1:double" xmlns:p10="http://www.w3.org/2001/XMLSchema-instance">1.5</anyType>
              </col>
              <col index="4">
                <anyType xmlns:q1="http://www.w3.org/2001/XMLSchema" p10:type="q1:string" xmlns:p10="http://www.w3.org/2001/XMLSchema-instance">13.36%</anyType>
              </col>
            </row>
            <row index="11">
              <col index="1">
                <anyType xmlns:q1="http://www.w3.org/2001/XMLSchema" p10:type="q1:double" xmlns:p10="http://www.w3.org/2001/XMLSchema-instance">-2.3</anyType>
              </col>
              <col index="2">
                <anyType xmlns:q1="http://www.w3.org/2001/XMLSchema" p10:type="q1:double" xmlns:p10="http://www.w3.org/2001/XMLSchema-instance">0.01072411</anyType>
              </col>
              <col index="3">
                <anyType xmlns:q1="http://www.w3.org/2001/XMLSchema" p10:type="q1:double" xmlns:p10="http://www.w3.org/2001/XMLSchema-instance">1.3</anyType>
              </col>
              <col index="4">
                <anyType xmlns:q1="http://www.w3.org/2001/XMLSchema" p10:type="q1:string" xmlns:p10="http://www.w3.org/2001/XMLSchema-instance">19.36%</anyType>
              </col>
            </row>
            <row index="12">
              <col index="1">
                <anyType xmlns:q1="http://www.w3.org/2001/XMLSchema" p10:type="q1:double" xmlns:p10="http://www.w3.org/2001/XMLSchema-instance">-2.1</anyType>
              </col>
              <col index="2">
                <anyType xmlns:q1="http://www.w3.org/2001/XMLSchema" p10:type="q1:double" xmlns:p10="http://www.w3.org/2001/XMLSchema-instance">0.017864421</anyType>
              </col>
              <col index="3">
                <anyType xmlns:q1="http://www.w3.org/2001/XMLSchema" p10:type="q1:double" xmlns:p10="http://www.w3.org/2001/XMLSchema-instance">1.1</anyType>
              </col>
              <col index="4">
                <anyType xmlns:q1="http://www.w3.org/2001/XMLSchema" p10:type="q1:string" xmlns:p10="http://www.w3.org/2001/XMLSchema-instance">27.13%</anyType>
              </col>
            </row>
            <row index="13">
              <col index="1">
                <anyType xmlns:q1="http://www.w3.org/2001/XMLSchema" p10:type="q1:int" xmlns:p10="http://www.w3.org/2001/XMLSchema-instance">-2</anyType>
              </col>
              <col index="2">
                <anyType xmlns:q1="http://www.w3.org/2001/XMLSchema" p10:type="q1:double" xmlns:p10="http://www.w3.org/2001/XMLSchema-instance">0.022750132</anyType>
              </col>
              <col index="3">
                <anyType xmlns:q1="http://www.w3.org/2001/XMLSchema" p10:type="q1:int" xmlns:p10="http://www.w3.org/2001/XMLSchema-instance">1</anyType>
              </col>
              <col index="4">
                <anyType xmlns:q1="http://www.w3.org/2001/XMLSchema" p10:type="q1:string" xmlns:p10="http://www.w3.org/2001/XMLSchema-instance">31.73%</anyType>
              </col>
            </row>
            <row index="14">
              <col index="1">
                <anyType xmlns:q1="http://www.w3.org/2001/XMLSchema" p10:type="q1:double" xmlns:p10="http://www.w3.org/2001/XMLSchema-instance">-1.9</anyType>
              </col>
              <col index="2">
                <anyType xmlns:q1="http://www.w3.org/2001/XMLSchema" p10:type="q1:double" xmlns:p10="http://www.w3.org/2001/XMLSchema-instance">0.02871656</anyType>
              </col>
              <col index="3">
                <anyType xmlns:q1="http://www.w3.org/2001/XMLSchema" p10:type="q1:double" xmlns:p10="http://www.w3.org/2001/XMLSchema-instance">0.9</anyType>
              </col>
              <col index="4">
                <anyType xmlns:q1="http://www.w3.org/2001/XMLSchema" p10:type="q1:string" xmlns:p10="http://www.w3.org/2001/XMLSchema-instance">36.81%</anyType>
              </col>
            </row>
            <row index="15">
              <col index="1">
                <anyType xmlns:q1="http://www.w3.org/2001/XMLSchema" p10:type="q1:double" xmlns:p10="http://www.w3.org/2001/XMLSchema-instance">-1.7</anyType>
              </col>
              <col index="2">
                <anyType xmlns:q1="http://www.w3.org/2001/XMLSchema" p10:type="q1:double" xmlns:p10="http://www.w3.org/2001/XMLSchema-instance">0.044565463</anyType>
              </col>
              <col index="3">
                <anyType xmlns:q1="http://www.w3.org/2001/XMLSchema" p10:type="q1:double" xmlns:p10="http://www.w3.org/2001/XMLSchema-instance">0.7</anyType>
              </col>
              <col index="4">
                <anyType xmlns:q1="http://www.w3.org/2001/XMLSchema" p10:type="q1:string" xmlns:p10="http://www.w3.org/2001/XMLSchema-instance">48.39%</anyType>
              </col>
            </row>
            <row index="16">
              <col index="1">
                <anyType xmlns:q1="http://www.w3.org/2001/XMLSchema" p10:type="q1:double" xmlns:p10="http://www.w3.org/2001/XMLSchema-instance">-1.5</anyType>
              </col>
              <col index="2">
                <anyType xmlns:q1="http://www.w3.org/2001/XMLSchema" p10:type="q1:double" xmlns:p10="http://www.w3.org/2001/XMLSchema-instance">0.066807201</anyType>
              </col>
              <col index="3">
                <anyType xmlns:q1="http://www.w3.org/2001/XMLSchema" p10:type="q1:double" xmlns:p10="http://www.w3.org/2001/XMLSchema-instance">0.5</anyType>
              </col>
              <col index="4">
                <anyType xmlns:q1="http://www.w3.org/2001/XMLSchema" p10:type="q1:string" xmlns:p10="http://www.w3.org/2001/XMLSchema-instance">61.71%</anyType>
              </col>
            </row>
            <row index="17">
              <col index="1">
                <anyType xmlns:q1="http://www.w3.org/2001/XMLSchema" p10:type="q1:double" xmlns:p10="http://www.w3.org/2001/XMLSchema-instance">-1.3</anyType>
              </col>
              <col index="2">
                <anyType xmlns:q1="http://www.w3.org/2001/XMLSchema" p10:type="q1:double" xmlns:p10="http://www.w3.org/2001/XMLSchema-instance">0.096800485</anyType>
              </col>
              <col index="3">
                <anyType xmlns:q1="http://www.w3.org/2001/XMLSchema" p10:type="q1:double" xmlns:p10="http://www.w3.org/2001/XMLSchema-instance">0.3</anyType>
              </col>
              <col index="4">
                <anyType xmlns:q1="http://www.w3.org/2001/XMLSchema" p10:type="q1:string" xmlns:p10="http://www.w3.org/2001/XMLSchema-instance">76.42%</anyType>
              </col>
            </row>
            <row index="18">
              <col index="1">
                <anyType xmlns:q1="http://www.w3.org/2001/XMLSchema" p10:type="q1:double" xmlns:p10="http://www.w3.org/2001/XMLSchema-instance">-1.1</anyType>
              </col>
              <col index="2">
                <anyType xmlns:q1="http://www.w3.org/2001/XMLSchema" p10:type="q1:double" xmlns:p10="http://www.w3.org/2001/XMLSchema-instance">0.135666061</anyType>
              </col>
              <col index="3">
                <anyType xmlns:q1="http://www.w3.org/2001/XMLSchema" p10:type="q1:double" xmlns:p10="http://www.w3.org/2001/XMLSchema-instance">0.1</anyType>
              </col>
              <col index="4">
                <anyType xmlns:q1="http://www.w3.org/2001/XMLSchema" p10:type="q1:string" xmlns:p10="http://www.w3.org/2001/XMLSchema-instance">92.03%</anyType>
              </col>
            </row>
            <row index="19">
              <col index="1">
                <anyType xmlns:q1="http://www.w3.org/2001/XMLSchema" p10:type="q1:int" xmlns:p10="http://www.w3.org/2001/XMLSchema-instance">-1</anyType>
              </col>
              <col index="2">
                <anyType xmlns:q1="http://www.w3.org/2001/XMLSchema" p10:type="q1:double" xmlns:p10="http://www.w3.org/2001/XMLSchema-instance">0.158655254</anyType>
              </col>
              <col index="3">
                <anyType xmlns:q1="http://www.w3.org/2001/XMLSchema" p10:type="q1:int" xmlns:p10="http://www.w3.org/2001/XMLSchema-instance">0</anyType>
              </col>
              <col index="4">
                <anyType xmlns:q1="http://www.w3.org/2001/XMLSchema" p10:type="q1:string" xmlns:p10="http://www.w3.org/2001/XMLSchema-instance">100.00%</anyType>
              </col>
            </row>
            <row index="20">
              <col index="1">
                <anyType xmlns:q1="http://www.w3.org/2001/XMLSchema" p10:type="q1:int" xmlns:p10="http://www.w3.org/2001/XMLSchema-instance">0</anyType>
              </col>
              <col index="2">
                <anyType xmlns:q1="http://www.w3.org/2001/XMLSchema" p10:type="q1:double" xmlns:p10="http://www.w3.org/2001/XMLSchema-instance">0.5</anyType>
              </col>
              <col index="3">
                <anyType xmlns:q1="http://www.w3.org/2001/XMLSchema" p10:type="q1:int" xmlns:p10="http://www.w3.org/2001/XMLSchema-instance">0</anyType>
              </col>
              <col index="4">
                <anyType xmlns:q1="http://www.w3.org/2001/XMLSchema" p10:type="q1:string" xmlns:p10="http://www.w3.org/2001/XMLSchema-instance">100.00%</anyType>
              </col>
            </row>
            <row index="21">
              <col index="1">
                <anyType xmlns:q1="http://www.w3.org/2001/XMLSchema" p10:type="q1:int" xmlns:p10="http://www.w3.org/2001/XMLSchema-instance">1</anyType>
              </col>
              <col index="2">
                <anyType xmlns:q1="http://www.w3.org/2001/XMLSchema" p10:type="q1:double" xmlns:p10="http://www.w3.org/2001/XMLSchema-instance">0.841344746</anyType>
              </col>
              <col index="3">
                <anyType xmlns:q1="http://www.w3.org/2001/XMLSchema" p10:type="q1:int" xmlns:p10="http://www.w3.org/2001/XMLSchema-instance">0</anyType>
              </col>
              <col index="4">
                <anyType xmlns:q1="http://www.w3.org/2001/XMLSchema" p10:type="q1:string" xmlns:p10="http://www.w3.org/2001/XMLSchema-instance">100.00%</anyType>
              </col>
            </row>
            <row index="22">
              <col index="1">
                <anyType xmlns:q1="http://www.w3.org/2001/XMLSchema" p10:type="q1:double" xmlns:p10="http://www.w3.org/2001/XMLSchema-instance">1.1</anyType>
              </col>
              <col index="2">
                <anyType xmlns:q1="http://www.w3.org/2001/XMLSchema" p10:type="q1:double" xmlns:p10="http://www.w3.org/2001/XMLSchema-instance">0.864333939</anyType>
              </col>
              <col index="3">
                <anyType xmlns:q1="http://www.w3.org/2001/XMLSchema" p10:type="q1:double" xmlns:p10="http://www.w3.org/2001/XMLSchema-instance">0.1</anyType>
              </col>
              <col index="4">
                <anyType xmlns:q1="http://www.w3.org/2001/XMLSchema" p10:type="q1:string" xmlns:p10="http://www.w3.org/2001/XMLSchema-instance">92.03%</anyType>
              </col>
            </row>
            <row index="23">
              <col index="1">
                <anyType xmlns:q1="http://www.w3.org/2001/XMLSchema" p10:type="q1:double" xmlns:p10="http://www.w3.org/2001/XMLSchema-instance">1.3</anyType>
              </col>
              <col index="2">
                <anyType xmlns:q1="http://www.w3.org/2001/XMLSchema" p10:type="q1:double" xmlns:p10="http://www.w3.org/2001/XMLSchema-instance">0.903199515</anyType>
              </col>
              <col index="3">
                <anyType xmlns:q1="http://www.w3.org/2001/XMLSchema" p10:type="q1:double" xmlns:p10="http://www.w3.org/2001/XMLSchema-instance">0.3</anyType>
              </col>
              <col index="4">
                <anyType xmlns:q1="http://www.w3.org/2001/XMLSchema" p10:type="q1:string" xmlns:p10="http://www.w3.org/2001/XMLSchema-instance">76.42%</anyType>
              </col>
            </row>
            <row index="24">
              <col index="1">
                <anyType xmlns:q1="http://www.w3.org/2001/XMLSchema" p10:type="q1:double" xmlns:p10="http://www.w3.org/2001/XMLSchema-instance">1.5</anyType>
              </col>
              <col index="2">
                <anyType xmlns:q1="http://www.w3.org/2001/XMLSchema" p10:type="q1:double" xmlns:p10="http://www.w3.org/2001/XMLSchema-instance">0.933192799</anyType>
              </col>
              <col index="3">
                <anyType xmlns:q1="http://www.w3.org/2001/XMLSchema" p10:type="q1:double" xmlns:p10="http://www.w3.org/2001/XMLSchema-instance">0.5</anyType>
              </col>
              <col index="4">
                <anyType xmlns:q1="http://www.w3.org/2001/XMLSchema" p10:type="q1:string" xmlns:p10="http://www.w3.org/2001/XMLSchema-instance">61.71%</anyType>
              </col>
            </row>
            <row index="25">
              <col index="1">
                <anyType xmlns:q1="http://www.w3.org/2001/XMLSchema" p10:type="q1:double" xmlns:p10="http://www.w3.org/2001/XMLSchema-instance">1.7</anyType>
              </col>
              <col index="2">
                <anyType xmlns:q1="http://www.w3.org/2001/XMLSchema" p10:type="q1:double" xmlns:p10="http://www.w3.org/2001/XMLSchema-instance">0.955434537</anyType>
              </col>
              <col index="3">
                <anyType xmlns:q1="http://www.w3.org/2001/XMLSchema" p10:type="q1:double" xmlns:p10="http://www.w3.org/2001/XMLSchema-instance">0.7</anyType>
              </col>
              <col index="4">
                <anyType xmlns:q1="http://www.w3.org/2001/XMLSchema" p10:type="q1:string" xmlns:p10="http://www.w3.org/2001/XMLSchema-instance">48.39%</anyType>
              </col>
            </row>
            <row index="26">
              <col index="1">
                <anyType xmlns:q1="http://www.w3.org/2001/XMLSchema" p10:type="q1:double" xmlns:p10="http://www.w3.org/2001/XMLSchema-instance">1.9</anyType>
              </col>
              <col index="2">
                <anyType xmlns:q1="http://www.w3.org/2001/XMLSchema" p10:type="q1:double" xmlns:p10="http://www.w3.org/2001/XMLSchema-instance">0.97128344</anyType>
              </col>
              <col index="3">
                <anyType xmlns:q1="http://www.w3.org/2001/XMLSchema" p10:type="q1:double" xmlns:p10="http://www.w3.org/2001/XMLSchema-instance">0.9</anyType>
              </col>
              <col index="4">
                <anyType xmlns:q1="http://www.w3.org/2001/XMLSchema" p10:type="q1:string" xmlns:p10="http://www.w3.org/2001/XMLSchema-instance">36.81%</anyType>
              </col>
            </row>
            <row index="27">
              <col index="1">
                <anyType xmlns:q1="http://www.w3.org/2001/XMLSchema" p10:type="q1:int" xmlns:p10="http://www.w3.org/2001/XMLSchema-instance">2</anyType>
              </col>
              <col index="2">
                <anyType xmlns:q1="http://www.w3.org/2001/XMLSchema" p10:type="q1:double" xmlns:p10="http://www.w3.org/2001/XMLSchema-instance">0.977249868</anyType>
              </col>
              <col index="3">
                <anyType xmlns:q1="http://www.w3.org/2001/XMLSchema" p10:type="q1:int" xmlns:p10="http://www.w3.org/2001/XMLSchema-instance">1</anyType>
              </col>
              <col index="4">
                <anyType xmlns:q1="http://www.w3.org/2001/XMLSchema" p10:type="q1:string" xmlns:p10="http://www.w3.org/2001/XMLSchema-instance">31.73%</anyType>
              </col>
            </row>
            <row index="28">
              <col index="1">
                <anyType xmlns:q1="http://www.w3.org/2001/XMLSchema" p10:type="q1:double" xmlns:p10="http://www.w3.org/2001/XMLSchema-instance">2.1</anyType>
              </col>
              <col index="2">
                <anyType xmlns:q1="http://www.w3.org/2001/XMLSchema" p10:type="q1:double" xmlns:p10="http://www.w3.org/2001/XMLSchema-instance">0.982135579</anyType>
              </col>
              <col index="3">
                <anyType xmlns:q1="http://www.w3.org/2001/XMLSchema" p10:type="q1:double" xmlns:p10="http://www.w3.org/2001/XMLSchema-instance">1.1</anyType>
              </col>
              <col index="4">
                <anyType xmlns:q1="http://www.w3.org/2001/XMLSchema" p10:type="q1:string" xmlns:p10="http://www.w3.org/2001/XMLSchema-instance">27.13%</anyType>
              </col>
            </row>
            <row index="29">
              <col index="1">
                <anyType xmlns:q1="http://www.w3.org/2001/XMLSchema" p10:type="q1:double" xmlns:p10="http://www.w3.org/2001/XMLSchema-instance">2.3</anyType>
              </col>
              <col index="2">
                <anyType xmlns:q1="http://www.w3.org/2001/XMLSchema" p10:type="q1:double" xmlns:p10="http://www.w3.org/2001/XMLSchema-instance">0.98926589</anyType>
              </col>
              <col index="3">
                <anyType xmlns:q1="http://www.w3.org/2001/XMLSchema" p10:type="q1:double" xmlns:p10="http://www.w3.org/2001/XMLSchema-instance">1.3</anyType>
              </col>
              <col index="4">
                <anyType xmlns:q1="http://www.w3.org/2001/XMLSchema" p10:type="q1:string" xmlns:p10="http://www.w3.org/2001/XMLSchema-instance">19.36%</anyType>
              </col>
            </row>
            <row index="30">
              <col index="1">
                <anyType xmlns:q1="http://www.w3.org/2001/XMLSchema" p10:type="q1:double" xmlns:p10="http://www.w3.org/2001/XMLSchema-instance">2.5</anyType>
              </col>
              <col index="2">
                <anyType xmlns:q1="http://www.w3.org/2001/XMLSchema" p10:type="q1:double" xmlns:p10="http://www.w3.org/2001/XMLSchema-instance">0.993790335</anyType>
              </col>
              <col index="3">
                <anyType xmlns:q1="http://www.w3.org/2001/XMLSchema" p10:type="q1:double" xmlns:p10="http://www.w3.org/2001/XMLSchema-instance">1.5</anyType>
              </col>
              <col index="4">
                <anyType xmlns:q1="http://www.w3.org/2001/XMLSchema" p10:type="q1:string" xmlns:p10="http://www.w3.org/2001/XMLSchema-instance">13.36%</anyType>
              </col>
            </row>
            <row index="31">
              <col index="1">
                <anyType xmlns:q1="http://www.w3.org/2001/XMLSchema" p10:type="q1:double" xmlns:p10="http://www.w3.org/2001/XMLSchema-instance">2.7</anyType>
              </col>
              <col index="2">
                <anyType xmlns:q1="http://www.w3.org/2001/XMLSchema" p10:type="q1:double" xmlns:p10="http://www.w3.org/2001/XMLSchema-instance">0.996533026</anyType>
              </col>
              <col index="3">
                <anyType xmlns:q1="http://www.w3.org/2001/XMLSchema" p10:type="q1:double" xmlns:p10="http://www.w3.org/2001/XMLSchema-instance">1.7</anyType>
              </col>
              <col index="4">
                <anyType xmlns:q1="http://www.w3.org/2001/XMLSchema" p10:type="q1:string" xmlns:p10="http://www.w3.org/2001/XMLSchema-instance">8.91%</anyType>
              </col>
            </row>
            <row index="32">
              <col index="1">
                <anyType xmlns:q1="http://www.w3.org/2001/XMLSchema" p10:type="q1:double" xmlns:p10="http://www.w3.org/2001/XMLSchema-instance">2.9</anyType>
              </col>
              <col index="2">
                <anyType xmlns:q1="http://www.w3.org/2001/XMLSchema" p10:type="q1:double" xmlns:p10="http://www.w3.org/2001/XMLSchema-instance">0.998134187</anyType>
              </col>
              <col index="3">
                <anyType xmlns:q1="http://www.w3.org/2001/XMLSchema" p10:type="q1:double" xmlns:p10="http://www.w3.org/2001/XMLSchema-instance">1.9</anyType>
              </col>
              <col index="4">
                <anyType xmlns:q1="http://www.w3.org/2001/XMLSchema" p10:type="q1:string" xmlns:p10="http://www.w3.org/2001/XMLSchema-instance">5.74%</anyType>
              </col>
            </row>
            <row index="33">
              <col index="1">
                <anyType xmlns:q1="http://www.w3.org/2001/XMLSchema" p10:type="q1:int" xmlns:p10="http://www.w3.org/2001/XMLSchema-instance">3</anyType>
              </col>
              <col index="2">
                <anyType xmlns:q1="http://www.w3.org/2001/XMLSchema" p10:type="q1:double" xmlns:p10="http://www.w3.org/2001/XMLSchema-instance">0.998650102</anyType>
              </col>
              <col index="3">
                <anyType xmlns:q1="http://www.w3.org/2001/XMLSchema" p10:type="q1:int" xmlns:p10="http://www.w3.org/2001/XMLSchema-instance">2</anyType>
              </col>
              <col index="4">
                <anyType xmlns:q1="http://www.w3.org/2001/XMLSchema" p10:type="q1:string" xmlns:p10="http://www.w3.org/2001/XMLSchema-instance">4.55%</anyType>
              </col>
            </row>
            <row index="34">
              <col index="1">
                <anyType xmlns:q1="http://www.w3.org/2001/XMLSchema" p10:type="q1:int" xmlns:p10="http://www.w3.org/2001/XMLSchema-instance">4</anyType>
              </col>
              <col index="2">
                <anyType xmlns:q1="http://www.w3.org/2001/XMLSchema" p10:type="q1:double" xmlns:p10="http://www.w3.org/2001/XMLSchema-instance">0.999968329</anyType>
              </col>
              <col index="3">
                <anyType xmlns:q1="http://www.w3.org/2001/XMLSchema" p10:type="q1:int" xmlns:p10="http://www.w3.org/2001/XMLSchema-instance">3</anyType>
              </col>
              <col index="4">
                <anyType xmlns:q1="http://www.w3.org/2001/XMLSchema" p10:type="q1:string" xmlns:p10="http://www.w3.org/2001/XMLSchema-instance">0.27%</anyType>
              </col>
            </row>
            <row index="35">
              <col index="1">
                <anyType xmlns:q1="http://www.w3.org/2001/XMLSchema" p10:type="q1:int" xmlns:p10="http://www.w3.org/2001/XMLSchema-instance">5</anyType>
              </col>
              <col index="2">
                <anyType xmlns:q1="http://www.w3.org/2001/XMLSchema" p10:type="q1:double" xmlns:p10="http://www.w3.org/2001/XMLSchema-instance">0.999999713</anyType>
              </col>
              <col index="3">
                <anyType xmlns:q1="http://www.w3.org/2001/XMLSchema" p10:type="q1:int" xmlns:p10="http://www.w3.org/2001/XMLSchema-instance">4</anyType>
              </col>
              <col index="4">
                <anyType xmlns:q1="http://www.w3.org/2001/XMLSchema" p10:type="q1:string" xmlns:p10="http://www.w3.org/2001/XMLSchema-instance">0.01%</anyType>
              </col>
            </row>
            <row index="36">
              <col index="1">
                <anyType xmlns:q1="http://www.w3.org/2001/XMLSchema" p10:type="q1:int" xmlns:p10="http://www.w3.org/2001/XMLSchema-instance">6</anyType>
              </col>
              <col index="2">
                <anyType xmlns:q1="http://www.w3.org/2001/XMLSchema" p10:type="q1:double" xmlns:p10="http://www.w3.org/2001/XMLSchema-instance">0.999999999</anyType>
              </col>
              <col index="3">
                <anyType xmlns:q1="http://www.w3.org/2001/XMLSchema" p10:type="q1:int" xmlns:p10="http://www.w3.org/2001/XMLSchema-instance">5</anyType>
              </col>
              <col index="4">
                <anyType xmlns:q1="http://www.w3.org/2001/XMLSchema" p10:type="q1:string" xmlns:p10="http://www.w3.org/2001/XMLSchema-instance">0.00%</anyType>
              </col>
            </row>
            <row index="37">
              <col index="1">
                <anyType xmlns:q1="http://www.w3.org/2001/XMLSchema" p10:type="q1:int" xmlns:p10="http://www.w3.org/2001/XMLSchema-instance">7</anyType>
              </col>
              <col index="2">
                <anyType xmlns:q1="http://www.w3.org/2001/XMLSchema" p10:type="q1:int" xmlns:p10="http://www.w3.org/2001/XMLSchema-instance">1</anyType>
              </col>
              <col index="3">
                <anyType xmlns:q1="http://www.w3.org/2001/XMLSchema" p10:type="q1:int" xmlns:p10="http://www.w3.org/2001/XMLSchema-instance">6</anyType>
              </col>
              <col index="4">
                <anyType xmlns:q1="http://www.w3.org/2001/XMLSchema" p10:type="q1:string" xmlns:p10="http://www.w3.org/2001/XMLSchema-instance">0.00%</anyType>
              </col>
            </row>
            <row index="38">
              <col index="1">
                <anyType xmlns:q1="http://www.w3.org/2001/XMLSchema" p10:type="q1:int" xmlns:p10="http://www.w3.org/2001/XMLSchema-instance">8</anyType>
              </col>
              <col index="2">
                <anyType xmlns:q1="http://www.w3.org/2001/XMLSchema" p10:type="q1:int" xmlns:p10="http://www.w3.org/2001/XMLSchema-instance">1</anyType>
              </col>
              <col index="3">
                <anyType xmlns:q1="http://www.w3.org/2001/XMLSchema" p10:type="q1:int" xmlns:p10="http://www.w3.org/2001/XMLSchema-instance">7</anyType>
              </col>
              <col index="4">
                <anyType xmlns:q1="http://www.w3.org/2001/XMLSchema" p10:type="q1:string" xmlns:p10="http://www.w3.org/2001/XMLSchema-instance">0.00%</anyType>
              </col>
            </row>
          </rows>
        </Xenomorph.Generic.List>
      </DataSource>
    </Property>
  </Item>
</Category>
