<?xml version="1.0"?>
<Category ItemCount="1" Name="Mapping Tables">
  <Item PropertyCount="1" CodeType="Mapping Table" Code="Equity Volatility Tolerance Table" Database="\\SITSERVER\PUBLIC_GOLD">
    <Property Name="Table" Static="true" MultiSourced="true" DataType="List">
      <DataSource Name="Internal">
        <Xenomorph.Generic.List>
          <columnDefinitions>
            <columnDefinition index="1" type="System.Object, mscorlib, Version=4.0.0.0, Culture=neutral, PublicKeyToken=b77a5c561934e089" header="" />
            <columnDefinition index="2" type="System.Object, mscorlib, Version=4.0.0.0, Culture=neutral, PublicKeyToken=b77a5c561934e089" header="" />
          </columnDefinitions>
          <rows>
            <row index="1">
              <col index="1">
                <anyType xmlns:q1="http://www.w3.org/2001/XMLSchema" p10:type="q1:string" xmlns:p10="http://www.w3.org/2001/XMLSchema-instance">Vega Exposure</anyType>
              </col>
              <col index="2">
                <anyType xmlns:q1="http://www.w3.org/2001/XMLSchema" p10:type="q1:int" xmlns:p10="http://www.w3.org/2001/XMLSchema-instance">10000</anyType>
              </col>
            </row>
            <row index="2">
              <col index="1">
                <anyType xmlns:q1="http://www.w3.org/2001/XMLSchema" p10:type="q1:string" xmlns:p10="http://www.w3.org/2001/XMLSchema-instance">Vol Skew PL Effect</anyType>
              </col>
              <col index="2">
                <anyType xmlns:q1="http://www.w3.org/2001/XMLSchema" p10:type="q1:int" xmlns:p10="http://www.w3.org/2001/XMLSchema-instance">10000</anyType>
              </col>
            </row>
            <row index="3">
              <col index="1">
                <anyType xmlns:q1="http://www.w3.org/2001/XMLSchema" p10:type="q1:string" xmlns:p10="http://www.w3.org/2001/XMLSchema-instance">Coverage Rate</anyType>
              </col>
              <col index="2">
                <anyType xmlns:q1="http://www.w3.org/2001/XMLSchema" p10:type="q1:double" xmlns:p10="http://www.w3.org/2001/XMLSchema-instance">0.2</anyType>
              </col>
            </row>
            <row index="4">
              <col index="1">
                <anyType xmlns:q1="http://www.w3.org/2001/XMLSchema" p10:type="q1:string" xmlns:p10="http://www.w3.org/2001/XMLSchema-instance">Distortion Quote</anyType>
              </col>
              <col index="2">
                <anyType xmlns:q1="http://www.w3.org/2001/XMLSchema" p10:type="q1:double" xmlns:p10="http://www.w3.org/2001/XMLSchema-instance">0.3</anyType>
              </col>
            </row>
            <row index="5">
              <col index="1">
                <anyType xmlns:q1="http://www.w3.org/2001/XMLSchema" p10:type="q1:string" xmlns:p10="http://www.w3.org/2001/XMLSchema-instance">Deviation Degree</anyType>
              </col>
              <col index="2">
                <anyType xmlns:q1="http://www.w3.org/2001/XMLSchema" p10:type="q1:int" xmlns:p10="http://www.w3.org/2001/XMLSchema-instance">5</anyType>
              </col>
            </row>
          </rows>
        </Xenomorph.Generic.List>
      </DataSource>
    </Property>
  </Item>
</Category>
