<?xml version="1.0"?>
<Category ItemCount="1" Name="Mapping Tables">
  <Item PropertyCount="1" CodeType="Bloomberg Request" Code="Cross Currency Basis Swaps" Database="\\SITSERVER\PUBLIC_GOLD">
    <CCT Code="Cross Currency Basis Swaps" CodeType="Mapping Table" />
    <Property Name="Table" Static="true" MultiSourced="true" DataType="List">
      <DataSource Name="Internal">
        <Xenomorph.Generic.List>
          <columnDefinitions>
            <columnDefinition index="1" type="System.Object, mscorlib, Version=4.0.0.0, Culture=neutral, PublicKeyToken=b77a5c561934e089" header="" />
            <columnDefinition index="2" type="System.Object, mscorlib, Version=4.0.0.0, Culture=neutral, PublicKeyToken=b77a5c561934e089" header="" />
            <columnDefinition index="3" type="System.Object, mscorlib, Version=4.0.0.0, Culture=neutral, PublicKeyToken=b77a5c561934e089" header="" />
          </columnDefinitions>
          <rows>
            <row index="1">
              <col index="1">
                <anyType xmlns:q1="http://www.w3.org/2001/XMLSchema" p10:type="q1:string" xmlns:p10="http://www.w3.org/2001/XMLSchema-instance">BPBSFC</anyType>
              </col>
              <col index="2">
                <anyType xmlns:q1="http://www.w3.org/2001/XMLSchema" p10:type="q1:string" xmlns:p10="http://www.w3.org/2001/XMLSchema-instance">ICPL</anyType>
              </col>
              <col index="3">
                <anyType xmlns:q1="http://www.w3.org/2001/XMLSchema" p10:type="q1:string" xmlns:p10="http://www.w3.org/2001/XMLSchema-instance">Curncy</anyType>
              </col>
            </row>
            <row index="2">
              <col index="1">
                <anyType xmlns:q1="http://www.w3.org/2001/XMLSchema" p10:type="q1:string" xmlns:p10="http://www.w3.org/2001/XMLSchema-instance">BPBSFD</anyType>
              </col>
              <col index="2">
                <anyType xmlns:q1="http://www.w3.org/2001/XMLSchema" p10:type="q1:string" xmlns:p10="http://www.w3.org/2001/XMLSchema-instance">ICPL</anyType>
              </col>
              <col index="3">
                <anyType xmlns:q1="http://www.w3.org/2001/XMLSchema" p10:type="q1:string" xmlns:p10="http://www.w3.org/2001/XMLSchema-instance">Curncy</anyType>
              </col>
            </row>
            <row index="3">
              <col index="1">
                <anyType xmlns:q1="http://www.w3.org/2001/XMLSchema" p10:type="q1:string" xmlns:p10="http://www.w3.org/2001/XMLSchema-instance">BPBSFE</anyType>
              </col>
              <col index="2">
                <anyType xmlns:q1="http://www.w3.org/2001/XMLSchema" p10:type="q1:string" xmlns:p10="http://www.w3.org/2001/XMLSchema-instance">ICPL</anyType>
              </col>
              <col index="3">
                <anyType p9:nil="true" xmlns:p9="http://www.w3.org/2001/XMLSchema-instance" />
              </col>
            </row>
            <row index="4">
              <col index="1">
                <anyType xmlns:q1="http://www.w3.org/2001/XMLSchema" p10:type="q1:string" xmlns:p10="http://www.w3.org/2001/XMLSchema-instance">BPBSFF</anyType>
              </col>
              <col index="2">
                <anyType xmlns:q1="http://www.w3.org/2001/XMLSchema" p10:type="q1:string" xmlns:p10="http://www.w3.org/2001/XMLSchema-instance">ICPL</anyType>
              </col>
              <col index="3">
                <anyType p9:nil="true" xmlns:p9="http://www.w3.org/2001/XMLSchema-instance" />
              </col>
            </row>
            <row index="5">
              <col index="1">
                <anyType xmlns:q1="http://www.w3.org/2001/XMLSchema" p10:type="q1:string" xmlns:p10="http://www.w3.org/2001/XMLSchema-instance">BPBSFG</anyType>
              </col>
              <col index="2">
                <anyType xmlns:q1="http://www.w3.org/2001/XMLSchema" p10:type="q1:string" xmlns:p10="http://www.w3.org/2001/XMLSchema-instance">ICPL</anyType>
              </col>
              <col index="3">
                <anyType p9:nil="true" xmlns:p9="http://www.w3.org/2001/XMLSchema-instance" />
              </col>
            </row>
            <row index="6">
              <col index="1">
                <anyType xmlns:q1="http://www.w3.org/2001/XMLSchema" p10:type="q1:string" xmlns:p10="http://www.w3.org/2001/XMLSchema-instance">BPBSFH</anyType>
              </col>
              <col index="2">
                <anyType xmlns:q1="http://www.w3.org/2001/XMLSchema" p10:type="q1:string" xmlns:p10="http://www.w3.org/2001/XMLSchema-instance">ICPL</anyType>
              </col>
              <col index="3">
                <anyType p9:nil="true" xmlns:p9="http://www.w3.org/2001/XMLSchema-instance" />
              </col>
            </row>
            <row index="7">
              <col index="1">
                <anyType xmlns:q1="http://www.w3.org/2001/XMLSchema" p10:type="q1:string" xmlns:p10="http://www.w3.org/2001/XMLSchema-instance">BPBSFI</anyType>
              </col>
              <col index="2">
                <anyType xmlns:q1="http://www.w3.org/2001/XMLSchema" p10:type="q1:string" xmlns:p10="http://www.w3.org/2001/XMLSchema-instance">ICPL</anyType>
              </col>
              <col index="3">
                <anyType p9:nil="true" xmlns:p9="http://www.w3.org/2001/XMLSchema-instance" />
              </col>
            </row>
            <row index="8">
              <col index="1">
                <anyType xmlns:q1="http://www.w3.org/2001/XMLSchema" p10:type="q1:string" xmlns:p10="http://www.w3.org/2001/XMLSchema-instance">BPBSFJ</anyType>
              </col>
              <col index="2">
                <anyType xmlns:q1="http://www.w3.org/2001/XMLSchema" p10:type="q1:string" xmlns:p10="http://www.w3.org/2001/XMLSchema-instance">ICPL</anyType>
              </col>
              <col index="3">
                <anyType p9:nil="true" xmlns:p9="http://www.w3.org/2001/XMLSchema-instance" />
              </col>
            </row>
            <row index="9">
              <col index="1">
                <anyType xmlns:q1="http://www.w3.org/2001/XMLSchema" p10:type="q1:string" xmlns:p10="http://www.w3.org/2001/XMLSchema-instance">BPBSFK</anyType>
              </col>
              <col index="2">
                <anyType xmlns:q1="http://www.w3.org/2001/XMLSchema" p10:type="q1:string" xmlns:p10="http://www.w3.org/2001/XMLSchema-instance">ICPL</anyType>
              </col>
              <col index="3">
                <anyType p9:nil="true" xmlns:p9="http://www.w3.org/2001/XMLSchema-instance" />
              </col>
            </row>
            <row index="10">
              <col index="1">
                <anyType xmlns:q1="http://www.w3.org/2001/XMLSchema" p10:type="q1:string" xmlns:p10="http://www.w3.org/2001/XMLSchema-instance">EOUSFF1</anyType>
              </col>
              <col index="2">
                <anyType xmlns:q1="http://www.w3.org/2001/XMLSchema" p10:type="q1:string" xmlns:p10="http://www.w3.org/2001/XMLSchema-instance">ICPL</anyType>
              </col>
              <col index="3">
                <anyType p9:nil="true" xmlns:p9="http://www.w3.org/2001/XMLSchema-instance" />
              </col>
            </row>
            <row index="11">
              <col index="1">
                <anyType xmlns:q1="http://www.w3.org/2001/XMLSchema" p10:type="q1:string" xmlns:p10="http://www.w3.org/2001/XMLSchema-instance">EOUSFF1  </anyType>
              </col>
              <col index="2">
                <anyType xmlns:q1="http://www.w3.org/2001/XMLSchema" p10:type="q1:string" xmlns:p10="http://www.w3.org/2001/XMLSchema-instance">TPRA</anyType>
              </col>
              <col index="3">
                <anyType p9:nil="true" xmlns:p9="http://www.w3.org/2001/XMLSchema-instance" />
              </col>
            </row>
            <row index="12">
              <col index="1">
                <anyType xmlns:q1="http://www.w3.org/2001/XMLSchema" p10:type="q1:string" xmlns:p10="http://www.w3.org/2001/XMLSchema-instance">EOUSFF10</anyType>
              </col>
              <col index="2">
                <anyType xmlns:q1="http://www.w3.org/2001/XMLSchema" p10:type="q1:string" xmlns:p10="http://www.w3.org/2001/XMLSchema-instance">ICPL</anyType>
              </col>
              <col index="3">
                <anyType p9:nil="true" xmlns:p9="http://www.w3.org/2001/XMLSchema-instance" />
              </col>
            </row>
            <row index="13">
              <col index="1">
                <anyType xmlns:q1="http://www.w3.org/2001/XMLSchema" p10:type="q1:string" xmlns:p10="http://www.w3.org/2001/XMLSchema-instance">EOUSFF10  </anyType>
              </col>
              <col index="2">
                <anyType xmlns:q1="http://www.w3.org/2001/XMLSchema" p10:type="q1:string" xmlns:p10="http://www.w3.org/2001/XMLSchema-instance">TPRA</anyType>
              </col>
              <col index="3">
                <anyType p9:nil="true" xmlns:p9="http://www.w3.org/2001/XMLSchema-instance" />
              </col>
            </row>
            <row index="14">
              <col index="1">
                <anyType xmlns:q1="http://www.w3.org/2001/XMLSchema" p10:type="q1:string" xmlns:p10="http://www.w3.org/2001/XMLSchema-instance">EOUSFF11  </anyType>
              </col>
              <col index="2">
                <anyType xmlns:q1="http://www.w3.org/2001/XMLSchema" p10:type="q1:string" xmlns:p10="http://www.w3.org/2001/XMLSchema-instance">ICPL</anyType>
              </col>
              <col index="3">
                <anyType p9:nil="true" xmlns:p9="http://www.w3.org/2001/XMLSchema-instance" />
              </col>
            </row>
            <row index="15">
              <col index="1">
                <anyType xmlns:q1="http://www.w3.org/2001/XMLSchema" p10:type="q1:string" xmlns:p10="http://www.w3.org/2001/XMLSchema-instance">EOUSFF11  </anyType>
              </col>
              <col index="2">
                <anyType xmlns:q1="http://www.w3.org/2001/XMLSchema" p10:type="q1:string" xmlns:p10="http://www.w3.org/2001/XMLSchema-instance">TPRA</anyType>
              </col>
              <col index="3">
                <anyType p9:nil="true" xmlns:p9="http://www.w3.org/2001/XMLSchema-instance" />
              </col>
            </row>
            <row index="16">
              <col index="1">
                <anyType xmlns:q1="http://www.w3.org/2001/XMLSchema" p10:type="q1:string" xmlns:p10="http://www.w3.org/2001/XMLSchema-instance">EOUSFF12  </anyType>
              </col>
              <col index="2">
                <anyType xmlns:q1="http://www.w3.org/2001/XMLSchema" p10:type="q1:string" xmlns:p10="http://www.w3.org/2001/XMLSchema-instance">ICPL</anyType>
              </col>
              <col index="3">
                <anyType p9:nil="true" xmlns:p9="http://www.w3.org/2001/XMLSchema-instance" />
              </col>
            </row>
            <row index="17">
              <col index="1">
                <anyType xmlns:q1="http://www.w3.org/2001/XMLSchema" p10:type="q1:string" xmlns:p10="http://www.w3.org/2001/XMLSchema-instance">EOUSFF12  </anyType>
              </col>
              <col index="2">
                <anyType xmlns:q1="http://www.w3.org/2001/XMLSchema" p10:type="q1:string" xmlns:p10="http://www.w3.org/2001/XMLSchema-instance">TPRA</anyType>
              </col>
              <col index="3">
                <anyType p9:nil="true" xmlns:p9="http://www.w3.org/2001/XMLSchema-instance" />
              </col>
            </row>
            <row index="18">
              <col index="1">
                <anyType xmlns:q1="http://www.w3.org/2001/XMLSchema" p10:type="q1:string" xmlns:p10="http://www.w3.org/2001/XMLSchema-instance">EOUSFF13  </anyType>
              </col>
              <col index="2">
                <anyType xmlns:q1="http://www.w3.org/2001/XMLSchema" p10:type="q1:string" xmlns:p10="http://www.w3.org/2001/XMLSchema-instance">ICPL</anyType>
              </col>
              <col index="3">
                <anyType p9:nil="true" xmlns:p9="http://www.w3.org/2001/XMLSchema-instance" />
              </col>
            </row>
            <row index="19">
              <col index="1">
                <anyType xmlns:q1="http://www.w3.org/2001/XMLSchema" p10:type="q1:string" xmlns:p10="http://www.w3.org/2001/XMLSchema-instance">EOUSFF13  </anyType>
              </col>
              <col index="2">
                <anyType xmlns:q1="http://www.w3.org/2001/XMLSchema" p10:type="q1:string" xmlns:p10="http://www.w3.org/2001/XMLSchema-instance">TPRA</anyType>
              </col>
              <col index="3">
                <anyType p9:nil="true" xmlns:p9="http://www.w3.org/2001/XMLSchema-instance" />
              </col>
            </row>
            <row index="20">
              <col index="1">
                <anyType xmlns:q1="http://www.w3.org/2001/XMLSchema" p10:type="q1:string" xmlns:p10="http://www.w3.org/2001/XMLSchema-instance">EOUSFF145  </anyType>
              </col>
              <col index="2">
                <anyType xmlns:q1="http://www.w3.org/2001/XMLSchema" p10:type="q1:string" xmlns:p10="http://www.w3.org/2001/XMLSchema-instance">ICPL</anyType>
              </col>
              <col index="3">
                <anyType p9:nil="true" xmlns:p9="http://www.w3.org/2001/XMLSchema-instance" />
              </col>
            </row>
            <row index="21">
              <col index="1">
                <anyType xmlns:q1="http://www.w3.org/2001/XMLSchema" p10:type="q1:string" xmlns:p10="http://www.w3.org/2001/XMLSchema-instance">EOUSFF145  </anyType>
              </col>
              <col index="2">
                <anyType xmlns:q1="http://www.w3.org/2001/XMLSchema" p10:type="q1:string" xmlns:p10="http://www.w3.org/2001/XMLSchema-instance">TPRA</anyType>
              </col>
              <col index="3">
                <anyType p9:nil="true" xmlns:p9="http://www.w3.org/2001/XMLSchema-instance" />
              </col>
            </row>
            <row index="22">
              <col index="1">
                <anyType xmlns:q1="http://www.w3.org/2001/XMLSchema" p10:type="q1:string" xmlns:p10="http://www.w3.org/2001/XMLSchema-instance">EOUSFF15  </anyType>
              </col>
              <col index="2">
                <anyType xmlns:q1="http://www.w3.org/2001/XMLSchema" p10:type="q1:string" xmlns:p10="http://www.w3.org/2001/XMLSchema-instance">ICPL</anyType>
              </col>
              <col index="3">
                <anyType p9:nil="true" xmlns:p9="http://www.w3.org/2001/XMLSchema-instance" />
              </col>
            </row>
            <row index="23">
              <col index="1">
                <anyType xmlns:q1="http://www.w3.org/2001/XMLSchema" p10:type="q1:string" xmlns:p10="http://www.w3.org/2001/XMLSchema-instance">EOUSFF15  </anyType>
              </col>
              <col index="2">
                <anyType xmlns:q1="http://www.w3.org/2001/XMLSchema" p10:type="q1:string" xmlns:p10="http://www.w3.org/2001/XMLSchema-instance">TPRA</anyType>
              </col>
              <col index="3">
                <anyType p9:nil="true" xmlns:p9="http://www.w3.org/2001/XMLSchema-instance" />
              </col>
            </row>
            <row index="24">
              <col index="1">
                <anyType xmlns:q1="http://www.w3.org/2001/XMLSchema" p10:type="q1:string" xmlns:p10="http://www.w3.org/2001/XMLSchema-instance">EOUSFF165  </anyType>
              </col>
              <col index="2">
                <anyType xmlns:q1="http://www.w3.org/2001/XMLSchema" p10:type="q1:string" xmlns:p10="http://www.w3.org/2001/XMLSchema-instance">ICPL</anyType>
              </col>
              <col index="3">
                <anyType p9:nil="true" xmlns:p9="http://www.w3.org/2001/XMLSchema-instance" />
              </col>
            </row>
            <row index="25">
              <col index="1">
                <anyType xmlns:q1="http://www.w3.org/2001/XMLSchema" p10:type="q1:string" xmlns:p10="http://www.w3.org/2001/XMLSchema-instance">EOUSFF165  </anyType>
              </col>
              <col index="2">
                <anyType xmlns:q1="http://www.w3.org/2001/XMLSchema" p10:type="q1:string" xmlns:p10="http://www.w3.org/2001/XMLSchema-instance">TPRA</anyType>
              </col>
              <col index="3">
                <anyType p9:nil="true" xmlns:p9="http://www.w3.org/2001/XMLSchema-instance" />
              </col>
            </row>
            <row index="26">
              <col index="1">
                <anyType xmlns:q1="http://www.w3.org/2001/XMLSchema" p10:type="q1:string" xmlns:p10="http://www.w3.org/2001/XMLSchema-instance">EOUSFF17  </anyType>
              </col>
              <col index="2">
                <anyType xmlns:q1="http://www.w3.org/2001/XMLSchema" p10:type="q1:string" xmlns:p10="http://www.w3.org/2001/XMLSchema-instance">ICPL</anyType>
              </col>
              <col index="3">
                <anyType p9:nil="true" xmlns:p9="http://www.w3.org/2001/XMLSchema-instance" />
              </col>
            </row>
            <row index="27">
              <col index="1">
                <anyType xmlns:q1="http://www.w3.org/2001/XMLSchema" p10:type="q1:string" xmlns:p10="http://www.w3.org/2001/XMLSchema-instance">EOUSFF17  </anyType>
              </col>
              <col index="2">
                <anyType xmlns:q1="http://www.w3.org/2001/XMLSchema" p10:type="q1:string" xmlns:p10="http://www.w3.org/2001/XMLSchema-instance">TPRA</anyType>
              </col>
              <col index="3">
                <anyType p9:nil="true" xmlns:p9="http://www.w3.org/2001/XMLSchema-instance" />
              </col>
            </row>
            <row index="28">
              <col index="1">
                <anyType xmlns:q1="http://www.w3.org/2001/XMLSchema" p10:type="q1:string" xmlns:p10="http://www.w3.org/2001/XMLSchema-instance">EOUSFF1C  </anyType>
              </col>
              <col index="2">
                <anyType xmlns:q1="http://www.w3.org/2001/XMLSchema" p10:type="q1:string" xmlns:p10="http://www.w3.org/2001/XMLSchema-instance">ICPL</anyType>
              </col>
              <col index="3">
                <anyType p9:nil="true" xmlns:p9="http://www.w3.org/2001/XMLSchema-instance" />
              </col>
            </row>
            <row index="29">
              <col index="1">
                <anyType xmlns:q1="http://www.w3.org/2001/XMLSchema" p10:type="q1:string" xmlns:p10="http://www.w3.org/2001/XMLSchema-instance">EOUSFF1C  </anyType>
              </col>
              <col index="2">
                <anyType xmlns:q1="http://www.w3.org/2001/XMLSchema" p10:type="q1:string" xmlns:p10="http://www.w3.org/2001/XMLSchema-instance">TPRA</anyType>
              </col>
              <col index="3">
                <anyType p9:nil="true" xmlns:p9="http://www.w3.org/2001/XMLSchema-instance" />
              </col>
            </row>
            <row index="30">
              <col index="1">
                <anyType xmlns:q1="http://www.w3.org/2001/XMLSchema" p10:type="q1:string" xmlns:p10="http://www.w3.org/2001/XMLSchema-instance">EOUSFF1F  </anyType>
              </col>
              <col index="2">
                <anyType xmlns:q1="http://www.w3.org/2001/XMLSchema" p10:type="q1:string" xmlns:p10="http://www.w3.org/2001/XMLSchema-instance">ICPL</anyType>
              </col>
              <col index="3">
                <anyType p9:nil="true" xmlns:p9="http://www.w3.org/2001/XMLSchema-instance" />
              </col>
            </row>
            <row index="31">
              <col index="1">
                <anyType xmlns:q1="http://www.w3.org/2001/XMLSchema" p10:type="q1:string" xmlns:p10="http://www.w3.org/2001/XMLSchema-instance">EOUSFF1F  </anyType>
              </col>
              <col index="2">
                <anyType xmlns:q1="http://www.w3.org/2001/XMLSchema" p10:type="q1:string" xmlns:p10="http://www.w3.org/2001/XMLSchema-instance">TPRA</anyType>
              </col>
              <col index="3">
                <anyType p9:nil="true" xmlns:p9="http://www.w3.org/2001/XMLSchema-instance" />
              </col>
            </row>
            <row index="32">
              <col index="1">
                <anyType xmlns:q1="http://www.w3.org/2001/XMLSchema" p10:type="q1:string" xmlns:p10="http://www.w3.org/2001/XMLSchema-instance">EOUSFF2</anyType>
              </col>
              <col index="2">
                <anyType xmlns:q1="http://www.w3.org/2001/XMLSchema" p10:type="q1:string" xmlns:p10="http://www.w3.org/2001/XMLSchema-instance">ICPL</anyType>
              </col>
              <col index="3">
                <anyType p9:nil="true" xmlns:p9="http://www.w3.org/2001/XMLSchema-instance" />
              </col>
            </row>
            <row index="33">
              <col index="1">
                <anyType xmlns:q1="http://www.w3.org/2001/XMLSchema" p10:type="q1:string" xmlns:p10="http://www.w3.org/2001/XMLSchema-instance">EOUSFF2  </anyType>
              </col>
              <col index="2">
                <anyType xmlns:q1="http://www.w3.org/2001/XMLSchema" p10:type="q1:string" xmlns:p10="http://www.w3.org/2001/XMLSchema-instance">TPRA</anyType>
              </col>
              <col index="3">
                <anyType p9:nil="true" xmlns:p9="http://www.w3.org/2001/XMLSchema-instance" />
              </col>
            </row>
            <row index="34">
              <col index="1">
                <anyType xmlns:q1="http://www.w3.org/2001/XMLSchema" p10:type="q1:string" xmlns:p10="http://www.w3.org/2001/XMLSchema-instance">EOUSFF20</anyType>
              </col>
              <col index="2">
                <anyType xmlns:q1="http://www.w3.org/2001/XMLSchema" p10:type="q1:string" xmlns:p10="http://www.w3.org/2001/XMLSchema-instance">ICPL</anyType>
              </col>
              <col index="3">
                <anyType p9:nil="true" xmlns:p9="http://www.w3.org/2001/XMLSchema-instance" />
              </col>
            </row>
            <row index="35">
              <col index="1">
                <anyType xmlns:q1="http://www.w3.org/2001/XMLSchema" p10:type="q1:string" xmlns:p10="http://www.w3.org/2001/XMLSchema-instance">EOUSFF20  </anyType>
              </col>
              <col index="2">
                <anyType xmlns:q1="http://www.w3.org/2001/XMLSchema" p10:type="q1:string" xmlns:p10="http://www.w3.org/2001/XMLSchema-instance">TPRA</anyType>
              </col>
              <col index="3">
                <anyType p9:nil="true" xmlns:p9="http://www.w3.org/2001/XMLSchema-instance" />
              </col>
            </row>
            <row index="36">
              <col index="1">
                <anyType xmlns:q1="http://www.w3.org/2001/XMLSchema" p10:type="q1:string" xmlns:p10="http://www.w3.org/2001/XMLSchema-instance">EOUSFF25  </anyType>
              </col>
              <col index="2">
                <anyType xmlns:q1="http://www.w3.org/2001/XMLSchema" p10:type="q1:string" xmlns:p10="http://www.w3.org/2001/XMLSchema-instance">ICPL</anyType>
              </col>
              <col index="3">
                <anyType p9:nil="true" xmlns:p9="http://www.w3.org/2001/XMLSchema-instance" />
              </col>
            </row>
            <row index="37">
              <col index="1">
                <anyType xmlns:q1="http://www.w3.org/2001/XMLSchema" p10:type="q1:string" xmlns:p10="http://www.w3.org/2001/XMLSchema-instance">EOUSFF25  </anyType>
              </col>
              <col index="2">
                <anyType xmlns:q1="http://www.w3.org/2001/XMLSchema" p10:type="q1:string" xmlns:p10="http://www.w3.org/2001/XMLSchema-instance">TPRA</anyType>
              </col>
              <col index="3">
                <anyType p9:nil="true" xmlns:p9="http://www.w3.org/2001/XMLSchema-instance" />
              </col>
            </row>
            <row index="38">
              <col index="1">
                <anyType xmlns:q1="http://www.w3.org/2001/XMLSchema" p10:type="q1:string" xmlns:p10="http://www.w3.org/2001/XMLSchema-instance">EOUSFF3</anyType>
              </col>
              <col index="2">
                <anyType xmlns:q1="http://www.w3.org/2001/XMLSchema" p10:type="q1:string" xmlns:p10="http://www.w3.org/2001/XMLSchema-instance">ICPL</anyType>
              </col>
              <col index="3">
                <anyType p9:nil="true" xmlns:p9="http://www.w3.org/2001/XMLSchema-instance" />
              </col>
            </row>
            <row index="39">
              <col index="1">
                <anyType xmlns:q1="http://www.w3.org/2001/XMLSchema" p10:type="q1:string" xmlns:p10="http://www.w3.org/2001/XMLSchema-instance">EOUSFF3  </anyType>
              </col>
              <col index="2">
                <anyType xmlns:q1="http://www.w3.org/2001/XMLSchema" p10:type="q1:string" xmlns:p10="http://www.w3.org/2001/XMLSchema-instance">TPRA</anyType>
              </col>
              <col index="3">
                <anyType p9:nil="true" xmlns:p9="http://www.w3.org/2001/XMLSchema-instance" />
              </col>
            </row>
            <row index="40">
              <col index="1">
                <anyType xmlns:q1="http://www.w3.org/2001/XMLSchema" p10:type="q1:string" xmlns:p10="http://www.w3.org/2001/XMLSchema-instance">EOUSFF30</anyType>
              </col>
              <col index="2">
                <anyType xmlns:q1="http://www.w3.org/2001/XMLSchema" p10:type="q1:string" xmlns:p10="http://www.w3.org/2001/XMLSchema-instance">ICPL</anyType>
              </col>
              <col index="3">
                <anyType p9:nil="true" xmlns:p9="http://www.w3.org/2001/XMLSchema-instance" />
              </col>
            </row>
            <row index="41">
              <col index="1">
                <anyType xmlns:q1="http://www.w3.org/2001/XMLSchema" p10:type="q1:string" xmlns:p10="http://www.w3.org/2001/XMLSchema-instance">EOUSFF30  </anyType>
              </col>
              <col index="2">
                <anyType xmlns:q1="http://www.w3.org/2001/XMLSchema" p10:type="q1:string" xmlns:p10="http://www.w3.org/2001/XMLSchema-instance">TPRA</anyType>
              </col>
              <col index="3">
                <anyType p9:nil="true" xmlns:p9="http://www.w3.org/2001/XMLSchema-instance" />
              </col>
            </row>
            <row index="42">
              <col index="1">
                <anyType xmlns:q1="http://www.w3.org/2001/XMLSchema" p10:type="q1:string" xmlns:p10="http://www.w3.org/2001/XMLSchema-instance">EOUSFF4  </anyType>
              </col>
              <col index="2">
                <anyType xmlns:q1="http://www.w3.org/2001/XMLSchema" p10:type="q1:string" xmlns:p10="http://www.w3.org/2001/XMLSchema-instance">ICPL</anyType>
              </col>
              <col index="3">
                <anyType p9:nil="true" xmlns:p9="http://www.w3.org/2001/XMLSchema-instance" />
              </col>
            </row>
            <row index="43">
              <col index="1">
                <anyType xmlns:q1="http://www.w3.org/2001/XMLSchema" p10:type="q1:string" xmlns:p10="http://www.w3.org/2001/XMLSchema-instance">EOUSFF4  </anyType>
              </col>
              <col index="2">
                <anyType xmlns:q1="http://www.w3.org/2001/XMLSchema" p10:type="q1:string" xmlns:p10="http://www.w3.org/2001/XMLSchema-instance">TPRA</anyType>
              </col>
              <col index="3">
                <anyType p9:nil="true" xmlns:p9="http://www.w3.org/2001/XMLSchema-instance" />
              </col>
            </row>
            <row index="44">
              <col index="1">
                <anyType xmlns:q1="http://www.w3.org/2001/XMLSchema" p10:type="q1:string" xmlns:p10="http://www.w3.org/2001/XMLSchema-instance">EOUSFF5  </anyType>
              </col>
              <col index="2">
                <anyType xmlns:q1="http://www.w3.org/2001/XMLSchema" p10:type="q1:string" xmlns:p10="http://www.w3.org/2001/XMLSchema-instance">ICPL</anyType>
              </col>
              <col index="3">
                <anyType p9:nil="true" xmlns:p9="http://www.w3.org/2001/XMLSchema-instance" />
              </col>
            </row>
            <row index="45">
              <col index="1">
                <anyType xmlns:q1="http://www.w3.org/2001/XMLSchema" p10:type="q1:string" xmlns:p10="http://www.w3.org/2001/XMLSchema-instance">EOUSFF5  </anyType>
              </col>
              <col index="2">
                <anyType xmlns:q1="http://www.w3.org/2001/XMLSchema" p10:type="q1:string" xmlns:p10="http://www.w3.org/2001/XMLSchema-instance">TPRA</anyType>
              </col>
              <col index="3">
                <anyType p9:nil="true" xmlns:p9="http://www.w3.org/2001/XMLSchema-instance" />
              </col>
            </row>
            <row index="46">
              <col index="1">
                <anyType xmlns:q1="http://www.w3.org/2001/XMLSchema" p10:type="q1:string" xmlns:p10="http://www.w3.org/2001/XMLSchema-instance">EOUSFF6  </anyType>
              </col>
              <col index="2">
                <anyType xmlns:q1="http://www.w3.org/2001/XMLSchema" p10:type="q1:string" xmlns:p10="http://www.w3.org/2001/XMLSchema-instance">ICPL</anyType>
              </col>
              <col index="3">
                <anyType p9:nil="true" xmlns:p9="http://www.w3.org/2001/XMLSchema-instance" />
              </col>
            </row>
            <row index="47">
              <col index="1">
                <anyType xmlns:q1="http://www.w3.org/2001/XMLSchema" p10:type="q1:string" xmlns:p10="http://www.w3.org/2001/XMLSchema-instance">EOUSFF6  </anyType>
              </col>
              <col index="2">
                <anyType xmlns:q1="http://www.w3.org/2001/XMLSchema" p10:type="q1:string" xmlns:p10="http://www.w3.org/2001/XMLSchema-instance">TPRA</anyType>
              </col>
              <col index="3">
                <anyType p9:nil="true" xmlns:p9="http://www.w3.org/2001/XMLSchema-instance" />
              </col>
            </row>
            <row index="48">
              <col index="1">
                <anyType xmlns:q1="http://www.w3.org/2001/XMLSchema" p10:type="q1:string" xmlns:p10="http://www.w3.org/2001/XMLSchema-instance">EOUSFF7  </anyType>
              </col>
              <col index="2">
                <anyType xmlns:q1="http://www.w3.org/2001/XMLSchema" p10:type="q1:string" xmlns:p10="http://www.w3.org/2001/XMLSchema-instance">ICPL</anyType>
              </col>
              <col index="3">
                <anyType p9:nil="true" xmlns:p9="http://www.w3.org/2001/XMLSchema-instance" />
              </col>
            </row>
            <row index="49">
              <col index="1">
                <anyType xmlns:q1="http://www.w3.org/2001/XMLSchema" p10:type="q1:string" xmlns:p10="http://www.w3.org/2001/XMLSchema-instance">EOUSFF7  </anyType>
              </col>
              <col index="2">
                <anyType xmlns:q1="http://www.w3.org/2001/XMLSchema" p10:type="q1:string" xmlns:p10="http://www.w3.org/2001/XMLSchema-instance">TPRA</anyType>
              </col>
              <col index="3">
                <anyType p9:nil="true" xmlns:p9="http://www.w3.org/2001/XMLSchema-instance" />
              </col>
            </row>
            <row index="50">
              <col index="1">
                <anyType xmlns:q1="http://www.w3.org/2001/XMLSchema" p10:type="q1:string" xmlns:p10="http://www.w3.org/2001/XMLSchema-instance">EOUSFF8  </anyType>
              </col>
              <col index="2">
                <anyType xmlns:q1="http://www.w3.org/2001/XMLSchema" p10:type="q1:string" xmlns:p10="http://www.w3.org/2001/XMLSchema-instance">ICPL</anyType>
              </col>
              <col index="3">
                <anyType p9:nil="true" xmlns:p9="http://www.w3.org/2001/XMLSchema-instance" />
              </col>
            </row>
            <row index="51">
              <col index="1">
                <anyType xmlns:q1="http://www.w3.org/2001/XMLSchema" p10:type="q1:string" xmlns:p10="http://www.w3.org/2001/XMLSchema-instance">EOUSFF8  </anyType>
              </col>
              <col index="2">
                <anyType xmlns:q1="http://www.w3.org/2001/XMLSchema" p10:type="q1:string" xmlns:p10="http://www.w3.org/2001/XMLSchema-instance">TPRA</anyType>
              </col>
              <col index="3">
                <anyType p9:nil="true" xmlns:p9="http://www.w3.org/2001/XMLSchema-instance" />
              </col>
            </row>
            <row index="52">
              <col index="1">
                <anyType xmlns:q1="http://www.w3.org/2001/XMLSchema" p10:type="q1:string" xmlns:p10="http://www.w3.org/2001/XMLSchema-instance">EOUSFF9  </anyType>
              </col>
              <col index="2">
                <anyType xmlns:q1="http://www.w3.org/2001/XMLSchema" p10:type="q1:string" xmlns:p10="http://www.w3.org/2001/XMLSchema-instance">ICPL</anyType>
              </col>
              <col index="3">
                <anyType p9:nil="true" xmlns:p9="http://www.w3.org/2001/XMLSchema-instance" />
              </col>
            </row>
            <row index="53">
              <col index="1">
                <anyType xmlns:q1="http://www.w3.org/2001/XMLSchema" p10:type="q1:string" xmlns:p10="http://www.w3.org/2001/XMLSchema-instance">EOUSFF9  </anyType>
              </col>
              <col index="2">
                <anyType xmlns:q1="http://www.w3.org/2001/XMLSchema" p10:type="q1:string" xmlns:p10="http://www.w3.org/2001/XMLSchema-instance">TPRA</anyType>
              </col>
              <col index="3">
                <anyType p9:nil="true" xmlns:p9="http://www.w3.org/2001/XMLSchema-instance" />
              </col>
            </row>
            <row index="54">
              <col index="1">
                <anyType xmlns:q1="http://www.w3.org/2001/XMLSchema" p10:type="q1:string" xmlns:p10="http://www.w3.org/2001/XMLSchema-instance">EOUSFFC  </anyType>
              </col>
              <col index="2">
                <anyType xmlns:q1="http://www.w3.org/2001/XMLSchema" p10:type="q1:string" xmlns:p10="http://www.w3.org/2001/XMLSchema-instance">ICPL</anyType>
              </col>
              <col index="3">
                <anyType p9:nil="true" xmlns:p9="http://www.w3.org/2001/XMLSchema-instance" />
              </col>
            </row>
            <row index="55">
              <col index="1">
                <anyType xmlns:q1="http://www.w3.org/2001/XMLSchema" p10:type="q1:string" xmlns:p10="http://www.w3.org/2001/XMLSchema-instance">EOUSFFC  </anyType>
              </col>
              <col index="2">
                <anyType xmlns:q1="http://www.w3.org/2001/XMLSchema" p10:type="q1:string" xmlns:p10="http://www.w3.org/2001/XMLSchema-instance">TPRA</anyType>
              </col>
              <col index="3">
                <anyType p9:nil="true" xmlns:p9="http://www.w3.org/2001/XMLSchema-instance" />
              </col>
            </row>
            <row index="56">
              <col index="1">
                <anyType xmlns:q1="http://www.w3.org/2001/XMLSchema" p10:type="q1:string" xmlns:p10="http://www.w3.org/2001/XMLSchema-instance">EOUSFFD  </anyType>
              </col>
              <col index="2">
                <anyType xmlns:q1="http://www.w3.org/2001/XMLSchema" p10:type="q1:string" xmlns:p10="http://www.w3.org/2001/XMLSchema-instance">ICPL</anyType>
              </col>
              <col index="3">
                <anyType p9:nil="true" xmlns:p9="http://www.w3.org/2001/XMLSchema-instance" />
              </col>
            </row>
            <row index="57">
              <col index="1">
                <anyType xmlns:q1="http://www.w3.org/2001/XMLSchema" p10:type="q1:string" xmlns:p10="http://www.w3.org/2001/XMLSchema-instance">EOUSFFE  </anyType>
              </col>
              <col index="2">
                <anyType xmlns:q1="http://www.w3.org/2001/XMLSchema" p10:type="q1:string" xmlns:p10="http://www.w3.org/2001/XMLSchema-instance">ICPL</anyType>
              </col>
              <col index="3">
                <anyType p9:nil="true" xmlns:p9="http://www.w3.org/2001/XMLSchema-instance" />
              </col>
            </row>
            <row index="58">
              <col index="1">
                <anyType xmlns:q1="http://www.w3.org/2001/XMLSchema" p10:type="q1:string" xmlns:p10="http://www.w3.org/2001/XMLSchema-instance">EOUSFFF  </anyType>
              </col>
              <col index="2">
                <anyType xmlns:q1="http://www.w3.org/2001/XMLSchema" p10:type="q1:string" xmlns:p10="http://www.w3.org/2001/XMLSchema-instance">ICPL</anyType>
              </col>
              <col index="3">
                <anyType p9:nil="true" xmlns:p9="http://www.w3.org/2001/XMLSchema-instance" />
              </col>
            </row>
            <row index="59">
              <col index="1">
                <anyType xmlns:q1="http://www.w3.org/2001/XMLSchema" p10:type="q1:string" xmlns:p10="http://www.w3.org/2001/XMLSchema-instance">EOUSFFF  </anyType>
              </col>
              <col index="2">
                <anyType xmlns:q1="http://www.w3.org/2001/XMLSchema" p10:type="q1:string" xmlns:p10="http://www.w3.org/2001/XMLSchema-instance">TPRA</anyType>
              </col>
              <col index="3">
                <anyType p9:nil="true" xmlns:p9="http://www.w3.org/2001/XMLSchema-instance" />
              </col>
            </row>
            <row index="60">
              <col index="1">
                <anyType xmlns:q1="http://www.w3.org/2001/XMLSchema" p10:type="q1:string" xmlns:p10="http://www.w3.org/2001/XMLSchema-instance">EOUSFFG  </anyType>
              </col>
              <col index="2">
                <anyType xmlns:q1="http://www.w3.org/2001/XMLSchema" p10:type="q1:string" xmlns:p10="http://www.w3.org/2001/XMLSchema-instance">ICPL</anyType>
              </col>
              <col index="3">
                <anyType p9:nil="true" xmlns:p9="http://www.w3.org/2001/XMLSchema-instance" />
              </col>
            </row>
            <row index="61">
              <col index="1">
                <anyType xmlns:q1="http://www.w3.org/2001/XMLSchema" p10:type="q1:string" xmlns:p10="http://www.w3.org/2001/XMLSchema-instance">EOUSFFH  </anyType>
              </col>
              <col index="2">
                <anyType xmlns:q1="http://www.w3.org/2001/XMLSchema" p10:type="q1:string" xmlns:p10="http://www.w3.org/2001/XMLSchema-instance">ICPL</anyType>
              </col>
              <col index="3">
                <anyType p9:nil="true" xmlns:p9="http://www.w3.org/2001/XMLSchema-instance" />
              </col>
            </row>
            <row index="62">
              <col index="1">
                <anyType xmlns:q1="http://www.w3.org/2001/XMLSchema" p10:type="q1:string" xmlns:p10="http://www.w3.org/2001/XMLSchema-instance">EOUSFFI  </anyType>
              </col>
              <col index="2">
                <anyType xmlns:q1="http://www.w3.org/2001/XMLSchema" p10:type="q1:string" xmlns:p10="http://www.w3.org/2001/XMLSchema-instance">ICPL</anyType>
              </col>
              <col index="3">
                <anyType p9:nil="true" xmlns:p9="http://www.w3.org/2001/XMLSchema-instance" />
              </col>
            </row>
            <row index="63">
              <col index="1">
                <anyType xmlns:q1="http://www.w3.org/2001/XMLSchema" p10:type="q1:string" xmlns:p10="http://www.w3.org/2001/XMLSchema-instance">EOUSFFI  </anyType>
              </col>
              <col index="2">
                <anyType xmlns:q1="http://www.w3.org/2001/XMLSchema" p10:type="q1:string" xmlns:p10="http://www.w3.org/2001/XMLSchema-instance">TPRA</anyType>
              </col>
              <col index="3">
                <anyType p9:nil="true" xmlns:p9="http://www.w3.org/2001/XMLSchema-instance" />
              </col>
            </row>
            <row index="64">
              <col index="1">
                <anyType xmlns:q1="http://www.w3.org/2001/XMLSchema" p10:type="q1:string" xmlns:p10="http://www.w3.org/2001/XMLSchema-instance">EOUSFFJ  </anyType>
              </col>
              <col index="2">
                <anyType xmlns:q1="http://www.w3.org/2001/XMLSchema" p10:type="q1:string" xmlns:p10="http://www.w3.org/2001/XMLSchema-instance">ICPL</anyType>
              </col>
              <col index="3">
                <anyType p9:nil="true" xmlns:p9="http://www.w3.org/2001/XMLSchema-instance" />
              </col>
            </row>
            <row index="65">
              <col index="1">
                <anyType xmlns:q1="http://www.w3.org/2001/XMLSchema" p10:type="q1:string" xmlns:p10="http://www.w3.org/2001/XMLSchema-instance">EOUSFFK  </anyType>
              </col>
              <col index="2">
                <anyType xmlns:q1="http://www.w3.org/2001/XMLSchema" p10:type="q1:string" xmlns:p10="http://www.w3.org/2001/XMLSchema-instance">ICPL</anyType>
              </col>
              <col index="3">
                <anyType p9:nil="true" xmlns:p9="http://www.w3.org/2001/XMLSchema-instance" />
              </col>
            </row>
          </rows>
        </Xenomorph.Generic.List>
      </DataSource>
    </Property>
  </Item>
</Category>
