<?xml version="1.0"?>
<Category ItemCount="1" Name="Mapping Tables">
  <Item PropertyCount="1" CodeType="Mapping Table" Code="FA Opt Key" Database="\\SITSERVER\PUBLIC_GOLD">
    <Property Name="Table" Static="true" MultiSourced="true" DataType="List">
      <DataSource Name="Internal">
        <Xenomorph.Generic.List>
          <columnDefinitions>
            <columnDefinition index="1" type="System.Object, mscorlib, Version=4.0.0.0, Culture=neutral, PublicKeyToken=b77a5c561934e089" header="" />
            <columnDefinition index="2" type="System.Object, mscorlib, Version=4.0.0.0, Culture=neutral, PublicKeyToken=b77a5c561934e089" header="" />
            <columnDefinition index="3" type="System.Object, mscorlib, Version=4.0.0.0, Culture=neutral, PublicKeyToken=b77a5c561934e089" header="" />
            <columnDefinition index="4" type="System.Object, mscorlib, Version=4.0.0.0, Culture=neutral, PublicKeyToken=b77a5c561934e089" header="" />
          </columnDefinitions>
          <rows>
            <row index="1">
              <col index="1">
                <anyType xmlns:q1="http://www.w3.org/2001/XMLSchema" p10:type="q1:string" xmlns:p10="http://www.w3.org/2001/XMLSchema-instance">Option_Key</anyType>
              </col>
              <col index="2">
                <anyType xmlns:q1="http://www.w3.org/2001/XMLSchema" p10:type="q1:string" xmlns:p10="http://www.w3.org/2001/XMLSchema-instance">Month_Key</anyType>
              </col>
              <col index="3">
                <anyType xmlns:q1="http://www.w3.org/2001/XMLSchema" p10:type="q1:string" xmlns:p10="http://www.w3.org/2001/XMLSchema-instance">C_P</anyType>
              </col>
              <col index="4">
                <anyType xmlns:q1="http://www.w3.org/2001/XMLSchema" p10:type="q1:string" xmlns:p10="http://www.w3.org/2001/XMLSchema-instance">Month</anyType>
              </col>
            </row>
            <row index="2">
              <col index="1">
                <anyType xmlns:q1="http://www.w3.org/2001/XMLSchema" p10:type="q1:string" xmlns:p10="http://www.w3.org/2001/XMLSchema-instance">A</anyType>
              </col>
              <col index="2">
                <anyType xmlns:q1="http://www.w3.org/2001/XMLSchema" p10:type="q1:int" xmlns:p10="http://www.w3.org/2001/XMLSchema-instance">1</anyType>
              </col>
              <col index="3">
                <anyType xmlns:q1="http://www.w3.org/2001/XMLSchema" p10:type="q1:string" xmlns:p10="http://www.w3.org/2001/XMLSchema-instance">C</anyType>
              </col>
              <col index="4">
                <anyType xmlns:q1="http://www.w3.org/2001/XMLSchema" p10:type="q1:string" xmlns:p10="http://www.w3.org/2001/XMLSchema-instance">January</anyType>
              </col>
            </row>
            <row index="3">
              <col index="1">
                <anyType xmlns:q1="http://www.w3.org/2001/XMLSchema" p10:type="q1:string" xmlns:p10="http://www.w3.org/2001/XMLSchema-instance">M</anyType>
              </col>
              <col index="2">
                <anyType xmlns:q1="http://www.w3.org/2001/XMLSchema" p10:type="q1:int" xmlns:p10="http://www.w3.org/2001/XMLSchema-instance">1</anyType>
              </col>
              <col index="3">
                <anyType xmlns:q1="http://www.w3.org/2001/XMLSchema" p10:type="q1:string" xmlns:p10="http://www.w3.org/2001/XMLSchema-instance">P</anyType>
              </col>
              <col index="4">
                <anyType xmlns:q1="http://www.w3.org/2001/XMLSchema" p10:type="q1:string" xmlns:p10="http://www.w3.org/2001/XMLSchema-instance">January</anyType>
              </col>
            </row>
            <row index="4">
              <col index="1">
                <anyType xmlns:q1="http://www.w3.org/2001/XMLSchema" p10:type="q1:string" xmlns:p10="http://www.w3.org/2001/XMLSchema-instance">B</anyType>
              </col>
              <col index="2">
                <anyType xmlns:q1="http://www.w3.org/2001/XMLSchema" p10:type="q1:int" xmlns:p10="http://www.w3.org/2001/XMLSchema-instance">2</anyType>
              </col>
              <col index="3">
                <anyType xmlns:q1="http://www.w3.org/2001/XMLSchema" p10:type="q1:string" xmlns:p10="http://www.w3.org/2001/XMLSchema-instance">C</anyType>
              </col>
              <col index="4">
                <anyType xmlns:q1="http://www.w3.org/2001/XMLSchema" p10:type="q1:string" xmlns:p10="http://www.w3.org/2001/XMLSchema-instance">February</anyType>
              </col>
            </row>
            <row index="5">
              <col index="1">
                <anyType xmlns:q1="http://www.w3.org/2001/XMLSchema" p10:type="q1:string" xmlns:p10="http://www.w3.org/2001/XMLSchema-instance">N</anyType>
              </col>
              <col index="2">
                <anyType xmlns:q1="http://www.w3.org/2001/XMLSchema" p10:type="q1:int" xmlns:p10="http://www.w3.org/2001/XMLSchema-instance">2</anyType>
              </col>
              <col index="3">
                <anyType xmlns:q1="http://www.w3.org/2001/XMLSchema" p10:type="q1:string" xmlns:p10="http://www.w3.org/2001/XMLSchema-instance">P</anyType>
              </col>
              <col index="4">
                <anyType xmlns:q1="http://www.w3.org/2001/XMLSchema" p10:type="q1:string" xmlns:p10="http://www.w3.org/2001/XMLSchema-instance">February</anyType>
              </col>
            </row>
            <row index="6">
              <col index="1">
                <anyType xmlns:q1="http://www.w3.org/2001/XMLSchema" p10:type="q1:string" xmlns:p10="http://www.w3.org/2001/XMLSchema-instance">C</anyType>
              </col>
              <col index="2">
                <anyType xmlns:q1="http://www.w3.org/2001/XMLSchema" p10:type="q1:int" xmlns:p10="http://www.w3.org/2001/XMLSchema-instance">3</anyType>
              </col>
              <col index="3">
                <anyType xmlns:q1="http://www.w3.org/2001/XMLSchema" p10:type="q1:string" xmlns:p10="http://www.w3.org/2001/XMLSchema-instance">C</anyType>
              </col>
              <col index="4">
                <anyType xmlns:q1="http://www.w3.org/2001/XMLSchema" p10:type="q1:string" xmlns:p10="http://www.w3.org/2001/XMLSchema-instance">March</anyType>
              </col>
            </row>
            <row index="7">
              <col index="1">
                <anyType xmlns:q1="http://www.w3.org/2001/XMLSchema" p10:type="q1:string" xmlns:p10="http://www.w3.org/2001/XMLSchema-instance">O</anyType>
              </col>
              <col index="2">
                <anyType xmlns:q1="http://www.w3.org/2001/XMLSchema" p10:type="q1:int" xmlns:p10="http://www.w3.org/2001/XMLSchema-instance">3</anyType>
              </col>
              <col index="3">
                <anyType xmlns:q1="http://www.w3.org/2001/XMLSchema" p10:type="q1:string" xmlns:p10="http://www.w3.org/2001/XMLSchema-instance">P</anyType>
              </col>
              <col index="4">
                <anyType xmlns:q1="http://www.w3.org/2001/XMLSchema" p10:type="q1:string" xmlns:p10="http://www.w3.org/2001/XMLSchema-instance">March</anyType>
              </col>
            </row>
            <row index="8">
              <col index="1">
                <anyType xmlns:q1="http://www.w3.org/2001/XMLSchema" p10:type="q1:string" xmlns:p10="http://www.w3.org/2001/XMLSchema-instance">D</anyType>
              </col>
              <col index="2">
                <anyType xmlns:q1="http://www.w3.org/2001/XMLSchema" p10:type="q1:int" xmlns:p10="http://www.w3.org/2001/XMLSchema-instance">4</anyType>
              </col>
              <col index="3">
                <anyType xmlns:q1="http://www.w3.org/2001/XMLSchema" p10:type="q1:string" xmlns:p10="http://www.w3.org/2001/XMLSchema-instance">C</anyType>
              </col>
              <col index="4">
                <anyType xmlns:q1="http://www.w3.org/2001/XMLSchema" p10:type="q1:string" xmlns:p10="http://www.w3.org/2001/XMLSchema-instance">April</anyType>
              </col>
            </row>
            <row index="9">
              <col index="1">
                <anyType xmlns:q1="http://www.w3.org/2001/XMLSchema" p10:type="q1:string" xmlns:p10="http://www.w3.org/2001/XMLSchema-instance">P</anyType>
              </col>
              <col index="2">
                <anyType xmlns:q1="http://www.w3.org/2001/XMLSchema" p10:type="q1:int" xmlns:p10="http://www.w3.org/2001/XMLSchema-instance">4</anyType>
              </col>
              <col index="3">
                <anyType xmlns:q1="http://www.w3.org/2001/XMLSchema" p10:type="q1:string" xmlns:p10="http://www.w3.org/2001/XMLSchema-instance">P</anyType>
              </col>
              <col index="4">
                <anyType xmlns:q1="http://www.w3.org/2001/XMLSchema" p10:type="q1:string" xmlns:p10="http://www.w3.org/2001/XMLSchema-instance">April</anyType>
              </col>
            </row>
            <row index="10">
              <col index="1">
                <anyType xmlns:q1="http://www.w3.org/2001/XMLSchema" p10:type="q1:string" xmlns:p10="http://www.w3.org/2001/XMLSchema-instance">E</anyType>
              </col>
              <col index="2">
                <anyType xmlns:q1="http://www.w3.org/2001/XMLSchema" p10:type="q1:int" xmlns:p10="http://www.w3.org/2001/XMLSchema-instance">5</anyType>
              </col>
              <col index="3">
                <anyType xmlns:q1="http://www.w3.org/2001/XMLSchema" p10:type="q1:string" xmlns:p10="http://www.w3.org/2001/XMLSchema-instance">C</anyType>
              </col>
              <col index="4">
                <anyType xmlns:q1="http://www.w3.org/2001/XMLSchema" p10:type="q1:string" xmlns:p10="http://www.w3.org/2001/XMLSchema-instance">May</anyType>
              </col>
            </row>
            <row index="11">
              <col index="1">
                <anyType xmlns:q1="http://www.w3.org/2001/XMLSchema" p10:type="q1:string" xmlns:p10="http://www.w3.org/2001/XMLSchema-instance">Q</anyType>
              </col>
              <col index="2">
                <anyType xmlns:q1="http://www.w3.org/2001/XMLSchema" p10:type="q1:int" xmlns:p10="http://www.w3.org/2001/XMLSchema-instance">5</anyType>
              </col>
              <col index="3">
                <anyType xmlns:q1="http://www.w3.org/2001/XMLSchema" p10:type="q1:string" xmlns:p10="http://www.w3.org/2001/XMLSchema-instance">P</anyType>
              </col>
              <col index="4">
                <anyType xmlns:q1="http://www.w3.org/2001/XMLSchema" p10:type="q1:string" xmlns:p10="http://www.w3.org/2001/XMLSchema-instance">May</anyType>
              </col>
            </row>
            <row index="12">
              <col index="1">
                <anyType xmlns:q1="http://www.w3.org/2001/XMLSchema" p10:type="q1:string" xmlns:p10="http://www.w3.org/2001/XMLSchema-instance">F</anyType>
              </col>
              <col index="2">
                <anyType xmlns:q1="http://www.w3.org/2001/XMLSchema" p10:type="q1:int" xmlns:p10="http://www.w3.org/2001/XMLSchema-instance">6</anyType>
              </col>
              <col index="3">
                <anyType xmlns:q1="http://www.w3.org/2001/XMLSchema" p10:type="q1:string" xmlns:p10="http://www.w3.org/2001/XMLSchema-instance">C</anyType>
              </col>
              <col index="4">
                <anyType xmlns:q1="http://www.w3.org/2001/XMLSchema" p10:type="q1:string" xmlns:p10="http://www.w3.org/2001/XMLSchema-instance">June</anyType>
              </col>
            </row>
            <row index="13">
              <col index="1">
                <anyType xmlns:q1="http://www.w3.org/2001/XMLSchema" p10:type="q1:string" xmlns:p10="http://www.w3.org/2001/XMLSchema-instance">R</anyType>
              </col>
              <col index="2">
                <anyType xmlns:q1="http://www.w3.org/2001/XMLSchema" p10:type="q1:int" xmlns:p10="http://www.w3.org/2001/XMLSchema-instance">6</anyType>
              </col>
              <col index="3">
                <anyType xmlns:q1="http://www.w3.org/2001/XMLSchema" p10:type="q1:string" xmlns:p10="http://www.w3.org/2001/XMLSchema-instance">P</anyType>
              </col>
              <col index="4">
                <anyType xmlns:q1="http://www.w3.org/2001/XMLSchema" p10:type="q1:string" xmlns:p10="http://www.w3.org/2001/XMLSchema-instance">June</anyType>
              </col>
            </row>
            <row index="14">
              <col index="1">
                <anyType xmlns:q1="http://www.w3.org/2001/XMLSchema" p10:type="q1:string" xmlns:p10="http://www.w3.org/2001/XMLSchema-instance">G</anyType>
              </col>
              <col index="2">
                <anyType xmlns:q1="http://www.w3.org/2001/XMLSchema" p10:type="q1:int" xmlns:p10="http://www.w3.org/2001/XMLSchema-instance">7</anyType>
              </col>
              <col index="3">
                <anyType xmlns:q1="http://www.w3.org/2001/XMLSchema" p10:type="q1:string" xmlns:p10="http://www.w3.org/2001/XMLSchema-instance">C</anyType>
              </col>
              <col index="4">
                <anyType xmlns:q1="http://www.w3.org/2001/XMLSchema" p10:type="q1:string" xmlns:p10="http://www.w3.org/2001/XMLSchema-instance">July</anyType>
              </col>
            </row>
            <row index="15">
              <col index="1">
                <anyType xmlns:q1="http://www.w3.org/2001/XMLSchema" p10:type="q1:string" xmlns:p10="http://www.w3.org/2001/XMLSchema-instance">S</anyType>
              </col>
              <col index="2">
                <anyType xmlns:q1="http://www.w3.org/2001/XMLSchema" p10:type="q1:int" xmlns:p10="http://www.w3.org/2001/XMLSchema-instance">7</anyType>
              </col>
              <col index="3">
                <anyType xmlns:q1="http://www.w3.org/2001/XMLSchema" p10:type="q1:string" xmlns:p10="http://www.w3.org/2001/XMLSchema-instance">P</anyType>
              </col>
              <col index="4">
                <anyType xmlns:q1="http://www.w3.org/2001/XMLSchema" p10:type="q1:string" xmlns:p10="http://www.w3.org/2001/XMLSchema-instance">July</anyType>
              </col>
            </row>
            <row index="16">
              <col index="1">
                <anyType xmlns:q1="http://www.w3.org/2001/XMLSchema" p10:type="q1:string" xmlns:p10="http://www.w3.org/2001/XMLSchema-instance">H</anyType>
              </col>
              <col index="2">
                <anyType xmlns:q1="http://www.w3.org/2001/XMLSchema" p10:type="q1:int" xmlns:p10="http://www.w3.org/2001/XMLSchema-instance">8</anyType>
              </col>
              <col index="3">
                <anyType xmlns:q1="http://www.w3.org/2001/XMLSchema" p10:type="q1:string" xmlns:p10="http://www.w3.org/2001/XMLSchema-instance">C</anyType>
              </col>
              <col index="4">
                <anyType xmlns:q1="http://www.w3.org/2001/XMLSchema" p10:type="q1:string" xmlns:p10="http://www.w3.org/2001/XMLSchema-instance">August</anyType>
              </col>
            </row>
            <row index="17">
              <col index="1">
                <anyType xmlns:q1="http://www.w3.org/2001/XMLSchema" p10:type="q1:string" xmlns:p10="http://www.w3.org/2001/XMLSchema-instance">T</anyType>
              </col>
              <col index="2">
                <anyType xmlns:q1="http://www.w3.org/2001/XMLSchema" p10:type="q1:int" xmlns:p10="http://www.w3.org/2001/XMLSchema-instance">8</anyType>
              </col>
              <col index="3">
                <anyType xmlns:q1="http://www.w3.org/2001/XMLSchema" p10:type="q1:string" xmlns:p10="http://www.w3.org/2001/XMLSchema-instance">P</anyType>
              </col>
              <col index="4">
                <anyType xmlns:q1="http://www.w3.org/2001/XMLSchema" p10:type="q1:string" xmlns:p10="http://www.w3.org/2001/XMLSchema-instance">August</anyType>
              </col>
            </row>
            <row index="18">
              <col index="1">
                <anyType xmlns:q1="http://www.w3.org/2001/XMLSchema" p10:type="q1:string" xmlns:p10="http://www.w3.org/2001/XMLSchema-instance">I</anyType>
              </col>
              <col index="2">
                <anyType xmlns:q1="http://www.w3.org/2001/XMLSchema" p10:type="q1:int" xmlns:p10="http://www.w3.org/2001/XMLSchema-instance">9</anyType>
              </col>
              <col index="3">
                <anyType xmlns:q1="http://www.w3.org/2001/XMLSchema" p10:type="q1:string" xmlns:p10="http://www.w3.org/2001/XMLSchema-instance">C</anyType>
              </col>
              <col index="4">
                <anyType xmlns:q1="http://www.w3.org/2001/XMLSchema" p10:type="q1:string" xmlns:p10="http://www.w3.org/2001/XMLSchema-instance">September</anyType>
              </col>
            </row>
            <row index="19">
              <col index="1">
                <anyType xmlns:q1="http://www.w3.org/2001/XMLSchema" p10:type="q1:string" xmlns:p10="http://www.w3.org/2001/XMLSchema-instance">U</anyType>
              </col>
              <col index="2">
                <anyType xmlns:q1="http://www.w3.org/2001/XMLSchema" p10:type="q1:int" xmlns:p10="http://www.w3.org/2001/XMLSchema-instance">9</anyType>
              </col>
              <col index="3">
                <anyType xmlns:q1="http://www.w3.org/2001/XMLSchema" p10:type="q1:string" xmlns:p10="http://www.w3.org/2001/XMLSchema-instance">P</anyType>
              </col>
              <col index="4">
                <anyType xmlns:q1="http://www.w3.org/2001/XMLSchema" p10:type="q1:string" xmlns:p10="http://www.w3.org/2001/XMLSchema-instance">September</anyType>
              </col>
            </row>
            <row index="20">
              <col index="1">
                <anyType xmlns:q1="http://www.w3.org/2001/XMLSchema" p10:type="q1:string" xmlns:p10="http://www.w3.org/2001/XMLSchema-instance">J</anyType>
              </col>
              <col index="2">
                <anyType xmlns:q1="http://www.w3.org/2001/XMLSchema" p10:type="q1:int" xmlns:p10="http://www.w3.org/2001/XMLSchema-instance">10</anyType>
              </col>
              <col index="3">
                <anyType xmlns:q1="http://www.w3.org/2001/XMLSchema" p10:type="q1:string" xmlns:p10="http://www.w3.org/2001/XMLSchema-instance">C</anyType>
              </col>
              <col index="4">
                <anyType xmlns:q1="http://www.w3.org/2001/XMLSchema" p10:type="q1:string" xmlns:p10="http://www.w3.org/2001/XMLSchema-instance">October</anyType>
              </col>
            </row>
            <row index="21">
              <col index="1">
                <anyType xmlns:q1="http://www.w3.org/2001/XMLSchema" p10:type="q1:string" xmlns:p10="http://www.w3.org/2001/XMLSchema-instance">V</anyType>
              </col>
              <col index="2">
                <anyType xmlns:q1="http://www.w3.org/2001/XMLSchema" p10:type="q1:int" xmlns:p10="http://www.w3.org/2001/XMLSchema-instance">10</anyType>
              </col>
              <col index="3">
                <anyType xmlns:q1="http://www.w3.org/2001/XMLSchema" p10:type="q1:string" xmlns:p10="http://www.w3.org/2001/XMLSchema-instance">P</anyType>
              </col>
              <col index="4">
                <anyType xmlns:q1="http://www.w3.org/2001/XMLSchema" p10:type="q1:string" xmlns:p10="http://www.w3.org/2001/XMLSchema-instance">October</anyType>
              </col>
            </row>
            <row index="22">
              <col index="1">
                <anyType xmlns:q1="http://www.w3.org/2001/XMLSchema" p10:type="q1:string" xmlns:p10="http://www.w3.org/2001/XMLSchema-instance">K</anyType>
              </col>
              <col index="2">
                <anyType xmlns:q1="http://www.w3.org/2001/XMLSchema" p10:type="q1:int" xmlns:p10="http://www.w3.org/2001/XMLSchema-instance">11</anyType>
              </col>
              <col index="3">
                <anyType xmlns:q1="http://www.w3.org/2001/XMLSchema" p10:type="q1:string" xmlns:p10="http://www.w3.org/2001/XMLSchema-instance">C</anyType>
              </col>
              <col index="4">
                <anyType xmlns:q1="http://www.w3.org/2001/XMLSchema" p10:type="q1:string" xmlns:p10="http://www.w3.org/2001/XMLSchema-instance">November</anyType>
              </col>
            </row>
            <row index="23">
              <col index="1">
                <anyType xmlns:q1="http://www.w3.org/2001/XMLSchema" p10:type="q1:string" xmlns:p10="http://www.w3.org/2001/XMLSchema-instance">W</anyType>
              </col>
              <col index="2">
                <anyType xmlns:q1="http://www.w3.org/2001/XMLSchema" p10:type="q1:int" xmlns:p10="http://www.w3.org/2001/XMLSchema-instance">11</anyType>
              </col>
              <col index="3">
                <anyType xmlns:q1="http://www.w3.org/2001/XMLSchema" p10:type="q1:string" xmlns:p10="http://www.w3.org/2001/XMLSchema-instance">P</anyType>
              </col>
              <col index="4">
                <anyType xmlns:q1="http://www.w3.org/2001/XMLSchema" p10:type="q1:string" xmlns:p10="http://www.w3.org/2001/XMLSchema-instance">November</anyType>
              </col>
            </row>
            <row index="24">
              <col index="1">
                <anyType xmlns:q1="http://www.w3.org/2001/XMLSchema" p10:type="q1:string" xmlns:p10="http://www.w3.org/2001/XMLSchema-instance">L</anyType>
              </col>
              <col index="2">
                <anyType xmlns:q1="http://www.w3.org/2001/XMLSchema" p10:type="q1:int" xmlns:p10="http://www.w3.org/2001/XMLSchema-instance">12</anyType>
              </col>
              <col index="3">
                <anyType xmlns:q1="http://www.w3.org/2001/XMLSchema" p10:type="q1:string" xmlns:p10="http://www.w3.org/2001/XMLSchema-instance">C</anyType>
              </col>
              <col index="4">
                <anyType xmlns:q1="http://www.w3.org/2001/XMLSchema" p10:type="q1:string" xmlns:p10="http://www.w3.org/2001/XMLSchema-instance">December</anyType>
              </col>
            </row>
            <row index="25">
              <col index="1">
                <anyType xmlns:q1="http://www.w3.org/2001/XMLSchema" p10:type="q1:string" xmlns:p10="http://www.w3.org/2001/XMLSchema-instance">X</anyType>
              </col>
              <col index="2">
                <anyType xmlns:q1="http://www.w3.org/2001/XMLSchema" p10:type="q1:int" xmlns:p10="http://www.w3.org/2001/XMLSchema-instance">12</anyType>
              </col>
              <col index="3">
                <anyType xmlns:q1="http://www.w3.org/2001/XMLSchema" p10:type="q1:string" xmlns:p10="http://www.w3.org/2001/XMLSchema-instance">P</anyType>
              </col>
              <col index="4">
                <anyType xmlns:q1="http://www.w3.org/2001/XMLSchema" p10:type="q1:string" xmlns:p10="http://www.w3.org/2001/XMLSchema-instance">December</anyType>
              </col>
            </row>
          </rows>
        </Xenomorph.Generic.List>
      </DataSource>
    </Property>
  </Item>
</Category>
