<?xml version="1.0"?>
<Category ItemCount="1" Name="Derived Data Formulas">
  <Item PropertyCount="1" CodeType="Calculation" Code="FA IPV Forward Price Universe" Database="\\SITSERVER\PUBLIC_GOLD">
    <Property Name="Calculation" Static="true" MultiSourced="false" DataType="Formula">
      <Xenomorph.Generic.Formula RowColumnFormat="A1" CellDefinitionsRows="6" CellDefinitionsColumns="2">
        <NamedRanges>
          <CellNameDefinition Name="Check">
            <Range Top="3" Left="1" Bottom="3" Right="1" />
          </CellNameDefinition>
          <CellNameDefinition Name="FormulaResult">
            <Range Top="0" Left="0" Bottom="0" Right="0" />
          </CellNameDefinition>
          <CellNameDefinition Name="Nocheck">
            <Range Top="4" Left="1" Bottom="4" Right="1" />
          </CellNameDefinition>
          <CellNameDefinition Name="Node">
            <Range Top="1" Left="1" Bottom="1" Right="1" />
          </CellNameDefinition>
          <CellNameDefinition Name="Results">
            <Range Top="3" Left="0" Bottom="4" Right="1" />
          </CellNameDefinition>
          <CellNameDefinition Name="RunDate">
            <Range Top="2" Left="1" Bottom="2" Right="1" />
          </CellNameDefinition>
          <CellNameDefinition Name="Unchecked">
            <Range Top="5" Left="1" Bottom="5" Right="1" />
          </CellNameDefinition>
        </NamedRanges>
        <Cells>
          <CellDefinition p6:type="FormulaCellDefinition" CalculationEnabled="true" DataVisible="true" RowHidden="false" EndOfLine="false" xmlns:p6="http://www.w3.org/2001/XMLSchema-instance">
            <Range Top="3" Left="1" Bottom="3" Right="1" />
            <Value>IF(Node=A4,Values(
DatabaseItems('\\SITSERVER\MD_SILVER','Front Arena IPV Forward Prices','Front Arena Forward Price','RCH_FORWARD*') 
.Where(
NOT(ISERROR(|Underlying Forward Price|.Data(RunDate))) AND 
NOT(ISERROR(|Underlying Price|.Data(RunDate))) AND 
|Valuation group| = 'IndexFuture' AND 
|ISIN Underlying|.|MAX Date| &gt;= |Expiry date|
),
DatabaseItems('\\SITSERVER\MD_SILVER','Front Arena IPV Forward Prices','Front Arena Forward Price','RCH_FORWARD*') 
.Where(
NOT(ISERROR(|Underlying Forward Price|.Data(RunDate))) AND 
NOT(ISERROR(Underlying Price.Data(RunDate))) AND 
|Valuation group| = 'IndexFuture' AND 
(|ISIN Underlying|.|MAX Date| &lt; Expiry date)
)
.Values(Reference,Expiry date,underlying).GROUPBY(underlying).Values(Column_2.SORT(2).Cells(1,1))).TRANSPOSE.FLATTEN.Where(Column_1 &lt;&gt;NULL).Values(Item(Column_1,Column_3,Column_2)),NULL)</Value>
          </CellDefinition>
          <CellDefinition p6:type="FormulaCellDefinition" CalculationEnabled="true" DataVisible="true" RowHidden="false" EndOfLine="false" xmlns:p6="http://www.w3.org/2001/XMLSchema-instance">
            <Range Top="0" Left="0" Bottom="0" Right="0" />
            <Value>Results.Where(Column_1 = Node).column_2</Value>
          </CellDefinition>
          <CellDefinition p6:type="FormulaCellDefinition" CalculationEnabled="true" DataVisible="true" RowHidden="false" EndOfLine="false" xmlns:p6="http://www.w3.org/2001/XMLSchema-instance">
            <Range Top="4" Left="1" Bottom="4" Right="1" />
            <Value>IF(Node=A5,Values(
DatabaseItems('\\SITSERVER\MD_SILVER','Front Arena IPV Forward Prices','Front Arena Forward Price','RCH_FORWARD*') 
.Where(
NOT(ISERROR(|Underlying Forward Price|.Data(RunDate))) AND 
NOT(ISERROR(Underlying Price.Data(RunDate))) AND 
|Valuation group| != 'IndexFuture'),

DatabaseItems('\\SITSERVER\MD_SILVER','Front Arena IPV Forward Prices','Front Arena Forward Price','RCH_FORWARD*') 
.Where(
NOT(ISERROR(|Underlying Forward Price|.Data(RunDate))) AND 
NOT(ISERROR(Underlying Price.Data(RunDate))) AND
|Valuation group| = 'IndexFuture' AND 
|ISIN Underlying|.|MAX Date| &lt; |Expiry date|
)
.Values(Reference,Expiry date)
.SORTBY(Expiry date ASC).Rows(2,RowCount).Values(Reference)).TRANSPOSE.FLATTEN.Where(Column_1 &lt;&gt;NULL).Values(Item(Column_1,Column_3,Column_2)),NULL)</Value>
          </CellDefinition>
          <CellDefinition p6:type="ConstantCellDefinition" CalculationEnabled="true" DataVisible="true" RowHidden="false" EndOfLine="false" xmlns:p6="http://www.w3.org/2001/XMLSchema-instance">
            <Range Top="1" Left="1" Bottom="1" Right="1" />
            <Value xmlns:q1="http://www.w3.org/2001/XMLSchema" p6:type="q1:string">Check</Value>
          </CellDefinition>
          <CellDefinition p6:type="ConstantCellDefinition" CalculationEnabled="true" DataVisible="true" RowHidden="false" EndOfLine="false" xmlns:p6="http://www.w3.org/2001/XMLSchema-instance">
            <Range Top="3" Left="0" Bottom="3" Right="0" />
            <Value xmlns:q2="http://www.w3.org/2001/XMLSchema" p6:type="q2:string">Check</Value>
          </CellDefinition>
          <CellDefinition p6:type="ConstantCellDefinition" CalculationEnabled="true" DataVisible="true" RowHidden="false" EndOfLine="false" xmlns:p6="http://www.w3.org/2001/XMLSchema-instance">
            <Range Top="2" Left="1" Bottom="2" Right="1" />
            <Value xmlns:q3="http://www.w3.org/2001/XMLSchema" p6:type="q3:dateTime">2019-07-01T00:00:00</Value>
          </CellDefinition>
          <CellDefinition CalculationEnabled="true" DataVisible="true" RowHidden="false" EndOfLine="false">
            <Range Top="5" Left="1" Bottom="5" Right="1" />
          </CellDefinition>
          <CellDefinition p6:type="ConstantCellDefinition" CalculationEnabled="true" DataVisible="true" RowHidden="false" EndOfLine="false" xmlns:p6="http://www.w3.org/2001/XMLSchema-instance">
            <Range Top="4" Left="0" Bottom="4" Right="0" />
            <Value xmlns:q4="http://www.w3.org/2001/XMLSchema" p6:type="q4:string">Nocheck</Value>
          </CellDefinition>
          <CellDefinition p6:type="ConstantCellDefinition" CalculationEnabled="true" DataVisible="true" RowHidden="false" EndOfLine="false" xmlns:p6="http://www.w3.org/2001/XMLSchema-instance">
            <Range Top="2" Left="0" Bottom="2" Right="0" />
            <Value xmlns:q5="http://www.w3.org/2001/XMLSchema" p6:type="q5:string">RunDate</Value>
          </CellDefinition>
          <CellDefinition p6:type="ConstantCellDefinition" CalculationEnabled="true" DataVisible="true" RowHidden="false" EndOfLine="false" xmlns:p6="http://www.w3.org/2001/XMLSchema-instance">
            <Range Top="1" Left="0" Bottom="1" Right="0" />
            <Value xmlns:q6="http://www.w3.org/2001/XMLSchema" p6:type="q6:string">Node</Value>
          </CellDefinition>
        </Cells>
      </Xenomorph.Generic.Formula>
    </Property>
  </Item>
</Category>
