<?xml version="1.0"?>
<Category ItemCount="1" Name="Derived Data Formulas">
  <Item PropertyCount="1" Description="Set Reference Vol and Spread - IPV FX Smiles" CodeType="Calculation" Code="Set Reference Vol and Spread - IPV FX Smiles" Database="\\SITSERVER\PUBLIC_GOLD">
    <Property Name="Calculation" Static="true" MultiSourced="false" DataType="Formula">
      <Xenomorph.Generic.Formula RowColumnFormat="A1" CellDefinitionsRows="35" CellDefinitionsColumns="3">
        <NamedRanges>
          <CellNameDefinition Name="BloombergCalc">
            <Range Top="23" Left="1" Bottom="23" Right="1" />
          </CellNameDefinition>
          <CellNameDefinition Name="BloombergSpread">
            <Range Top="21" Left="1" Bottom="21" Right="1" />
          </CellNameDefinition>
          <CellNameDefinition Name="BloombergTimestamp">
            <Range Top="17" Left="1" Bottom="17" Right="1" />
          </CellNameDefinition>
          <CellNameDefinition Name="BloombergVol">
            <Range Top="19" Left="1" Bottom="19" Right="1" />
          </CellNameDefinition>
          <CellNameDefinition Name="CalculationAudit">
            <Range Top="34" Left="1" Bottom="34" Right="1" />
          </CellNameDefinition>
          <CellNameDefinition Name="CodeName">
            <Range Top="4" Left="1" Bottom="4" Right="1" />
          </CellNameDefinition>
          <CellNameDefinition Name="CodeTypeName">
            <Range Top="5" Left="1" Bottom="5" Right="1" />
          </CellNameDefinition>
          <CellNameDefinition Name="DatabaseName">
            <Range Top="3" Left="1" Bottom="3" Right="1" />
          </CellNameDefinition>
          <CellNameDefinition Name="EndDate">
            <Range Top="8" Left="1" Bottom="8" Right="1" />
          </CellNameDefinition>
          <CellNameDefinition Name="FormulaResult">
            <Range Top="0" Left="0" Bottom="0" Right="0" />
          </CellNameDefinition>
          <CellNameDefinition Name="InputAudit">
            <Range Top="33" Left="1" Bottom="33" Right="1" />
          </CellNameDefinition>
          <CellNameDefinition Name="MarketDataTimestamps">
            <Range Top="12" Left="1" Bottom="12" Right="1" />
          </CellNameDefinition>
          <CellNameDefinition Name="MonthEndDate">
            <Range Top="16" Left="1" Bottom="16" Right="1" />
          </CellNameDefinition>
          <CellNameDefinition Name="Results">
            <Range Top="27" Left="0" Bottom="30" Right="2" />
          </CellNameDefinition>
          <CellNameDefinition Name="ReutersCalc">
            <Range Top="24" Left="1" Bottom="24" Right="1" />
          </CellNameDefinition>
          <CellNameDefinition Name="ReutersSpread">
            <Range Top="22" Left="1" Bottom="22" Right="1" />
          </CellNameDefinition>
          <CellNameDefinition Name="ReutersTimestamp">
            <Range Top="18" Left="1" Bottom="18" Right="1" />
          </CellNameDefinition>
          <CellNameDefinition Name="ReutersVol">
            <Range Top="20" Left="1" Bottom="20" Right="1" />
          </CellNameDefinition>
          <CellNameDefinition Name="StartDate">
            <Range Top="7" Left="1" Bottom="7" Right="1" />
          </CellNameDefinition>
          <CellNameDefinition Name="TargetDatasource">
            <Range Top="9" Left="1" Bottom="9" Right="1" />
          </CellNameDefinition>
          <CellNameDefinition Name="TargetItem">
            <Range Top="15" Left="1" Bottom="15" Right="1" />
          </CellNameDefinition>
          <CellNameDefinition Name="TargetProperty">
            <Range Top="6" Left="1" Bottom="6" Right="1" />
          </CellNameDefinition>
        </NamedRanges>
        <Cells>
          <CellDefinition p6:type="FormulaCellDefinition" CalculationEnabled="true" DataVisible="true" RowHidden="false" EndOfLine="false" xmlns:p6="http://www.w3.org/2001/XMLSchema-instance">
            <Range Top="23" Left="1" Bottom="23" Right="1" />
            <Value>ISNULL(TargetItem.|Vol/Spread Calculation|("Bloomberg").Data(MonthEndDate), NULL)</Value>
          </CellDefinition>
          <CellDefinition p6:type="FormulaCellDefinition" CalculationEnabled="true" DataVisible="true" RowHidden="false" EndOfLine="false" xmlns:p6="http://www.w3.org/2001/XMLSchema-instance">
            <Range Top="21" Left="1" Bottom="21" Right="1" />
            <Value>ISNULL(TargetItem.|Spread|("Bloomberg").Data(MonthEndDate), NULL)</Value>
          </CellDefinition>
          <CellDefinition p6:type="FormulaCellDefinition" CalculationEnabled="true" DataVisible="true" RowHidden="false" EndOfLine="false" xmlns:p6="http://www.w3.org/2001/XMLSchema-instance">
            <Range Top="17" Left="1" Bottom="17" Right="1" />
            <Value>ISNULL(TargetItem.|Vol/Spread Timestamp|("Bloomberg").Data(MonthEndDate), NULL)</Value>
          </CellDefinition>
          <CellDefinition p6:type="FormulaCellDefinition" CalculationEnabled="true" DataVisible="true" RowHidden="false" EndOfLine="false" xmlns:p6="http://www.w3.org/2001/XMLSchema-instance">
            <Range Top="19" Left="1" Bottom="19" Right="1" />
            <Value>ISNULL(TargetItem.|VOLATILITY|("Bloomberg").Data(MonthEndDate), NULL)</Value>
          </CellDefinition>
          <CellDefinition p6:type="FormulaCellDefinition" CalculationEnabled="true" DataVisible="true" RowHidden="false" EndOfLine="false" xmlns:p6="http://www.w3.org/2001/XMLSchema-instance">
            <Range Top="34" Left="1" Bottom="34" Right="1" />
            <Value>B1</Value>
          </CellDefinition>
          <CellDefinition p6:type="ConstantCellDefinition" CalculationEnabled="true" DataVisible="true" RowHidden="false" EndOfLine="false" xmlns:p6="http://www.w3.org/2001/XMLSchema-instance">
            <Range Top="4" Left="1" Bottom="4" Right="1" />
            <Value xmlns:q1="http://www.w3.org/2001/XMLSchema" p6:type="q1:string">EUR/GBP_2od_35</Value>
          </CellDefinition>
          <CellDefinition p6:type="ConstantCellDefinition" CalculationEnabled="true" DataVisible="true" RowHidden="false" EndOfLine="false" xmlns:p6="http://www.w3.org/2001/XMLSchema-instance">
            <Range Top="5" Left="1" Bottom="5" Right="1" />
            <Value xmlns:q2="http://www.w3.org/2001/XMLSchema" p6:type="q2:string">Murex FX Smile</Value>
          </CellDefinition>
          <CellDefinition p6:type="ConstantCellDefinition" CalculationEnabled="true" DataVisible="true" RowHidden="false" EndOfLine="false" xmlns:p6="http://www.w3.org/2001/XMLSchema-instance">
            <Range Top="3" Left="1" Bottom="3" Right="1" />
            <Value xmlns:q3="http://www.w3.org/2001/XMLSchema" p6:type="q3:string">MD_SILVER</Value>
          </CellDefinition>
          <CellDefinition CalculationEnabled="true" DataVisible="true" RowHidden="false" EndOfLine="false">
            <Range Top="8" Left="1" Bottom="8" Right="1" />
          </CellDefinition>
          <CellDefinition p6:type="FormulaCellDefinition" CalculationEnabled="true" DataVisible="true" RowHidden="false" EndOfLine="false" xmlns:p6="http://www.w3.org/2001/XMLSchema-instance">
            <Range Top="0" Left="0" Bottom="0" Right="0" />
            <Value>Results.Values(Column_1, Column_2)</Value>
          </CellDefinition>
          <CellDefinition p6:type="FormulaCellDefinition" CalculationEnabled="true" DataVisible="true" RowHidden="false" EndOfLine="false" xmlns:p6="http://www.w3.org/2001/XMLSchema-instance">
            <Range Top="33" Left="1" Bottom="33" Right="1" />
            <Value>Results.Values(Column_1, Column_3)</Value>
          </CellDefinition>
          <CellDefinition CalculationEnabled="true" DataVisible="true" RowHidden="false" EndOfLine="false">
            <Range Top="12" Left="1" Bottom="12" Right="1" />
          </CellDefinition>
          <CellDefinition p6:type="FormulaCellDefinition" CalculationEnabled="true" DataVisible="true" RowHidden="false" EndOfLine="false" xmlns:p6="http://www.w3.org/2001/XMLSchema-instance">
            <Range Top="16" Left="1" Bottom="16" Right="1" />
            <Value>StartDate</Value>
          </CellDefinition>
          <CellDefinition p6:type="ConstantCellDefinition" CalculationEnabled="true" DataVisible="true" RowHidden="false" EndOfLine="false" xmlns:p6="http://www.w3.org/2001/XMLSchema-instance">
            <Range Top="27" Left="0" Bottom="27" Right="0" />
            <Value xmlns:q4="http://www.w3.org/2001/XMLSchema" p6:type="q4:string">Reference Spread</Value>
          </CellDefinition>
          <CellDefinition p6:type="FormulaCellDefinition" CalculationEnabled="true" DataVisible="true" RowHidden="false" EndOfLine="false" xmlns:p6="http://www.w3.org/2001/XMLSchema-instance">
            <Range Top="30" Left="2" Bottom="30" Right="2" />
            <Value>ARRAY(2, 3).SETCELLDATA(1, 1, "Bloomberg").
SETCELLDATA(1, 2, 
Values(
Values(DatabaseName, CodeName, CodeTypeName,  "Vol/Spread Timestamp", "Bloomberg", StartDate)).TRANSPOSE().FLATTEN().Columns(1, 6)).
SETCELLDATA(1, 3, BloombergCalc).
SETCELLDATA(2, 1, "Reuters").
SETCELLDATA(2, 2, 
Values(
Values(DatabaseName, CodeName, CodeTypeName,  "Vol/Spread Timestamp", "Reuters", StartDate)).TRANSPOSE().FLATTEN().Columns(1, 6)).
SETCELLDATA(2, 3, ReutersCalc).Where(Column_3 &lt;&gt; NULL).Columns(1, 2)</Value>
          </CellDefinition>
          <CellDefinition p6:type="FormulaCellDefinition" CalculationEnabled="true" DataVisible="true" RowHidden="false" EndOfLine="false" xmlns:p6="http://www.w3.org/2001/XMLSchema-instance">
            <Range Top="24" Left="1" Bottom="24" Right="1" />
            <Value>ISNULL(TargetItem.|Vol/Spread Calculation|("Reuters").Data(MonthEndDate), NULL)</Value>
          </CellDefinition>
          <CellDefinition p6:type="FormulaCellDefinition" CalculationEnabled="true" DataVisible="true" RowHidden="false" EndOfLine="false" xmlns:p6="http://www.w3.org/2001/XMLSchema-instance">
            <Range Top="22" Left="1" Bottom="22" Right="1" />
            <Value>ISNULL(TargetItem.|Spread|("Reuters").Data(MonthEndDate), NULL)</Value>
          </CellDefinition>
          <CellDefinition p6:type="FormulaCellDefinition" CalculationEnabled="true" DataVisible="true" RowHidden="false" EndOfLine="false" xmlns:p6="http://www.w3.org/2001/XMLSchema-instance">
            <Range Top="18" Left="1" Bottom="18" Right="1" />
            <Value>ISNULL(TargetItem.|Vol/Spread Timestamp|("Reuters").Data(MonthEndDate), NULL)</Value>
          </CellDefinition>
          <CellDefinition p6:type="FormulaCellDefinition" CalculationEnabled="true" DataVisible="true" RowHidden="false" EndOfLine="false" xmlns:p6="http://www.w3.org/2001/XMLSchema-instance">
            <Range Top="20" Left="1" Bottom="20" Right="1" />
            <Value>ISNULL(TargetItem.|VOLATILITY|("Reuters").Data(MonthEndDate), NULL)</Value>
          </CellDefinition>
          <CellDefinition p6:type="ConstantCellDefinition" CalculationEnabled="true" DataVisible="true" RowHidden="false" EndOfLine="false" xmlns:p6="http://www.w3.org/2001/XMLSchema-instance">
            <Range Top="7" Left="1" Bottom="7" Right="1" />
            <Value xmlns:q5="http://www.w3.org/2001/XMLSchema" p6:type="q5:dateTime">2020-03-10T00:00:00</Value>
          </CellDefinition>
          <CellDefinition p6:type="ConstantCellDefinition" CalculationEnabled="true" DataVisible="true" RowHidden="false" EndOfLine="false" xmlns:p6="http://www.w3.org/2001/XMLSchema-instance">
            <Range Top="9" Left="1" Bottom="9" Right="1" />
            <Value xmlns:q6="http://www.w3.org/2001/XMLSchema" p6:type="q6:string">Murex</Value>
          </CellDefinition>
          <CellDefinition p6:type="FormulaCellDefinition" CalculationEnabled="true" DataVisible="true" RowHidden="false" EndOfLine="false" xmlns:p6="http://www.w3.org/2001/XMLSchema-instance">
            <Range Top="15" Left="1" Bottom="15" Right="1" />
            <Value>Item(DatabaseName, CodeName, CodeTypeName)</Value>
          </CellDefinition>
          <CellDefinition p6:type="ConstantCellDefinition" CalculationEnabled="true" DataVisible="true" RowHidden="false" EndOfLine="false" xmlns:p6="http://www.w3.org/2001/XMLSchema-instance">
            <Range Top="6" Left="1" Bottom="6" Right="1" />
            <Value xmlns:q7="http://www.w3.org/2001/XMLSchema" p6:type="q7:string">Call Ask</Value>
          </CellDefinition>
          <CellDefinition p6:type="ConstantCellDefinition" CalculationEnabled="true" DataVisible="true" RowHidden="false" EndOfLine="false" xmlns:p6="http://www.w3.org/2001/XMLSchema-instance">
            <Range Top="0" Left="1" Bottom="0" Right="1" />
            <Value xmlns:q8="http://www.w3.org/2001/XMLSchema" p6:type="q8:string">Set Reference Price IPV Murex FX Smiles</Value>
          </CellDefinition>
          <CellDefinition p6:type="FormulaCellDefinition" CalculationEnabled="true" DataVisible="true" RowHidden="false" EndOfLine="false" xmlns:p6="http://www.w3.org/2001/XMLSchema-instance">
            <Range Top="27" Left="1" Bottom="27" Right="1" />
            <Value>Values(Values("Bloomberg", BloombergSpread), 
Values("Reuters", ReutersSpread)).TRANSPOSE()
.FLATTEN.Where(Column_2 &lt;&gt; NULL)</Value>
          </CellDefinition>
          <CellDefinition p6:type="FormulaCellDefinition" CalculationEnabled="true" DataVisible="true" RowHidden="false" EndOfLine="false" xmlns:p6="http://www.w3.org/2001/XMLSchema-instance">
            <Range Top="27" Left="2" Bottom="27" Right="2" />
            <Value>ARRAY(2, 3).SETCELLDATA(1, 1, "Bloomberg").
SETCELLDATA(1, 2, 
Values(
Values(DatabaseName, CodeName, CodeTypeName,  "Spread", "Bloomberg", StartDate)).TRANSPOSE().FLATTEN.Where(Column_2 &lt;&gt; NULL).Columns(1, 6)).
SETCELLDATA(1, 3, BloombergSpread).
SETCELLDATA(2, 1, "Reuters").
SETCELLDATA(2, 2, 
Values(
Values(DatabaseName, CodeName, CodeTypeName,  "Spread", "Reuters", StartDate)).TRANSPOSE().FLATTEN.Where(Column_2 &lt;&gt; NULL).Columns(1, 6)).
SETCELLDATA(2, 3, ReutersSpread).Where(Column_3 &lt;&gt; NULL).Columns(1, 2)</Value>
          </CellDefinition>
          <CellDefinition p6:type="ConstantCellDefinition" CalculationEnabled="true" DataVisible="true" RowHidden="false" EndOfLine="false" xmlns:p6="http://www.w3.org/2001/XMLSchema-instance">
            <Range Top="28" Left="0" Bottom="28" Right="0" />
            <Value xmlns:q9="http://www.w3.org/2001/XMLSchema" p6:type="q9:string">Reference Volatility</Value>
          </CellDefinition>
          <CellDefinition p6:type="FormulaCellDefinition" CalculationEnabled="true" DataVisible="true" RowHidden="false" EndOfLine="false" xmlns:p6="http://www.w3.org/2001/XMLSchema-instance">
            <Range Top="28" Left="1" Bottom="28" Right="1" />
            <Value>Values(Values("Bloomberg", BloombergVol), 
Values("Reuters", ReutersVol)).TRANSPOSE().FLATTEN()
.Where(Column_2 &lt;&gt; NULL)</Value>
          </CellDefinition>
          <CellDefinition p6:type="FormulaCellDefinition" CalculationEnabled="true" DataVisible="true" RowHidden="false" EndOfLine="false" xmlns:p6="http://www.w3.org/2001/XMLSchema-instance">
            <Range Top="28" Left="2" Bottom="28" Right="2" />
            <Value>ARRAY(2, 3).SETCELLDATA(1, 1, "Bloomberg").
SETCELLDATA(1, 2, 
Values(
Values(DatabaseName, CodeName, CodeTypeName, "Volatility", "Bloomberg", MonthEndDate),
).TRANSPOSE().FLATTEN.Where(Column_2 &lt;&gt; NULL).
Columns(1, 6)).
SETCELLDATA(1, 3, BloombergVol).
SETCELLDATA(2, 1, "Reuters").
SETCELLDATA(2, 2, 
Values(
Values(DatabaseName, CodeName, CodeTypeName, "Volatility", "Reuters", MonthEndDate)
).TRANSPOSE().FLATTEN.Where(Column_2 &lt;&gt; NULL).
Columns(1, 6)).
SETCELLDATA(2, 3, ReutersVol).Where(Column_3 &lt;&gt; NULL).Columns(1, 2)</Value>
          </CellDefinition>
          <CellDefinition p6:type="ConstantCellDefinition" CalculationEnabled="true" DataVisible="true" RowHidden="false" EndOfLine="false" xmlns:p6="http://www.w3.org/2001/XMLSchema-instance">
            <Range Top="29" Left="0" Bottom="29" Right="0" />
            <Value xmlns:q10="http://www.w3.org/2001/XMLSchema" p6:type="q10:string">Reference Vol/Spread Timestamp</Value>
          </CellDefinition>
          <CellDefinition p6:type="FormulaCellDefinition" CalculationEnabled="true" DataVisible="true" RowHidden="false" EndOfLine="false" xmlns:p6="http://www.w3.org/2001/XMLSchema-instance">
            <Range Top="29" Left="1" Bottom="29" Right="1" />
            <Value>Values(Values("Bloomberg", BloombergTimestamp), 
Values("Reuters", ReutersTimestamp)).TRANSPOSE().FLATTEN()
.Where(Column_2 &lt;&gt; NULL)</Value>
          </CellDefinition>
          <CellDefinition p6:type="FormulaCellDefinition" CalculationEnabled="true" DataVisible="true" RowHidden="false" EndOfLine="false" xmlns:p6="http://www.w3.org/2001/XMLSchema-instance">
            <Range Top="29" Left="2" Bottom="29" Right="2" />
            <Value>ARRAY(2, 3).SETCELLDATA(1, 1, "Bloomberg").
SETCELLDATA(1, 2, 
Values(
Values(DatabaseName, CodeName, CodeTypeName,  "Vol/Spread Timestamp", "Bloomberg", StartDate)).TRANSPOSE().FLATTEN().Columns(1, 6)).
SETCELLDATA(1, 3, BloombergTimestamp).
SETCELLDATA(2, 1, "Reuters").
SETCELLDATA(2, 2, 
Values(
Values(DatabaseName, CodeName, CodeTypeName,  "Vol/Spread Timestamp", "Reuters", StartDate)).TRANSPOSE().FLATTEN().Columns(1, 6)).
SETCELLDATA(2, 3, ReutersTimestamp).Where(Column_3 &lt;&gt; NULL).Columns(1, 2)</Value>
          </CellDefinition>
          <CellDefinition p6:type="ConstantCellDefinition" CalculationEnabled="true" DataVisible="true" RowHidden="false" EndOfLine="false" xmlns:p6="http://www.w3.org/2001/XMLSchema-instance">
            <Range Top="30" Left="0" Bottom="30" Right="0" />
            <Value xmlns:q11="http://www.w3.org/2001/XMLSchema" p6:type="q11:string">Reference Vol/Spread Calculation</Value>
          </CellDefinition>
          <CellDefinition p6:type="FormulaCellDefinition" CalculationEnabled="true" DataVisible="true" RowHidden="false" EndOfLine="false" xmlns:p6="http://www.w3.org/2001/XMLSchema-instance">
            <Range Top="30" Left="1" Bottom="30" Right="1" />
            <Value>ARRAY(2, 2).
SETCELLDATA(1, 1, "Bloomberg").
SETCELLDATA(1, 2, BloombergCalc).
SETCELLDATA(2, 1, "Reuters").
SETCELLDATA(2, 2, ReutersCalc)
.Where(Column_2 &lt;&gt; NULL)</Value>
          </CellDefinition>
          <CellDefinition p6:type="ConstantCellDefinition" CalculationEnabled="true" DataVisible="true" RowHidden="false" EndOfLine="false" xmlns:p6="http://www.w3.org/2001/XMLSchema-instance">
            <Range Top="2" Left="0" Bottom="2" Right="0" />
            <Value xmlns:q12="http://www.w3.org/2001/XMLSchema" p6:type="q12:string">** STANDARD PARAMETERS **</Value>
          </CellDefinition>
          <CellDefinition p6:type="ConstantCellDefinition" CalculationEnabled="true" DataVisible="true" RowHidden="false" EndOfLine="false" xmlns:p6="http://www.w3.org/2001/XMLSchema-instance">
            <Range Top="11" Left="0" Bottom="11" Right="0" />
            <Value xmlns:q13="http://www.w3.org/2001/XMLSchema" p6:type="q13:string">** CUSTOM PARAMETERS **</Value>
          </CellDefinition>
          <CellDefinition p6:type="ConstantCellDefinition" CalculationEnabled="true" DataVisible="true" RowHidden="false" EndOfLine="false" xmlns:p6="http://www.w3.org/2001/XMLSchema-instance">
            <Range Top="14" Left="0" Bottom="14" Right="0" />
            <Value xmlns:q14="http://www.w3.org/2001/XMLSchema" p6:type="q14:string">** CALCULATIONS **</Value>
          </CellDefinition>
          <CellDefinition p6:type="ConstantCellDefinition" CalculationEnabled="true" DataVisible="true" RowHidden="false" EndOfLine="false" xmlns:p6="http://www.w3.org/2001/XMLSchema-instance">
            <Range Top="32" Left="0" Bottom="32" Right="0" />
            <Value xmlns:q15="http://www.w3.org/2001/XMLSchema" p6:type="q15:string">** AUDIT **</Value>
          </CellDefinition>
          <CellDefinition p6:type="ConstantCellDefinition" CalculationEnabled="true" DataVisible="true" RowHidden="false" EndOfLine="false" xmlns:p6="http://www.w3.org/2001/XMLSchema-instance">
            <Range Top="33" Left="0" Bottom="33" Right="0" />
            <Value xmlns:q16="http://www.w3.org/2001/XMLSchema" p6:type="q16:string">InputAudit</Value>
          </CellDefinition>
          <CellDefinition p6:type="ConstantCellDefinition" CalculationEnabled="true" DataVisible="true" RowHidden="false" EndOfLine="false" xmlns:p6="http://www.w3.org/2001/XMLSchema-instance">
            <Range Top="34" Left="0" Bottom="34" Right="0" />
            <Value xmlns:q17="http://www.w3.org/2001/XMLSchema" p6:type="q17:string">CalculationAudit</Value>
          </CellDefinition>
          <CellDefinition p6:type="ConstantCellDefinition" CalculationEnabled="true" DataVisible="true" RowHidden="false" EndOfLine="false" xmlns:p6="http://www.w3.org/2001/XMLSchema-instance">
            <Range Top="3" Left="0" Bottom="3" Right="0" />
            <Value xmlns:q18="http://www.w3.org/2001/XMLSchema" p6:type="q18:string">DatabaseName</Value>
          </CellDefinition>
          <CellDefinition p6:type="ConstantCellDefinition" CalculationEnabled="true" DataVisible="true" RowHidden="false" EndOfLine="false" xmlns:p6="http://www.w3.org/2001/XMLSchema-instance">
            <Range Top="4" Left="0" Bottom="4" Right="0" />
            <Value xmlns:q19="http://www.w3.org/2001/XMLSchema" p6:type="q19:string">CodeName</Value>
          </CellDefinition>
          <CellDefinition p6:type="ConstantCellDefinition" CalculationEnabled="true" DataVisible="true" RowHidden="false" EndOfLine="false" xmlns:p6="http://www.w3.org/2001/XMLSchema-instance">
            <Range Top="5" Left="0" Bottom="5" Right="0" />
            <Value xmlns:q20="http://www.w3.org/2001/XMLSchema" p6:type="q20:string">CodeTypeName</Value>
          </CellDefinition>
          <CellDefinition p6:type="ConstantCellDefinition" CalculationEnabled="true" DataVisible="true" RowHidden="false" EndOfLine="false" xmlns:p6="http://www.w3.org/2001/XMLSchema-instance">
            <Range Top="6" Left="0" Bottom="6" Right="0" />
            <Value xmlns:q21="http://www.w3.org/2001/XMLSchema" p6:type="q21:string">TargetProperty</Value>
          </CellDefinition>
          <CellDefinition p6:type="ConstantCellDefinition" CalculationEnabled="true" DataVisible="true" RowHidden="false" EndOfLine="false" xmlns:p6="http://www.w3.org/2001/XMLSchema-instance">
            <Range Top="7" Left="0" Bottom="7" Right="0" />
            <Value xmlns:q22="http://www.w3.org/2001/XMLSchema" p6:type="q22:string">StartDate</Value>
          </CellDefinition>
          <CellDefinition p6:type="ConstantCellDefinition" CalculationEnabled="true" DataVisible="true" RowHidden="false" EndOfLine="false" xmlns:p6="http://www.w3.org/2001/XMLSchema-instance">
            <Range Top="8" Left="0" Bottom="8" Right="0" />
            <Value xmlns:q23="http://www.w3.org/2001/XMLSchema" p6:type="q23:string">EndDate</Value>
          </CellDefinition>
          <CellDefinition p6:type="ConstantCellDefinition" CalculationEnabled="true" DataVisible="true" RowHidden="false" EndOfLine="false" xmlns:p6="http://www.w3.org/2001/XMLSchema-instance">
            <Range Top="9" Left="0" Bottom="9" Right="0" />
            <Value xmlns:q24="http://www.w3.org/2001/XMLSchema" p6:type="q24:string">TargetDatasource</Value>
          </CellDefinition>
          <CellDefinition p6:type="ConstantCellDefinition" CalculationEnabled="true" DataVisible="true" RowHidden="false" EndOfLine="false" xmlns:p6="http://www.w3.org/2001/XMLSchema-instance">
            <Range Top="15" Left="0" Bottom="15" Right="0" />
            <Value xmlns:q25="http://www.w3.org/2001/XMLSchema" p6:type="q25:string">TargetItem</Value>
          </CellDefinition>
          <CellDefinition p6:type="ConstantCellDefinition" CalculationEnabled="true" DataVisible="true" RowHidden="false" EndOfLine="false" xmlns:p6="http://www.w3.org/2001/XMLSchema-instance">
            <Range Top="26" Left="0" Bottom="26" Right="0" />
            <Value xmlns:q26="http://www.w3.org/2001/XMLSchema" p6:type="q26:string">** RESULTS **</Value>
          </CellDefinition>
          <CellDefinition p6:type="ConstantCellDefinition" CalculationEnabled="true" DataVisible="true" RowHidden="false" EndOfLine="false" xmlns:p6="http://www.w3.org/2001/XMLSchema-instance">
            <Range Top="19" Left="0" Bottom="19" Right="0" />
            <Value xmlns:q27="http://www.w3.org/2001/XMLSchema" p6:type="q27:string">Volatility (Bloomberg)</Value>
          </CellDefinition>
          <CellDefinition p6:type="ConstantCellDefinition" CalculationEnabled="true" DataVisible="true" RowHidden="false" EndOfLine="false" xmlns:p6="http://www.w3.org/2001/XMLSchema-instance">
            <Range Top="22" Left="0" Bottom="22" Right="0" />
            <Value xmlns:q28="http://www.w3.org/2001/XMLSchema" p6:type="q28:string">Spread (Reuters)</Value>
          </CellDefinition>
          <CellDefinition p6:type="ConstantCellDefinition" CalculationEnabled="true" DataVisible="true" RowHidden="false" EndOfLine="false" xmlns:p6="http://www.w3.org/2001/XMLSchema-instance">
            <Range Top="20" Left="0" Bottom="20" Right="0" />
            <Value xmlns:q29="http://www.w3.org/2001/XMLSchema" p6:type="q29:string">Volatility (Reuters)</Value>
          </CellDefinition>
          <CellDefinition p6:type="ConstantCellDefinition" CalculationEnabled="true" DataVisible="true" RowHidden="false" EndOfLine="false" xmlns:p6="http://www.w3.org/2001/XMLSchema-instance">
            <Range Top="21" Left="0" Bottom="21" Right="0" />
            <Value xmlns:q30="http://www.w3.org/2001/XMLSchema" p6:type="q30:string">Spread (Bloomberg)</Value>
          </CellDefinition>
          <CellDefinition p6:type="ConstantCellDefinition" CalculationEnabled="true" DataVisible="true" RowHidden="false" EndOfLine="false" xmlns:p6="http://www.w3.org/2001/XMLSchema-instance">
            <Range Top="12" Left="0" Bottom="12" Right="0" />
            <Value xmlns:q31="http://www.w3.org/2001/XMLSchema" p6:type="q31:string">MarketDataTimestamps</Value>
          </CellDefinition>
          <CellDefinition p6:type="ConstantCellDefinition" CalculationEnabled="true" DataVisible="true" RowHidden="false" EndOfLine="false" xmlns:p6="http://www.w3.org/2001/XMLSchema-instance">
            <Range Top="16" Left="0" Bottom="16" Right="0" />
            <Value xmlns:q32="http://www.w3.org/2001/XMLSchema" p6:type="q32:string">MonthEndDate</Value>
          </CellDefinition>
          <CellDefinition p6:type="ConstantCellDefinition" CalculationEnabled="true" DataVisible="true" RowHidden="false" EndOfLine="false" xmlns:p6="http://www.w3.org/2001/XMLSchema-instance">
            <Range Top="17" Left="0" Bottom="17" Right="0" />
            <Value xmlns:q33="http://www.w3.org/2001/XMLSchema" p6:type="q33:string">BloombergTimestamp</Value>
          </CellDefinition>
          <CellDefinition p6:type="ConstantCellDefinition" CalculationEnabled="true" DataVisible="true" RowHidden="false" EndOfLine="false" xmlns:p6="http://www.w3.org/2001/XMLSchema-instance">
            <Range Top="18" Left="0" Bottom="18" Right="0" />
            <Value xmlns:q34="http://www.w3.org/2001/XMLSchema" p6:type="q34:string">ReutersTimestamp</Value>
          </CellDefinition>
          <CellDefinition p6:type="ConstantCellDefinition" CalculationEnabled="true" DataVisible="true" RowHidden="false" EndOfLine="false" xmlns:p6="http://www.w3.org/2001/XMLSchema-instance">
            <Range Top="23" Left="0" Bottom="23" Right="0" />
            <Value xmlns:q35="http://www.w3.org/2001/XMLSchema" p6:type="q35:string">Vol/Spread Calc (Bloomberg)</Value>
          </CellDefinition>
          <CellDefinition p6:type="ConstantCellDefinition" CalculationEnabled="true" DataVisible="true" RowHidden="false" EndOfLine="false" xmlns:p6="http://www.w3.org/2001/XMLSchema-instance">
            <Range Top="24" Left="0" Bottom="24" Right="0" />
            <Value xmlns:q36="http://www.w3.org/2001/XMLSchema" p6:type="q36:string">Vol/Spread Calc (Reuters)</Value>
          </CellDefinition>
        </Cells>
      </Xenomorph.Generic.Formula>
    </Property>
  </Item>
</Category>
