<?xml version="1.0"?>
<Category ItemCount="1" Name="Derived Data Formulas">
  <Item PropertyCount="1" CodeType="Calculation" Code="Check Routine - MCC EXT Warrants" Database="\\SITSERVER\PUBLIC_GOLD">
    <Property Name="Calculation" Static="true" MultiSourced="false" DataType="Formula">
      <Xenomorph.Generic.Formula RowColumnFormat="A1" CellDefinitionsRows="39" CellDefinitionsColumns="3">
        <NamedRanges>
          <CellNameDefinition Name="CalcMethod">
            <Range Top="11" Left="1" Bottom="11" Right="1" />
          </CellNameDefinition>
          <CellNameDefinition Name="CalculationAudit">
            <Range Top="38" Left="1" Bottom="38" Right="1" />
          </CellNameDefinition>
          <CellNameDefinition Name="Check">
            <Range Top="23" Left="1" Bottom="23" Right="1" />
          </CellNameDefinition>
          <CellNameDefinition Name="CheckFormula">
            <Range Top="28" Left="1" Bottom="28" Right="1" />
          </CellNameDefinition>
          <CellNameDefinition Name="CodeName">
            <Range Top="3" Left="1" Bottom="3" Right="1" />
          </CellNameDefinition>
          <CellNameDefinition Name="CodeTypeName">
            <Range Top="4" Left="1" Bottom="4" Right="1" />
          </CellNameDefinition>
          <CellNameDefinition Name="DatabaseName">
            <Range Top="2" Left="1" Bottom="2" Right="1" />
          </CellNameDefinition>
          <CellNameDefinition Name="DataInputTable">
            <Range Top="12" Left="1" Bottom="12" Right="1" />
          </CellNameDefinition>
          <CellNameDefinition Name="Difference">
            <Range Top="24" Left="1" Bottom="24" Right="1" />
          </CellNameDefinition>
          <CellNameDefinition Name="EndDate">
            <Range Top="7" Left="1" Bottom="7" Right="1" />
          </CellNameDefinition>
          <CellNameDefinition Name="Enum">
            <Range Top="25" Left="1" Bottom="25" Right="1" />
          </CellNameDefinition>
          <CellNameDefinition Name="FinalTolerance">
            <Range Top="16" Left="1" Bottom="16" Right="1" />
          </CellNameDefinition>
          <CellNameDefinition Name="FormulaResult">
            <Range Top="0" Left="0" Bottom="0" Right="0" />
          </CellNameDefinition>
          <CellNameDefinition Name="InputAudit">
            <Range Top="37" Left="1" Bottom="37" Right="1" />
          </CellNameDefinition>
          <CellNameDefinition Name="MarketDataCode">
            <Range Top="13" Left="1" Bottom="13" Right="1" />
          </CellNameDefinition>
          <CellNameDefinition Name="OutputDataSources">
            <Range Top="19" Left="1" Bottom="19" Right="1" />
          </CellNameDefinition>
          <CellNameDefinition Name="PLDiff">
            <Range Top="22" Left="1" Bottom="22" Right="1" />
          </CellNameDefinition>
          <CellNameDefinition Name="Quantity">
            <Range Top="18" Left="1" Bottom="18" Right="1" />
          </CellNameDefinition>
          <CellNameDefinition Name="ReferenceValue">
            <Range Top="17" Left="1" Bottom="17" Right="1" />
          </CellNameDefinition>
          <CellNameDefinition Name="Results">
            <Range Top="32" Left="0" Bottom="34" Right="2" />
          </CellNameDefinition>
          <CellNameDefinition Name="RVC">
            <Range Top="29" Left="1" Bottom="29" Right="1" />
          </CellNameDefinition>
          <CellNameDefinition Name="StartDate">
            <Range Top="6" Left="1" Bottom="6" Right="1" />
          </CellNameDefinition>
          <CellNameDefinition Name="Status">
            <Range Top="32" Left="1" Bottom="32" Right="1" />
          </CellNameDefinition>
          <CellNameDefinition Name="TargetDataSource">
            <Range Top="8" Left="1" Bottom="8" Right="1" />
          </CellNameDefinition>
          <CellNameDefinition Name="TargetProperty">
            <Range Top="5" Left="1" Bottom="5" Right="1" />
          </CellNameDefinition>
          <CellNameDefinition Name="Tolerance">
            <Range Top="15" Left="1" Bottom="15" Right="1" />
          </CellNameDefinition>
          <CellNameDefinition Name="VUT">
            <Range Top="14" Left="1" Bottom="14" Right="1" />
          </CellNameDefinition>
        </NamedRanges>
        <Cells>
          <CellDefinition p6:type="FormulaCellDefinition" CalculationEnabled="true" DataVisible="true" RowHidden="false" EndOfLine="false" xmlns:p6="http://www.w3.org/2001/XMLSchema-instance">
            <Range Top="11" Left="1" Bottom="11" Right="1" />
            <Value>Property(DatabaseName,CodeName, A12,CodeTypeName)</Value>
          </CellDefinition>
          <CellDefinition p6:type="ConstantCellDefinition" CalculationEnabled="true" DataVisible="true" RowHidden="false" EndOfLine="false" xmlns:p6="http://www.w3.org/2001/XMLSchema-instance">
            <Range Top="38" Left="1" Bottom="38" Right="1" />
            <Value xmlns:q1="http://www.w3.org/2001/XMLSchema" p6:type="q1:string">"IPV Stocks Check"</Value>
          </CellDefinition>
          <CellDefinition p6:type="FormulaCellDefinition" CalculationEnabled="true" DataVisible="true" RowHidden="false" EndOfLine="false" xmlns:p6="http://www.w3.org/2001/XMLSchema-instance">
            <Range Top="23" Left="1" Bottom="23" Right="1" />
            <Value>IF(ISERROR(ReferenceValue) OR ISERROR(VUT) OR ReferenceValue = NULL OR VUT = NULL, "Missing", IF((PLDiff&lt;= FinalTolerance), "OK", "Outlier"))</Value>
          </CellDefinition>
          <CellDefinition p6:type="ConstantCellDefinition" CalculationEnabled="true" DataVisible="true" RowHidden="false" EndOfLine="false" xmlns:p6="http://www.w3.org/2001/XMLSchema-instance">
            <Range Top="28" Left="1" Bottom="28" Right="1" />
            <Value xmlns:q2="http://www.w3.org/2001/XMLSchema" p6:type="q2:string">ABS{Trade Quantity * (Value Under Test - Bloomberg Last Price)} &lt;= Tolerance</Value>
          </CellDefinition>
          <CellDefinition p6:type="ConstantCellDefinition" CalculationEnabled="true" DataVisible="true" RowHidden="false" EndOfLine="false" xmlns:p6="http://www.w3.org/2001/XMLSchema-instance">
            <Range Top="3" Left="1" Bottom="3" Right="1" />
            <Value xmlns:q3="http://www.w3.org/2001/XMLSchema" p6:type="q3:string">20190722_1071245_Sell</Value>
          </CellDefinition>
          <CellDefinition p6:type="ConstantCellDefinition" CalculationEnabled="true" DataVisible="true" RowHidden="false" EndOfLine="false" xmlns:p6="http://www.w3.org/2001/XMLSchema-instance">
            <Range Top="4" Left="1" Bottom="4" Right="1" />
            <Value xmlns:q4="http://www.w3.org/2001/XMLSchema" p6:type="q4:string">Front Arena Trade DuT</Value>
          </CellDefinition>
          <CellDefinition p6:type="ConstantCellDefinition" CalculationEnabled="true" DataVisible="true" RowHidden="false" EndOfLine="false" xmlns:p6="http://www.w3.org/2001/XMLSchema-instance">
            <Range Top="2" Left="1" Bottom="2" Right="1" />
            <Value xmlns:q5="http://www.w3.org/2001/XMLSchema" p6:type="q5:string">MD_SILVER</Value>
          </CellDefinition>
          <CellDefinition p6:type="FormulaCellDefinition" CalculationEnabled="true" DataVisible="true" RowHidden="false" EndOfLine="false" xmlns:p6="http://www.w3.org/2001/XMLSchema-instance">
            <Range Top="12" Left="1" Bottom="12" Right="1" />
            <Value>IF(ISERROR(C13), NULL, C13)</Value>
          </CellDefinition>
          <CellDefinition p6:type="FormulaCellDefinition" CalculationEnabled="true" DataVisible="true" RowHidden="false" EndOfLine="false" xmlns:p6="http://www.w3.org/2001/XMLSchema-instance">
            <Range Top="24" Left="1" Bottom="24" Right="1" />
            <Value>IF(Check = 'Missing', NULL,(VUT-ReferenceValue).ROUND(3))</Value>
          </CellDefinition>
          <CellDefinition CalculationEnabled="true" DataVisible="true" RowHidden="false" EndOfLine="false">
            <Range Top="7" Left="1" Bottom="7" Right="1" />
          </CellDefinition>
          <CellDefinition p6:type="FormulaCellDefinition" CalculationEnabled="true" DataVisible="true" RowHidden="false" EndOfLine="false" xmlns:p6="http://www.w3.org/2001/XMLSchema-instance">
            <Range Top="25" Left="1" Bottom="25" Right="1" />
            <Value>IF(Check = "Missing", 2, IF(Check = "Outlier", 1, 0))</Value>
          </CellDefinition>
          <CellDefinition p6:type="FormulaCellDefinition" CalculationEnabled="true" DataVisible="true" RowHidden="false" EndOfLine="false" xmlns:p6="http://www.w3.org/2001/XMLSchema-instance">
            <Range Top="16" Left="1" Bottom="16" Right="1" />
            <Value>IF(ISERROR(Tolerance), 0, Tolerance)</Value>
          </CellDefinition>
          <CellDefinition p6:type="FormulaCellDefinition" CalculationEnabled="true" DataVisible="true" RowHidden="false" EndOfLine="false" xmlns:p6="http://www.w3.org/2001/XMLSchema-instance">
            <Range Top="0" Left="0" Bottom="0" Right="0" />
            <Value>Results.Where(Column_2 &lt;&gt; NULL).Values(Column_1, Column_2)</Value>
          </CellDefinition>
          <CellDefinition p6:type="FormulaCellDefinition" CalculationEnabled="true" DataVisible="true" RowHidden="false" EndOfLine="false" xmlns:p6="http://www.w3.org/2001/XMLSchema-instance">
            <Range Top="37" Left="1" Bottom="37" Right="1" />
            <Value>Results.Values(Column_1,Column_3)</Value>
          </CellDefinition>
          <CellDefinition p6:type="FormulaCellDefinition" CalculationEnabled="true" DataVisible="true" RowHidden="false" EndOfLine="false" xmlns:p6="http://www.w3.org/2001/XMLSchema-instance">
            <Range Top="13" Left="1" Bottom="13" Right="1" />
            <Value>IF(ISERROR(C14), NULL, C14)</Value>
          </CellDefinition>
          <CellDefinition p6:type="FormulaCellDefinition" CalculationEnabled="true" DataVisible="true" RowHidden="false" EndOfLine="false" xmlns:p6="http://www.w3.org/2001/XMLSchema-instance">
            <Range Top="19" Left="1" Bottom="19" Right="1" />
            <Value>Item('\\SITSERVER\PUBLIC_GOLD','MCC IPV Result DataSource','Mapping Table').Table('internal').Where(Column_1=CalcMethod).Column_2.SPLIT(',')</Value>
          </CellDefinition>
          <CellDefinition p6:type="FormulaCellDefinition" CalculationEnabled="true" DataVisible="true" RowHidden="false" EndOfLine="false" xmlns:p6="http://www.w3.org/2001/XMLSchema-instance">
            <Range Top="22" Left="1" Bottom="22" Right="1" />
            <Value>ABS(Quantity * (VUT - ReferenceValue))</Value>
          </CellDefinition>
          <CellDefinition p6:type="FormulaCellDefinition" CalculationEnabled="true" DataVisible="true" RowHidden="false" EndOfLine="false" xmlns:p6="http://www.w3.org/2001/XMLSchema-instance">
            <Range Top="18" Left="1" Bottom="18" Right="1" />
            <Value>IF(ISERROR(C19), NULL, C19)</Value>
          </CellDefinition>
          <CellDefinition p6:type="FormulaCellDefinition" CalculationEnabled="true" DataVisible="true" RowHidden="false" EndOfLine="false" xmlns:p6="http://www.w3.org/2001/XMLSchema-instance">
            <Range Top="17" Left="1" Bottom="17" Right="1" />
            <Value>IF(ISERROR(C18), NULL, C18)</Value>
          </CellDefinition>
          <CellDefinition p6:type="ConstantCellDefinition" CalculationEnabled="true" DataVisible="true" RowHidden="false" EndOfLine="false" xmlns:p6="http://www.w3.org/2001/XMLSchema-instance">
            <Range Top="32" Left="0" Bottom="32" Right="0" />
            <Value xmlns:q6="http://www.w3.org/2001/XMLSchema" p6:type="q6:string">Status</Value>
          </CellDefinition>
          <CellDefinition p6:type="FormulaCellDefinition" CalculationEnabled="true" DataVisible="true" RowHidden="false" EndOfLine="false" xmlns:p6="http://www.w3.org/2001/XMLSchema-instance">
            <Range Top="34" Left="2" Bottom="34" Right="2" />
            <Value>OutputDataSources.Values( Column_1, Values(
Values(DatabaseName,CodeName,CodeTypeName,'Reference Value','Gold',StartDate),
Values(DatabaseName,CodeName,CodeTypeName,'Value Under Test','Internal',StartDate),
Values(DatabaseName,CodeName,CodeTypeName,'Tolerance','Internal',StartDate)).TRANSPOSE.FLATTEN)</Value>
          </CellDefinition>
          <CellDefinition p6:type="FormulaCellDefinition" CalculationEnabled="true" DataVisible="true" RowHidden="false" EndOfLine="false" xmlns:p6="http://www.w3.org/2001/XMLSchema-instance">
            <Range Top="29" Left="1" Bottom="29" Right="1" />
            <Value>Values(
Values("Code","Value Under Test","Bloomberg Last Price", "Quantity", "P&amp;L Diff", "Tolerance", "Check"),
Values(NULL, VUT, ReferenceValue, Quantity, PLDiff, FinalTolerance, CheckFormula)).TRANSPOSE.FLATTEN.Values(IF(Column_1="Code",Column_1,MarketDataCode),Column_2,Column_3,Column_4, Column_5, Column_6, Column_7)</Value>
          </CellDefinition>
          <CellDefinition p6:type="ConstantCellDefinition" CalculationEnabled="true" DataVisible="true" RowHidden="false" EndOfLine="false" xmlns:p6="http://www.w3.org/2001/XMLSchema-instance">
            <Range Top="6" Left="1" Bottom="6" Right="1" />
            <Value xmlns:q7="http://www.w3.org/2001/XMLSchema" p6:type="q7:dateTime">2019-07-22T00:00:00</Value>
          </CellDefinition>
          <CellDefinition p6:type="FormulaCellDefinition" CalculationEnabled="true" DataVisible="true" RowHidden="false" EndOfLine="false" xmlns:p6="http://www.w3.org/2001/XMLSchema-instance">
            <Range Top="32" Left="1" Bottom="32" Right="1" />
            <Value>OutputDataSources.Values( Column_1,  Check)</Value>
          </CellDefinition>
          <CellDefinition p6:type="ConstantCellDefinition" CalculationEnabled="true" DataVisible="true" RowHidden="false" EndOfLine="false" xmlns:p6="http://www.w3.org/2001/XMLSchema-instance">
            <Range Top="8" Left="1" Bottom="8" Right="1" />
            <Value xmlns:q8="http://www.w3.org/2001/XMLSchema" p6:type="q8:string">Front Arena</Value>
          </CellDefinition>
          <CellDefinition CalculationEnabled="true" DataVisible="true" RowHidden="false" EndOfLine="false">
            <Range Top="5" Left="1" Bottom="5" Right="1" />
          </CellDefinition>
          <CellDefinition p6:type="FormulaCellDefinition" CalculationEnabled="true" DataVisible="true" RowHidden="false" EndOfLine="false" xmlns:p6="http://www.w3.org/2001/XMLSchema-instance">
            <Range Top="14" Left="1" Bottom="14" Right="1" />
            <Value>IF(ISERROR(C15), NULL, C15)</Value>
          </CellDefinition>
          <CellDefinition p6:type="ConstantCellDefinition" CalculationEnabled="true" DataVisible="true" RowHidden="false" EndOfLine="false" xmlns:p6="http://www.w3.org/2001/XMLSchema-instance">
            <Range Top="11" Left="0" Bottom="11" Right="0" />
            <Value xmlns:q9="http://www.w3.org/2001/XMLSchema" p6:type="q9:string">Calc Method</Value>
          </CellDefinition>
          <CellDefinition p6:type="FormulaCellDefinition" CalculationEnabled="true" DataVisible="true" RowHidden="false" EndOfLine="false" xmlns:p6="http://www.w3.org/2001/XMLSchema-instance">
            <Range Top="32" Left="2" Bottom="32" Right="2" />
            <Value>OutputDataSources.Values( Column_1, Values(
Values(DatabaseName,CodeName,CodeTypeName,'Reference Value','Gold',StartDate),
Values(DatabaseName,CodeName,CodeTypeName,'Value Under Test','Internal',StartDate),
Values(DatabaseName,CodeName,CodeTypeName,'Tolerance','Internal',StartDate)).TRANSPOSE.FLATTEN)</Value>
          </CellDefinition>
          <CellDefinition p6:type="ConstantCellDefinition" CalculationEnabled="true" DataVisible="true" RowHidden="false" EndOfLine="false" xmlns:p6="http://www.w3.org/2001/XMLSchema-instance">
            <Range Top="33" Left="0" Bottom="33" Right="0" />
            <Value xmlns:q10="http://www.w3.org/2001/XMLSchema" p6:type="q10:string">Check Details</Value>
          </CellDefinition>
          <CellDefinition p6:type="FormulaCellDefinition" CalculationEnabled="true" DataVisible="true" RowHidden="false" EndOfLine="false" xmlns:p6="http://www.w3.org/2001/XMLSchema-instance">
            <Range Top="33" Left="1" Bottom="33" Right="1" />
            <Value>OutputDataSources.Values(Column_1, RVC)</Value>
          </CellDefinition>
          <CellDefinition p6:type="FormulaCellDefinition" CalculationEnabled="true" DataVisible="true" RowHidden="false" EndOfLine="false" xmlns:p6="http://www.w3.org/2001/XMLSchema-instance">
            <Range Top="33" Left="2" Bottom="33" Right="2" />
            <Value>OutputDataSources.Values(Column_1, Values(DatabaseName, CodeName, CodeTypeName, "Trade Price", "Front Arena", StartDate))</Value>
          </CellDefinition>
          <CellDefinition p6:type="ConstantCellDefinition" CalculationEnabled="true" DataVisible="true" RowHidden="false" EndOfLine="false" xmlns:p6="http://www.w3.org/2001/XMLSchema-instance">
            <Range Top="34" Left="0" Bottom="34" Right="0" />
            <Value xmlns:q11="http://www.w3.org/2001/XMLSchema" p6:type="q11:string">Difference</Value>
          </CellDefinition>
          <CellDefinition p6:type="FormulaCellDefinition" CalculationEnabled="true" DataVisible="true" RowHidden="false" EndOfLine="false" xmlns:p6="http://www.w3.org/2001/XMLSchema-instance">
            <Range Top="34" Left="1" Bottom="34" Right="1" />
            <Value>IF(Difference = NULL,NULL,OutputDataSources.Values( Column_1, Difference))</Value>
          </CellDefinition>
          <CellDefinition p6:type="FormulaCellDefinition" CalculationEnabled="true" DataVisible="true" RowHidden="false" EndOfLine="false" xmlns:p6="http://www.w3.org/2001/XMLSchema-instance">
            <Range Top="18" Left="2" Bottom="18" Right="2" />
            <Value>Property(DatabaseName,CodeName, "Quantity", CodeTypeName, "Front Arena")</Value>
          </CellDefinition>
          <CellDefinition p6:type="FormulaCellDefinition" CalculationEnabled="true" DataVisible="true" RowHidden="false" EndOfLine="false" xmlns:p6="http://www.w3.org/2001/XMLSchema-instance">
            <Range Top="17" Left="2" Bottom="17" Right="2" />
            <Value>Property(DatabaseName,CodeName, "Reference Value",CodeTypeName, "Gold")</Value>
          </CellDefinition>
          <CellDefinition p6:type="FormulaCellDefinition" CalculationEnabled="true" DataVisible="true" RowHidden="false" EndOfLine="false" xmlns:p6="http://www.w3.org/2001/XMLSchema-instance">
            <Range Top="14" Left="2" Bottom="14" Right="2" />
            <Value>Property(DatabaseName,CodeName, "Value Under Test", CodeTypeName)</Value>
          </CellDefinition>
          <CellDefinition p6:type="FormulaCellDefinition" CalculationEnabled="true" DataVisible="true" RowHidden="false" EndOfLine="false" xmlns:p6="http://www.w3.org/2001/XMLSchema-instance">
            <Range Top="15" Left="1" Bottom="15" Right="1" />
            <Value>Property(DatabaseName,CodeName, "Tolerance",CodeTypeName)</Value>
          </CellDefinition>
          <CellDefinition p6:type="ConstantCellDefinition" CalculationEnabled="true" DataVisible="true" RowHidden="false" EndOfLine="false" xmlns:p6="http://www.w3.org/2001/XMLSchema-instance">
            <Range Top="0" Left="1" Bottom="0" Right="1" />
            <Value xmlns:q12="http://www.w3.org/2001/XMLSchema" p6:type="q12:string">Front Arena Common Stock/Right Reference Value</Value>
          </CellDefinition>
          <CellDefinition p6:type="ConstantCellDefinition" CalculationEnabled="true" DataVisible="true" RowHidden="false" EndOfLine="false" xmlns:p6="http://www.w3.org/2001/XMLSchema-instance">
            <Range Top="2" Left="0" Bottom="2" Right="0" />
            <Value xmlns:q13="http://www.w3.org/2001/XMLSchema" p6:type="q13:string">DatabaseName</Value>
          </CellDefinition>
          <CellDefinition p6:type="ConstantCellDefinition" CalculationEnabled="true" DataVisible="true" RowHidden="false" EndOfLine="false" xmlns:p6="http://www.w3.org/2001/XMLSchema-instance">
            <Range Top="3" Left="0" Bottom="3" Right="0" />
            <Value xmlns:q14="http://www.w3.org/2001/XMLSchema" p6:type="q14:string">CodeName</Value>
          </CellDefinition>
          <CellDefinition p6:type="ConstantCellDefinition" CalculationEnabled="true" DataVisible="true" RowHidden="false" EndOfLine="false" xmlns:p6="http://www.w3.org/2001/XMLSchema-instance">
            <Range Top="4" Left="0" Bottom="4" Right="0" />
            <Value xmlns:q15="http://www.w3.org/2001/XMLSchema" p6:type="q15:string">CodeTypeName</Value>
          </CellDefinition>
          <CellDefinition p6:type="ConstantCellDefinition" CalculationEnabled="true" DataVisible="true" RowHidden="false" EndOfLine="false" xmlns:p6="http://www.w3.org/2001/XMLSchema-instance">
            <Range Top="5" Left="0" Bottom="5" Right="0" />
            <Value xmlns:q16="http://www.w3.org/2001/XMLSchema" p6:type="q16:string">TargetProperty</Value>
          </CellDefinition>
          <CellDefinition p6:type="ConstantCellDefinition" CalculationEnabled="true" DataVisible="true" RowHidden="false" EndOfLine="false" xmlns:p6="http://www.w3.org/2001/XMLSchema-instance">
            <Range Top="6" Left="0" Bottom="6" Right="0" />
            <Value xmlns:q17="http://www.w3.org/2001/XMLSchema" p6:type="q17:string">StartDate</Value>
          </CellDefinition>
          <CellDefinition p6:type="ConstantCellDefinition" CalculationEnabled="true" DataVisible="true" RowHidden="false" EndOfLine="false" xmlns:p6="http://www.w3.org/2001/XMLSchema-instance">
            <Range Top="7" Left="0" Bottom="7" Right="0" />
            <Value xmlns:q18="http://www.w3.org/2001/XMLSchema" p6:type="q18:string">EndDate</Value>
          </CellDefinition>
          <CellDefinition p6:type="ConstantCellDefinition" CalculationEnabled="true" DataVisible="true" RowHidden="false" EndOfLine="false" xmlns:p6="http://www.w3.org/2001/XMLSchema-instance">
            <Range Top="8" Left="0" Bottom="8" Right="0" />
            <Value xmlns:q19="http://www.w3.org/2001/XMLSchema" p6:type="q19:string">TargetDataSource</Value>
          </CellDefinition>
          <CellDefinition p6:type="ConstantCellDefinition" CalculationEnabled="true" DataVisible="true" RowHidden="false" EndOfLine="false" xmlns:p6="http://www.w3.org/2001/XMLSchema-instance">
            <Range Top="14" Left="0" Bottom="14" Right="0" />
            <Value xmlns:q20="http://www.w3.org/2001/XMLSchema" p6:type="q20:string">Value Under Test</Value>
          </CellDefinition>
          <CellDefinition p6:type="ConstantCellDefinition" CalculationEnabled="true" DataVisible="true" RowHidden="false" EndOfLine="false" xmlns:p6="http://www.w3.org/2001/XMLSchema-instance">
            <Range Top="15" Left="0" Bottom="15" Right="0" />
            <Value xmlns:q21="http://www.w3.org/2001/XMLSchema" p6:type="q21:string">Tolerance</Value>
          </CellDefinition>
          <CellDefinition p6:type="ConstantCellDefinition" CalculationEnabled="true" DataVisible="true" RowHidden="false" EndOfLine="false" xmlns:p6="http://www.w3.org/2001/XMLSchema-instance">
            <Range Top="23" Left="0" Bottom="23" Right="0" />
            <Value xmlns:q22="http://www.w3.org/2001/XMLSchema" p6:type="q22:string">Check</Value>
          </CellDefinition>
          <CellDefinition p6:type="ConstantCellDefinition" CalculationEnabled="true" DataVisible="true" RowHidden="false" EndOfLine="false" xmlns:p6="http://www.w3.org/2001/XMLSchema-instance">
            <Range Top="10" Left="0" Bottom="10" Right="0" />
            <Value xmlns:q23="http://www.w3.org/2001/XMLSchema" p6:type="q23:string">*** PROPERTIES ***</Value>
          </CellDefinition>
          <CellDefinition p6:type="ConstantCellDefinition" CalculationEnabled="true" DataVisible="true" RowHidden="false" EndOfLine="false" xmlns:p6="http://www.w3.org/2001/XMLSchema-instance">
            <Range Top="21" Left="0" Bottom="21" Right="0" />
            <Value xmlns:q24="http://www.w3.org/2001/XMLSchema" p6:type="q24:string">*** CALCULATIONS ***</Value>
          </CellDefinition>
          <CellDefinition p6:type="ConstantCellDefinition" CalculationEnabled="true" DataVisible="true" RowHidden="false" EndOfLine="false" xmlns:p6="http://www.w3.org/2001/XMLSchema-instance">
            <Range Top="31" Left="0" Bottom="31" Right="0" />
            <Value xmlns:q25="http://www.w3.org/2001/XMLSchema" p6:type="q25:string">*** RESULTS ***</Value>
          </CellDefinition>
          <CellDefinition p6:type="ConstantCellDefinition" CalculationEnabled="true" DataVisible="true" RowHidden="false" EndOfLine="false" xmlns:p6="http://www.w3.org/2001/XMLSchema-instance">
            <Range Top="24" Left="0" Bottom="24" Right="0" />
            <Value xmlns:q26="http://www.w3.org/2001/XMLSchema" p6:type="q26:string">Difference</Value>
          </CellDefinition>
          <CellDefinition p6:type="ConstantCellDefinition" CalculationEnabled="true" DataVisible="true" RowHidden="false" EndOfLine="false" xmlns:p6="http://www.w3.org/2001/XMLSchema-instance">
            <Range Top="17" Left="0" Bottom="17" Right="0" />
            <Value xmlns:q27="http://www.w3.org/2001/XMLSchema" p6:type="q27:string">Market Price</Value>
          </CellDefinition>
          <CellDefinition p6:type="ConstantCellDefinition" CalculationEnabled="true" DataVisible="true" RowHidden="false" EndOfLine="false" xmlns:p6="http://www.w3.org/2001/XMLSchema-instance">
            <Range Top="36" Left="0" Bottom="36" Right="0" />
            <Value xmlns:q28="http://www.w3.org/2001/XMLSchema" p6:type="q28:string">*** AUDIT ***</Value>
          </CellDefinition>
          <CellDefinition p6:type="ConstantCellDefinition" CalculationEnabled="true" DataVisible="true" RowHidden="false" EndOfLine="false" xmlns:p6="http://www.w3.org/2001/XMLSchema-instance">
            <Range Top="37" Left="0" Bottom="37" Right="0" />
            <Value xmlns:q29="http://www.w3.org/2001/XMLSchema" p6:type="q29:string">Input Audit</Value>
          </CellDefinition>
          <CellDefinition p6:type="ConstantCellDefinition" CalculationEnabled="true" DataVisible="true" RowHidden="false" EndOfLine="false" xmlns:p6="http://www.w3.org/2001/XMLSchema-instance">
            <Range Top="38" Left="0" Bottom="38" Right="0" />
            <Value xmlns:q30="http://www.w3.org/2001/XMLSchema" p6:type="q30:string">Calculation Audit</Value>
          </CellDefinition>
          <CellDefinition p6:type="ConstantCellDefinition" CalculationEnabled="true" DataVisible="true" RowHidden="false" EndOfLine="false" xmlns:p6="http://www.w3.org/2001/XMLSchema-instance">
            <Range Top="16" Left="0" Bottom="16" Right="0" />
            <Value xmlns:q31="http://www.w3.org/2001/XMLSchema" p6:type="q31:string">Final Tolerance</Value>
          </CellDefinition>
          <CellDefinition p6:type="ConstantCellDefinition" CalculationEnabled="true" DataVisible="true" RowHidden="false" EndOfLine="false" xmlns:p6="http://www.w3.org/2001/XMLSchema-instance">
            <Range Top="25" Left="0" Bottom="25" Right="0" />
            <Value xmlns:q32="http://www.w3.org/2001/XMLSchema" p6:type="q32:string">Enum</Value>
          </CellDefinition>
          <CellDefinition p6:type="ConstantCellDefinition" CalculationEnabled="true" DataVisible="true" RowHidden="false" EndOfLine="false" xmlns:p6="http://www.w3.org/2001/XMLSchema-instance">
            <Range Top="19" Left="0" Bottom="19" Right="0" />
            <Value xmlns:q33="http://www.w3.org/2001/XMLSchema" p6:type="q33:string">OutputDataSources</Value>
          </CellDefinition>
          <CellDefinition p6:type="ConstantCellDefinition" CalculationEnabled="true" DataVisible="true" RowHidden="false" EndOfLine="false" xmlns:p6="http://www.w3.org/2001/XMLSchema-instance">
            <Range Top="4" Left="2" Bottom="4" Right="2" />
            <Value xmlns:q34="http://www.w3.org/2001/XMLSchema" p6:type="q34:string">1597052_EUR</Value>
          </CellDefinition>
          <CellDefinition p6:type="ConstantCellDefinition" CalculationEnabled="true" DataVisible="true" RowHidden="false" EndOfLine="false" xmlns:p6="http://www.w3.org/2001/XMLSchema-instance">
            <Range Top="3" Left="2" Bottom="3" Right="2" />
            <Value xmlns:q35="http://www.w3.org/2001/XMLSchema" p6:type="q35:string">2942_EUR</Value>
          </CellDefinition>
          <CellDefinition p6:type="ConstantCellDefinition" CalculationEnabled="true" DataVisible="true" RowHidden="false" EndOfLine="false" xmlns:p6="http://www.w3.org/2001/XMLSchema-instance">
            <Range Top="18" Left="0" Bottom="18" Right="0" />
            <Value xmlns:q36="http://www.w3.org/2001/XMLSchema" p6:type="q36:string">Quantity</Value>
          </CellDefinition>
          <CellDefinition p6:type="ConstantCellDefinition" CalculationEnabled="true" DataVisible="true" RowHidden="false" EndOfLine="false" xmlns:p6="http://www.w3.org/2001/XMLSchema-instance">
            <Range Top="22" Left="0" Bottom="22" Right="0" />
            <Value xmlns:q37="http://www.w3.org/2001/XMLSchema" p6:type="q37:string">P&amp;LDiff</Value>
          </CellDefinition>
          <CellDefinition p6:type="ConstantCellDefinition" CalculationEnabled="true" DataVisible="true" RowHidden="false" EndOfLine="false" xmlns:p6="http://www.w3.org/2001/XMLSchema-instance">
            <Range Top="27" Left="0" Bottom="27" Right="0" />
            <Value xmlns:q38="http://www.w3.org/2001/XMLSchema" p6:type="q38:string">*** CHECK DETAILS ***</Value>
          </CellDefinition>
          <CellDefinition p6:type="ConstantCellDefinition" CalculationEnabled="true" DataVisible="true" RowHidden="false" EndOfLine="false" xmlns:p6="http://www.w3.org/2001/XMLSchema-instance">
            <Range Top="28" Left="0" Bottom="28" Right="0" />
            <Value xmlns:q39="http://www.w3.org/2001/XMLSchema" p6:type="q39:string">Check</Value>
          </CellDefinition>
          <CellDefinition p6:type="ConstantCellDefinition" CalculationEnabled="true" DataVisible="true" RowHidden="false" EndOfLine="false" xmlns:p6="http://www.w3.org/2001/XMLSchema-instance">
            <Range Top="29" Left="0" Bottom="29" Right="0" />
            <Value xmlns:q40="http://www.w3.org/2001/XMLSchema" p6:type="q40:string">Reference Value Calculation</Value>
          </CellDefinition>
          <CellDefinition p6:type="ConstantCellDefinition" CalculationEnabled="true" DataVisible="true" RowHidden="false" EndOfLine="false" xmlns:p6="http://www.w3.org/2001/XMLSchema-instance">
            <Range Top="12" Left="0" Bottom="12" Right="0" />
            <Value xmlns:q41="http://www.w3.org/2001/XMLSchema" p6:type="q41:string">DataInputTable</Value>
          </CellDefinition>
          <CellDefinition p6:type="FormulaCellDefinition" CalculationEnabled="true" DataVisible="true" RowHidden="false" EndOfLine="false" xmlns:p6="http://www.w3.org/2001/XMLSchema-instance">
            <Range Top="12" Left="2" Bottom="12" Right="2" />
            <Value>Item(DatabaseName, CodeName, CodeTypeName).|Data Inputs|("Gold")</Value>
          </CellDefinition>
          <CellDefinition p6:type="ConstantCellDefinition" CalculationEnabled="true" DataVisible="true" RowHidden="false" EndOfLine="false" xmlns:p6="http://www.w3.org/2001/XMLSchema-instance">
            <Range Top="13" Left="0" Bottom="13" Right="0" />
            <Value xmlns:q42="http://www.w3.org/2001/XMLSchema" p6:type="q42:string">MarketDataCode</Value>
          </CellDefinition>
          <CellDefinition p6:type="FormulaCellDefinition" CalculationEnabled="true" DataVisible="true" RowHidden="false" EndOfLine="false" xmlns:p6="http://www.w3.org/2001/XMLSchema-instance">
            <Range Top="13" Left="2" Bottom="13" Right="2" />
            <Value>DataInputTable.Item.Code</Value>
          </CellDefinition>
        </Cells>
      </Xenomorph.Generic.Formula>
    </Property>
  </Item>
</Category>
