<?xml version="1.0"?>
<Category ItemCount="1" Name="Request">
  <Item PropertyCount="20" CodeType="Request" Code="Bloomberg Bonds Master Data - MCC Bonds" Database="\\SITSERVER\PUBLIC_GOLD">
    <Property Name="Bloomberg Destination Category" Static="true" MultiSourced="false" DataType="String">
      <string>Bloomberg Bonds</string>
    </Property>
    <Property Name="Bloomberg Destination Code Type" Static="true" MultiSourced="false" DataType="String">
      <string>Bloomberg</string>
    </Property>
    <Property Name="Bloomberg Destination Data Source" Static="true" MultiSourced="false" DataType="String">
      <string>Bloomberg</string>
    </Property>
    <Property Name="Bloomberg Destination Properties" Static="true" MultiSourced="false" DataType="List">
      <Xenomorph.Generic.List>
        <columnDefinitions>
          <columnDefinition index="1" type="System.String" header="Name" />
          <columnDefinition index="2" type="System.String" header="Value" />
        </columnDefinitions>
        <rows>
          <row index="1">
            <col index="1">
              <string>GetAllQuotes_Property_Value_Ask</string>
            </col>
            <col index="2">
              <string p8:nil="true" xmlns:p8="http://www.w3.org/2001/XMLSchema-instance" />
            </col>
          </row>
          <row index="2">
            <col index="1">
              <string>GetAllQuotes_Property_Value_Bid</string>
            </col>
            <col index="2">
              <string p8:nil="true" xmlns:p8="http://www.w3.org/2001/XMLSchema-instance" />
            </col>
          </row>
          <row index="3">
            <col index="1">
              <string>GetAllQuotes_Property_Value_Trade</string>
            </col>
            <col index="2">
              <string p8:nil="true" xmlns:p8="http://www.w3.org/2001/XMLSchema-instance" />
            </col>
          </row>
          <row index="4">
            <col index="1">
              <string>GetAllQuotes_Property_Volume_Ask</string>
            </col>
            <col index="2">
              <string p8:nil="true" xmlns:p8="http://www.w3.org/2001/XMLSchema-instance" />
            </col>
          </row>
          <row index="5">
            <col index="1">
              <string>GetAllQuotes_Property_Volume_Bid</string>
            </col>
            <col index="2">
              <string p8:nil="true" xmlns:p8="http://www.w3.org/2001/XMLSchema-instance" />
            </col>
          </row>
          <row index="6">
            <col index="1">
              <string>GetAllQuotes_Property_Volume_Trade</string>
            </col>
            <col index="2">
              <string p8:nil="true" xmlns:p8="http://www.w3.org/2001/XMLSchema-instance" />
            </col>
          </row>
        </rows>
      </Xenomorph.Generic.List>
    </Property>
    <Property Name="Bloomberg Fields" Static="true" MultiSourced="false" DataType="List">
      <Xenomorph.Generic.List>
        <columnDefinitions>
          <columnDefinition index="1" type="System.Boolean" header="Enabled" />
          <columnDefinition index="2" type="System.String" header="Field Name" />
        </columnDefinitions>
        <rows>
          <row index="1">
            <col index="1">
              <boolean>true</boolean>
            </col>
            <col index="2">
              <string>ISSUE_PX</string>
            </col>
          </row>
          <row index="2">
            <col index="1">
              <boolean>true</boolean>
            </col>
            <col index="2">
              <string>FIRST_SETTLE_DT</string>
            </col>
          </row>
          <row index="3">
            <col index="1">
              <boolean>true</boolean>
            </col>
            <col index="2">
              <string>INDUSTRY_SECTOR</string>
            </col>
          </row>
          <row index="4">
            <col index="1">
              <boolean>true</boolean>
            </col>
            <col index="2">
              <string>PAYMENT_RANK</string>
            </col>
          </row>
          <row index="5">
            <col index="1">
              <boolean>true</boolean>
            </col>
            <col index="2">
              <string>CPN_TYP</string>
            </col>
          </row>
          <row index="6">
            <col index="1">
              <boolean>true</boolean>
            </col>
            <col index="2">
              <string>CPN</string>
            </col>
          </row>
          <row index="7">
            <col index="1">
              <boolean>true</boolean>
            </col>
            <col index="2">
              <string>CPN_CAP</string>
            </col>
          </row>
          <row index="8">
            <col index="1">
              <boolean>true</boolean>
            </col>
            <col index="2">
              <string>CPN_FLOOR</string>
            </col>
          </row>
          <row index="9">
            <col index="1">
              <boolean>true</boolean>
            </col>
            <col index="2">
              <string>FLOATER</string>
            </col>
          </row>
          <row index="10">
            <col index="1">
              <boolean>true</boolean>
            </col>
            <col index="2">
              <string>ISSUER</string>
            </col>
          </row>
          <row index="11">
            <col index="1">
              <boolean>true</boolean>
            </col>
            <col index="2">
              <string>ISSUE_DT</string>
            </col>
          </row>
          <row index="12">
            <col index="1">
              <boolean>true</boolean>
            </col>
            <col index="2">
              <string>STRUCTURED_NOTE</string>
            </col>
          </row>
          <row index="13">
            <col index="1">
              <boolean>true</boolean>
            </col>
            <col index="2">
              <string>STEPUP_DT</string>
            </col>
          </row>
          <row index="14">
            <col index="1">
              <boolean>true</boolean>
            </col>
            <col index="2">
              <string>IS_CREDIT_LINKED</string>
            </col>
          </row>
          <row index="15">
            <col index="1">
              <boolean>true</boolean>
            </col>
            <col index="2">
              <string>MOST_RECENT_REPORTED_FACTOR</string>
            </col>
          </row>
          <row index="16">
            <col index="1">
              <boolean>true</boolean>
            </col>
            <col index="2">
              <string>COLLAT_TYP</string>
            </col>
          </row>
          <row index="17">
            <col index="1">
              <boolean>true</boolean>
            </col>
            <col index="2">
              <string>BB_COMPOSITE</string>
            </col>
          </row>
          <row index="18">
            <col index="1">
              <boolean>true</boolean>
            </col>
            <col index="2">
              <string>COUNTRY_FULL_NAME</string>
            </col>
          </row>
          <row index="19">
            <col index="1">
              <boolean>true</boolean>
            </col>
            <col index="2">
              <string>MTY_YEARS_TDY</string>
            </col>
          </row>
          <row index="20">
            <col index="1">
              <boolean>true</boolean>
            </col>
            <col index="2">
              <string>AMT_ISSUED</string>
            </col>
          </row>
          <row index="21">
            <col index="1">
              <boolean>true</boolean>
            </col>
            <col index="2">
              <string>ID_BB_ULTIMATE_PARENT_CO_NAME</string>
            </col>
          </row>
          <row index="22">
            <col index="1">
              <boolean>true</boolean>
            </col>
            <col index="2">
              <string>ISO_COUNTRY_GUARANTOR</string>
            </col>
          </row>
          <row index="23">
            <col index="1">
              <boolean>true</boolean>
            </col>
            <col index="2">
              <string>CNTRY_OF_RISK</string>
            </col>
          </row>
          <row index="24">
            <col index="1">
              <boolean>true</boolean>
            </col>
            <col index="2">
              <string>NAME</string>
            </col>
          </row>
          <row index="25">
            <col index="1">
              <boolean>true</boolean>
            </col>
            <col index="2">
              <string>SECURITY_TYP2</string>
            </col>
          </row>
          <row index="26">
            <col index="1">
              <boolean>true</boolean>
            </col>
            <col index="2">
              <string>EU_STATE_GUARANTEE</string>
            </col>
          </row>
          <row index="27">
            <col index="1">
              <boolean>true</boolean>
            </col>
            <col index="2">
              <string>SINKABLE</string>
            </col>
          </row>
          <row index="28">
            <col index="1">
              <boolean>true</boolean>
            </col>
            <col index="2">
              <string>PUTABLE</string>
            </col>
          </row>
          <row index="29">
            <col index="1">
              <boolean>true</boolean>
            </col>
            <col index="2">
              <string>CALLABLE</string>
            </col>
          </row>
          <row index="30">
            <col index="1">
              <boolean>true</boolean>
            </col>
            <col index="2">
              <string>ZERO_CPN</string>
            </col>
          </row>
          <row index="31">
            <col index="1">
              <boolean>true</boolean>
            </col>
            <col index="2">
              <string>CONVERTIBLE</string>
            </col>
          </row>
          <row index="32">
            <col index="1">
              <boolean>true</boolean>
            </col>
            <col index="2">
              <string>INFLATION_LINKED_INDICATOR</string>
            </col>
          </row>
          <row index="33">
            <col index="1">
              <boolean>true</boolean>
            </col>
            <col index="2">
              <string>DUAL_CRNCY</string>
            </col>
          </row>
          <row index="34">
            <col index="1">
              <boolean>true</boolean>
            </col>
            <col index="2">
              <string>EXTENDIBLE</string>
            </col>
          </row>
          <row index="35">
            <col index="1">
              <boolean>true</boolean>
            </col>
            <col index="2">
              <string>IS_CD</string>
            </col>
          </row>
          <row index="36">
            <col index="1">
              <boolean>true</boolean>
            </col>
            <col index="2">
              <string>PCT_PAR_QUOTED</string>
            </col>
          </row>
          <row index="37">
            <col index="1">
              <boolean>true</boolean>
            </col>
            <col index="2">
              <string>EUROZONE</string>
            </col>
          </row>
          <row index="38">
            <col index="1">
              <boolean>true</boolean>
            </col>
            <col index="2">
              <string>IS_RTG_SENSITIVE</string>
            </col>
          </row>
          <row index="39">
            <col index="1">
              <boolean>true</boolean>
            </col>
            <col index="2">
              <string>IS_FLOAT_TO_FIX</string>
            </col>
          </row>
          <row index="40">
            <col index="1">
              <boolean>true</boolean>
            </col>
            <col index="2">
              <string>IS_FIX_TO_FLOAT</string>
            </col>
          </row>
          <row index="41">
            <col index="1">
              <boolean>true</boolean>
            </col>
            <col index="2">
              <string>IS_PERPETUAL</string>
            </col>
          </row>
          <row index="42">
            <col index="1">
              <boolean>true</boolean>
            </col>
            <col index="2">
              <string>IS_COVERED</string>
            </col>
          </row>
          <row index="43">
            <col index="1">
              <boolean>true</boolean>
            </col>
            <col index="2">
              <string>IS_SUBORDINATED</string>
            </col>
          </row>
          <row index="44">
            <col index="1">
              <boolean>true</boolean>
            </col>
            <col index="2">
              <string>ISSUER_INDUSTRY</string>
            </col>
          </row>
          <row index="45">
            <col index="1">
              <boolean>true</boolean>
            </col>
            <col index="2">
              <string>CURRENTLY_EUROPEAN_CENT_BK_ELIG</string>
            </col>
          </row>
          <row index="46">
            <col index="1">
              <boolean>true</boolean>
            </col>
            <col index="2">
              <string>FIXED_REOFFER_PX</string>
            </col>
          </row>
          <row index="47">
            <col index="1">
              <boolean>true</boolean>
            </col>
            <col index="2">
              <string>CRNCY</string>
            </col>
          </row>
          <row index="48">
            <col index="1">
              <boolean>true</boolean>
            </col>
            <col index="2">
              <string>SHORT_NAME</string>
            </col>
          </row>
          <row index="49">
            <col index="1">
              <boolean>true</boolean>
            </col>
            <col index="2">
              <string>MATURITY</string>
            </col>
          </row>
          <row index="50">
            <col index="1">
              <boolean>true</boolean>
            </col>
            <col index="2">
              <string>CPN_FREQ</string>
            </col>
          </row>
        </rows>
      </Xenomorph.Generic.List>
    </Property>
    <Property Name="Bloomberg Identifiers Query" Static="true" MultiSourced="false" DataType="List">
      <Xenomorph.Generic.List>
        <columnDefinitions>
          <columnDefinition index="1" type="System.Boolean" header="Enabled" />
          <columnDefinition index="2" type="System.String" header="Query" />
        </columnDefinitions>
        <rows>
          <row index="1">
            <col index="1">
              <boolean>true</boolean>
            </col>
            <col index="2">
              <string>DatabaseItems('\\SITSERVER\MD_SILVER','Murex Trades IRD EQD SCF','Murex Trade DuT', Value(%RunDate%).ToString("yyyyMMdd") + '_*')
.Where(|Node Department|('Risk Control') = 'CPB')
.Where(|Node Product|('Risk Control') IN ('Bond','CLN'))
.Values(|Bloomberg Bond|('Murex'))
.Values(Column_1.Code('Bloomberg'), Column_1.|Refresh Master Data|)
.Where(Column_2 = TRUE)
.Where(Column_1 NOT LIKE 'XF*')
.Where(Column_1 NOT LIKE 'AD*')
.Where(Column_1 NOT LIKE 'GB00*')
.Values(Column_1)</string>
            </col>
          </row>
        </rows>
      </Xenomorph.Generic.List>
    </Property>
    <Property Name="Bloomberg Save Date" Static="true" MultiSourced="false" DataType="String">
      <string>%RunDate%</string>
    </Property>
    <Property Name="Bloomberg Save Date Column" Static="true" MultiSourced="false" DataType="Int16">
      <short>-1</short>
    </Property>
    <Property Name="Bloomberg Save Date Format" Static="true" MultiSourced="false" DataType="String">
      <string />
    </Property>
    <Property Name="Data Interface" Static="true" MultiSourced="false" DataType="String">
      <string>GetData</string>
    </Property>
    <Property Name="Data Vendor" Static="true" MultiSourced="false" DataType="String">
      <string>Bloomberg</string>
    </Property>
    <Property Name="End Date Query" Static="true" MultiSourced="false" DataType="String">
      <string />
    </Property>
    <Property Name="Entity" Static="true" MultiSourced="false" DataType="ItemRef">
      <Xenomorph.Generic.ItemRef database="\\SITSERVER\PUBLIC_GOLD" code="MCC IPV" codeType="Entity" />
    </Property>
    <Property Name="Fields Query" Static="true" MultiSourced="false" DataType="String">
      <string />
    </Property>
    <Property Name="File Export Definition" Static="true" MultiSourced="false" DataType="ItemRef">
      <Xenomorph.Generic.ItemRef database="\\SITSERVER\PUBLIC" code="BB GD REQUEST - Bonds Master" codeType="File Export" />
    </Property>
    <Property Name="Ignore Substituted Bloomberg Data" Static="true" MultiSourced="false" DataType="Boolean">
      <boolean>true</boolean>
    </Property>
    <Property Name="Items Query" Static="true" MultiSourced="false" DataType="String">
      <string />
    </Property>
    <Property Name="Parameters Query" Static="true" MultiSourced="false" DataType="String">
      <string />
    </Property>
    <Property Name="Start Date Query" Static="true" MultiSourced="false" DataType="String">
      <string />
    </Property>
    <Property Name="Unique File Name Identifier" Static="true" MultiSourced="false" DataType="String">
      <string>GD_BMD</string>
    </Property>
  </Item>
</Category>
