<?xml version="1.0"?>
<Category ItemCount="1" Name="Request">
  <Item PropertyCount="20" CodeType="Request" Code="Bloomberg Bonds Master Data - Repo Margin" Database="\\SITSERVER\PUBLIC_GOLD">
    <Property Name="Bloomberg Destination Category" Static="true" MultiSourced="false" DataType="String">
      <string>Bloomberg Bonds</string>
    </Property>
    <Property Name="Bloomberg Destination Code Type" Static="true" MultiSourced="false" DataType="String">
      <string>Bloomberg</string>
    </Property>
    <Property Name="Bloomberg Destination Data Source" Static="true" MultiSourced="false" DataType="String">
      <string>Bloomberg</string>
    </Property>
    <Property Name="Bloomberg Destination Properties" Static="true" MultiSourced="false" DataType="List">
      <Xenomorph.Generic.List>
        <columnDefinitions>
          <columnDefinition index="1" type="System.String" header="Name" />
          <columnDefinition index="2" type="System.String" header="Value" />
        </columnDefinitions>
        <rows>
          <row index="1">
            <col index="1">
              <string>GetAllQuotes_Property_Value_Ask</string>
            </col>
            <col index="2">
              <string p8:nil="true" xmlns:p8="http://www.w3.org/2001/XMLSchema-instance" />
            </col>
          </row>
          <row index="2">
            <col index="1">
              <string>GetAllQuotes_Property_Value_Bid</string>
            </col>
            <col index="2">
              <string p8:nil="true" xmlns:p8="http://www.w3.org/2001/XMLSchema-instance" />
            </col>
          </row>
          <row index="3">
            <col index="1">
              <string>GetAllQuotes_Property_Value_Trade</string>
            </col>
            <col index="2">
              <string p8:nil="true" xmlns:p8="http://www.w3.org/2001/XMLSchema-instance" />
            </col>
          </row>
          <row index="4">
            <col index="1">
              <string>GetAllQuotes_Property_Volume_Ask</string>
            </col>
            <col index="2">
              <string p8:nil="true" xmlns:p8="http://www.w3.org/2001/XMLSchema-instance" />
            </col>
          </row>
          <row index="5">
            <col index="1">
              <string>GetAllQuotes_Property_Volume_Bid</string>
            </col>
            <col index="2">
              <string p8:nil="true" xmlns:p8="http://www.w3.org/2001/XMLSchema-instance" />
            </col>
          </row>
          <row index="6">
            <col index="1">
              <string>GetAllQuotes_Property_Volume_Trade</string>
            </col>
            <col index="2">
              <string p8:nil="true" xmlns:p8="http://www.w3.org/2001/XMLSchema-instance" />
            </col>
          </row>
        </rows>
      </Xenomorph.Generic.List>
    </Property>
    <Property Name="Bloomberg Fields" Static="true" MultiSourced="false" DataType="List">
      <Xenomorph.Generic.List>
        <columnDefinitions>
          <columnDefinition index="1" type="System.Boolean" header="Enabled" />
          <columnDefinition index="2" type="System.String" header="Field Name" />
        </columnDefinitions>
        <rows>
          <row index="1">
            <col index="1">
              <boolean>true</boolean>
            </col>
            <col index="2">
              <string>CNTRY_OF_RISK</string>
            </col>
          </row>
          <row index="2">
            <col index="1">
              <boolean>true</boolean>
            </col>
            <col index="2">
              <string>IS_COVERED</string>
            </col>
          </row>
          <row index="3">
            <col index="1">
              <boolean>true</boolean>
            </col>
            <col index="2">
              <string>COLLAT_TYP</string>
            </col>
          </row>
          <row index="4">
            <col index="1">
              <boolean>true</boolean>
            </col>
            <col index="2">
              <string>ISSUER_INDUSTRY</string>
            </col>
          </row>
          <row index="5">
            <col index="1">
              <boolean>true</boolean>
            </col>
            <col index="2">
              <string>CURRENTLY_EUROPEAN_CENT_BK_ELIG</string>
            </col>
          </row>
          <row index="6">
            <col index="1">
              <boolean>true</boolean>
            </col>
            <col index="2">
              <string>SHORT_NAME</string>
            </col>
          </row>
          <row index="7">
            <col index="1">
              <boolean>true</boolean>
            </col>
            <col index="2">
              <string>CRNCY</string>
            </col>
          </row>
        </rows>
      </Xenomorph.Generic.List>
    </Property>
    <Property Name="Bloomberg Identifiers Query" Static="true" MultiSourced="false" DataType="List">
      <Xenomorph.Generic.List>
        <columnDefinitions>
          <columnDefinition index="1" type="System.Boolean" header="Enabled" />
          <columnDefinition index="2" type="System.String" header="Query" />
        </columnDefinitions>
        <rows>
          <row index="1">
            <col index="1">
              <boolean>true</boolean>
            </col>
            <col index="2">
              <string>DatabaseItems('\\SITSERVER\MD_SILVER','Murex Positions Repo Margins','Murex Position Repo Margin')
.Where(Value( %RunDate% ) IN (|Maximum Maturity|.Dates ))
.Values( isin.|master data identifier|, ISNULL( isin.|Refresh Master Data|, TRUE ) )
.Where( Column_2 = TRUE )
.Where(Column_1 NOT LIKE 'XF*')
.Where(Column_1 NOT LIKE 'AD*')
.Where(Column_1 NOT LIKE 'GB00*')
.Values( Column_1 )
.GROUPBY( Column_1 )
</string>
            </col>
          </row>
        </rows>
      </Xenomorph.Generic.List>
    </Property>
    <Property Name="Bloomberg Save Date" Static="true" MultiSourced="false" DataType="String">
      <string />
    </Property>
    <Property Name="Bloomberg Save Date Column" Static="true" MultiSourced="false" DataType="Int16">
      <short>-1</short>
    </Property>
    <Property Name="Bloomberg Save Date Format" Static="true" MultiSourced="false" DataType="String">
      <string />
    </Property>
    <Property Name="Data Interface" Static="true" MultiSourced="false" DataType="String">
      <string>GetData</string>
    </Property>
    <Property Name="Data Vendor" Static="true" MultiSourced="false" DataType="String">
      <string>Bloomberg</string>
    </Property>
    <Property Name="End Date Query" Static="true" MultiSourced="false" DataType="String">
      <string />
    </Property>
    <Property Name="Entity" Static="true" MultiSourced="false" DataType="ItemRef">
      <Xenomorph.Generic.ItemRef database="\\SITSERVER\PUBLIC_GOLD" code="MCC IPV" codeType="Entity" />
    </Property>
    <Property Name="Fields Query" Static="true" MultiSourced="false" DataType="String">
      <string />
    </Property>
    <Property Name="File Export Definition" Static="true" MultiSourced="false" DataType="ItemRef">
      <Xenomorph.Generic.ItemRef database="\\SITSERVER\PUBLIC" code="BB GD REQUEST - Bonds Master" codeType="File Export" />
    </Property>
    <Property Name="Ignore Substituted Bloomberg Data" Static="true" MultiSourced="false" DataType="Boolean">
      <boolean>true</boolean>
    </Property>
    <Property Name="Items Query" Static="true" MultiSourced="false" DataType="String">
      <string />
    </Property>
    <Property Name="Parameters Query" Static="true" MultiSourced="false" DataType="String">
      <string />
    </Property>
    <Property Name="Start Date Query" Static="true" MultiSourced="false" DataType="String">
      <string />
    </Property>
    <Property Name="Unique File Name Identifier" Static="true" MultiSourced="false" DataType="String">
      <string>GD_BMD</string>
    </Property>
  </Item>
</Category>
