<?xml version="1.0"?>
<Category ItemCount="1" Name="Instrument Derived Data">
  <Item PropertyCount="5" CodeType="Derived Data" Code="Set Calc Method - MCC Equities" Database="\\SITSERVER\PUBLIC_GOLD">
    <Property Name="End Date Query" Static="true" MultiSourced="false" DataType="String">
      <string>%RunDate%</string>
    </Property>
    <Property Name="Entity" Static="true" MultiSourced="false" DataType="ItemRef">
      <Xenomorph.Generic.ItemRef database="\\SITSERVER\PUBLIC_GOLD" code="MCC IPV" codeType="Entity" />
    </Property>
    <Property Name="Series Calculations" Static="true" MultiSourced="false" DataType="List">
      <Xenomorph.Generic.List>
        <columnDefinitions>
          <columnDefinition index="1" type="System.Boolean" header="Enabled" />
          <columnDefinition index="2" type="System.String" header="Name" />
          <columnDefinition index="3" type="System.String" header="Description" />
          <columnDefinition index="4" type="System.String" header="Target Property" />
          <columnDefinition index="5" type="System.String" header="Target Data Source" />
          <columnDefinition index="6" type="System.String" header="Data Rule" />
          <columnDefinition index="7" type="System.String" header="Analytic Query" />
          <columnDefinition index="8" type="Xenomorph.Generic.List, Xenomorph.Generic, Version=5.0.4000.0, Culture=neutral, PublicKeyToken=2adfa95c2785233e" header="Analytic Parameters" />
          <columnDefinition index="9" type="Xenomorph.Generic.List, Xenomorph.Generic, Version=5.0.4000.0, Culture=neutral, PublicKeyToken=2adfa95c2785233e" header="Validation Properties" />
          <columnDefinition index="10" type="Xenomorph.Generic.List, Xenomorph.Generic, Version=5.0.4000.0, Culture=neutral, PublicKeyToken=2adfa95c2785233e" header="Attributes" />
          <columnDefinition index="11" type="System.String" header="Destination Property" />
          <columnDefinition index="12" type="System.String" header="Destination Data Source" />
        </columnDefinitions>
        <rows>
          <row index="1">
            <col index="1">
              <boolean>true</boolean>
            </col>
            <col index="2">
              <string>Calc Method</string>
            </col>
            <col index="3">
              <string p8:nil="true" xmlns:p8="http://www.w3.org/2001/XMLSchema-instance" />
            </col>
            <col index="4">
              <string>Trade DateTime</string>
            </col>
            <col index="5">
              <string>Front Arena</string>
            </col>
            <col index="6">
              <string p8:nil="true" xmlns:p8="http://www.w3.org/2001/XMLSchema-instance" />
            </col>
            <col index="7">
              <string>Item(%Public%, %DerivedDataFormulaCode%, "Calculation").Calculation</string>
            </col>
            <col index="8">
              <Xenomorph.Generic.List>
                <columnDefinitions>
                  <columnDefinition index="1" type="System.String" header="" />
                  <columnDefinition index="2" type="System.Object, mscorlib, Version=4.0.0.0, Culture=neutral, PublicKeyToken=b77a5c561934e089" header="" />
                </columnDefinitions>
                <rows>
                  <row index="1">
                    <col index="1">
                      <string>Public</string>
                    </col>
                    <col index="2">
                      <anyType xmlns:q1="http://www.w3.org/2001/XMLSchema" p13:type="q1:string" xmlns:p13="http://www.w3.org/2001/XMLSchema-instance">\\SITSERVER\PUBLIC_GOLD</anyType>
                    </col>
                  </row>
                  <row index="2">
                    <col index="1">
                      <string>DerivedDataFormulaCode</string>
                    </col>
                    <col index="2">
                      <anyType xmlns:q1="http://www.w3.org/2001/XMLSchema" p13:type="q1:string" xmlns:p13="http://www.w3.org/2001/XMLSchema-instance">Set Calc Method</anyType>
                    </col>
                  </row>
                </rows>
              </Xenomorph.Generic.List>
            </col>
            <col index="9">
              <Xenomorph.Generic.List p8:nil="true" xmlns:p8="http://www.w3.org/2001/XMLSchema-instance" />
            </col>
            <col index="10">
              <Xenomorph.Generic.List>
                <columnDefinitions>
                  <columnDefinition index="1" type="System.String" header="" />
                  <columnDefinition index="2" type="System.Object, mscorlib, Version=4.0.0.0, Culture=neutral, PublicKeyToken=b77a5c561934e089" header="" />
                </columnDefinitions>
                <rows>
                  <row index="1">
                    <col index="1">
                      <string>TargetCodeQuery</string>
                    </col>
                    <col index="2">
                      <anyType xmlns:q1="http://www.w3.org/2001/XMLSchema" p13:type="q1:string" xmlns:p13="http://www.w3.org/2001/XMLSchema-instance">Code</anyType>
                    </col>
                  </row>
                  <row index="2">
                    <col index="1">
                      <string>TargetCodeType</string>
                    </col>
                    <col index="2">
                      <anyType xmlns:q1="http://www.w3.org/2001/XMLSchema" p13:type="q1:string" xmlns:p13="http://www.w3.org/2001/XMLSchema-instance">CodeType</anyType>
                    </col>
                  </row>
                  <row index="3">
                    <col index="1">
                      <string>OutputIsMultiReference</string>
                    </col>
                    <col index="2">
                      <anyType xmlns:q1="http://www.w3.org/2001/XMLSchema" p13:type="q1:boolean" xmlns:p13="http://www.w3.org/2001/XMLSchema-instance">false</anyType>
                    </col>
                  </row>
                  <row index="4">
                    <col index="1">
                      <string>OutputIsMultiProperty</string>
                    </col>
                    <col index="2">
                      <anyType xmlns:q1="http://www.w3.org/2001/XMLSchema" p13:type="q1:boolean" xmlns:p13="http://www.w3.org/2001/XMLSchema-instance">false</anyType>
                    </col>
                  </row>
                  <row index="5">
                    <col index="1">
                      <string>OutputIsMultiSourced</string>
                    </col>
                    <col index="2">
                      <anyType xmlns:q1="http://www.w3.org/2001/XMLSchema" p13:type="q1:boolean" xmlns:p13="http://www.w3.org/2001/XMLSchema-instance">false</anyType>
                    </col>
                  </row>
                  <row index="6">
                    <col index="1">
                      <string>SavePropertyAsCode</string>
                    </col>
                    <col index="2">
                      <anyType xmlns:q1="http://www.w3.org/2001/XMLSchema" p13:type="q1:boolean" xmlns:p13="http://www.w3.org/2001/XMLSchema-instance">false</anyType>
                    </col>
                  </row>
                  <row index="7">
                    <col index="1">
                      <string>CreateDestinationItem</string>
                    </col>
                    <col index="2">
                      <anyType xmlns:q1="http://www.w3.org/2001/XMLSchema" p13:type="q1:boolean" xmlns:p13="http://www.w3.org/2001/XMLSchema-instance">false</anyType>
                    </col>
                  </row>
                  <row index="8">
                    <col index="1">
                      <string>DestinationItemCategory</string>
                    </col>
                    <col index="2">
                      <anyType xmlns:q1="http://www.w3.org/2001/XMLSchema" p13:type="q1:string" xmlns:p13="http://www.w3.org/2001/XMLSchema-instance">
                      </anyType>
                    </col>
                  </row>
                </rows>
              </Xenomorph.Generic.List>
            </col>
            <col index="11">
              <string>Calc Method</string>
            </col>
            <col index="12">
              <string>Internal</string>
            </col>
          </row>
        </rows>
      </Xenomorph.Generic.List>
    </Property>
    <Property Name="Start Date Query" Static="true" MultiSourced="false" DataType="String">
      <string>%RunDate%</string>
    </Property>
    <Property Name="Universe Query" Static="true" MultiSourced="false" DataType="List">
      <Xenomorph.Generic.List>
        <columnDefinitions>
          <columnDefinition index="1" type="System.Boolean" header="Enabled" />
          <columnDefinition index="2" type="System.String" header="Query" />
        </columnDefinitions>
        <rows>
          <row index="1">
            <col index="1">
              <boolean>true</boolean>
            </col>
            <col index="2">
              <string>DatabaseItems("\\SITSERVER\MD_SILVER","Front Arena Trades Equities","Front Arena Trade DuT",(%RunDate%).TOSTRING( 'yyyyMMdd' )+ "*")
.Where(|Product Category| &lt;&gt; 'ETF' 
		AND |Instrument Type| = "Stock" 
		AND |Portfolio|.|Is PL Relevant|('Risk Control') = TRUE 
		AND NOT (|OTC| = FALSE 
				AND |OTC BlockTrade| = NULL 
				AND |Front Arena Market| = 'XETRA' 
				AND |Counterparty| = 'XETRA' ) 
		AND (|Trade Status| &lt;&gt; "Void" )) 
.Values(Database,Code('Front Arena Trade')).Values(Item(Column_1,Column_2,'Front Arena Trade'))</string>
            </col>
          </row>
          <row index="2">
            <col index="1">
              <boolean>true</boolean>
            </col>
            <col index="2">
              <string>DatabaseItems("\\SITSERVER\MD_SILVER","Front Arena Trades Equities","Front Arena Trade DuT",(%RunDate%).TOSTRING( 'yyyyMMdd' )+ "*")
.Where(|Instrument Type| = "Stock" 
		AND |Product Category| = 'ETF' 
		AND ( |Front Arena Market| IN ( 'AusserboerslichED*', 'Investment', 'Ausserboers Bank', 'Festpreisgeschaeft', 'OTC' )) 
		AND |Portfolio|.|Is PL Relevant|('Risk Control') = TRUE 
		AND (|Trade Status| &lt;&gt; "Void"))
.Values(Database,Code('Front Arena Trade')).Values(Item(Column_1,Column_2,'Front Arena Trade'))</string>
            </col>
          </row>
          <row index="3">
            <col index="1">
              <boolean>true</boolean>
            </col>
            <col index="2">
              <string>DatabaseItems('\\SITSERVER\MD_SILVER','Front Arena Trades Equities','Front Arena Trade Dut',(%RunDate%).TOSTRING( 'yyyyMMdd' )+ "*")
.Where(|Instrument Type| = 'Future/Forward' 
		AND PortFolio.|IS pl Relevant| = TRUE 
		AND |OTC BlockTrade| = TRUE)
.Values(Database,Code('Front Arena Trade')).Values(Item(Column_1,Column_2,'Front Arena Trade'))</string>
            </col>
          </row>
          <row index="4">
            <col index="1">
              <boolean>true</boolean>
            </col>
            <col index="2">
              <string>DatabaseItems("\\SITSERVER\MD_SILVER","Front Arena Trades Equities","Front Arena Trade DuT",(%RunDate%).TOSTRING('yyyyMMdd')+ "*")
.Where(|Instrument Type| = "Stock" 
		AND |Product Category| = 'ETF' 
		AND (|Front Arena Market| NOT IN ('AusserboerslichED*','Investment','Ausserboers Bank','Festpreisgeschaeft','OTC')) 
		AND |Portfolio|.|Is PL Relevant|('Risk Control') = TRUE 
		AND NOT (|OTC| = FALSE AND |OTC BlockTrade| = NULL AND |Front Arena Market| = 'XETRA' AND |Counterparty| = 'XETRA') 
		AND (|Trade Status| &lt;&gt; "Void"))
.Values(Database,Code('Front Arena Trade')).Values(Item(Column_1,Column_2,'Front Arena Trade'))</string>
            </col>
          </row>
          <row index="5">
            <col index="1">
              <boolean>true</boolean>
            </col>
            <col index="2">
              <string>DatabaseItems("\\SITSERVER\MD_SILVER","Front Arena Trades Equities", "Front Arena Trade DuT",(%RunDate%).TOSTRING('yyyyMMdd') + "*")
.Where(|Instrument Type| = 'Option' 
		AND OTC = FALSE 
		AND |Portfolio|.|Is PL Relevant|('Risk Control') = TRUE 
		AND NOT ( |OTC| = FALSE AND |OTC BlockTrade| = NULL ) 
		AND ( |Trade Status| &lt;&gt; "Void"))
.Values(Database,Code('Front Arena Trade')).Values(Item(Column_1,Column_2,'Front Arena Trade'))</string>
            </col>
          </row>
          <row index="6">
            <col index="1">
              <boolean>true</boolean>
            </col>
            <col index="2">
              <string>DatabaseItems("\\SITSERVER\MD_SILVER", "Front Arena Trades Equities",'Front Arena Trade Dut',(%RunDate%).TOSTRING('yyyyMMdd') + "*")
.Where(|Instrument Type| = 'Warrant' 
		AND |Instrument| LIKE "LBHT*" 
		AND |Product Category| = "IndexZertifikat" 
		AND |Portfolio|.|Is PL Relevant|('Risk Control') = TRUE 
		AND (|Trade Status| &lt;&gt; "Void"))
.Values(Database,Code('Front Arena Trade')).Values(Item(Column_1,Column_2,'Front Arena Trade'))</string>
            </col>
          </row>
          <row index="7">
            <col index="1">
              <boolean>true</boolean>
            </col>
            <col index="2">
              <string>DatabaseItems("\\SITSERVER\MD_SILVER","Front Arena Trades Equities", "Front Arena Trade DuT", (%RunDate%).TOSTRING("yyyyMMdd") + "_*").Where(|Instrument Type| = 'Warrant' AND |Instrument| NOT LIKE "LBHT*" AND |Portfolio|.|Is PL Relevant|('Risk Control') = TRUE AND ( |Trade Status| &lt;&gt; "Void"))
.Values(Database,Code('Front Arena Trade')).Values(Item(Column_1,Column_2,'Front Arena Trade'))</string>
            </col>
          </row>
        </rows>
      </Xenomorph.Generic.List>
    </Property>
  </Item>
</Category>
