<?xml version="1.0"?>
<Category ItemCount="1" Name="Mapping Tables">
  <Item PropertyCount="1" CodeType="Mapping Table" Code="MCC FX Tolerance Matrix" Database="\\SITSERVER\PUBLIC_GOLD">
    <Property Name="Table" Static="true" MultiSourced="true" DataType="List">
      <DataSource Name="Internal">
        <Xenomorph.Generic.List>
          <columnDefinitions>
            <columnDefinition index="1" type="System.Object, mscorlib, Version=4.0.0.0, Culture=neutral, PublicKeyToken=b77a5c561934e089" header="" />
            <columnDefinition index="2" type="System.Object, mscorlib, Version=4.0.0.0, Culture=neutral, PublicKeyToken=b77a5c561934e089" header="" />
            <columnDefinition index="3" type="System.Object, mscorlib, Version=4.0.0.0, Culture=neutral, PublicKeyToken=b77a5c561934e089" header="" />
          </columnDefinitions>
          <rows>
            <row index="1">
              <col index="1">
                <anyType xmlns:q1="http://www.w3.org/2001/XMLSchema" p10:type="q1:double" xmlns:p10="http://www.w3.org/2001/XMLSchema-instance">0.0005</anyType>
              </col>
              <col index="2">
                <anyType xmlns:q1="http://www.w3.org/2001/XMLSchema" p10:type="q1:double" xmlns:p10="http://www.w3.org/2001/XMLSchema-instance">0.001</anyType>
              </col>
              <col index="3">
                <anyType xmlns:q1="http://www.w3.org/2001/XMLSchema" p10:type="q1:double" xmlns:p10="http://www.w3.org/2001/XMLSchema-instance">0.0025</anyType>
              </col>
            </row>
            <row index="2">
              <col index="1">
                <anyType xmlns:q1="http://www.w3.org/2001/XMLSchema" p10:type="q1:double" xmlns:p10="http://www.w3.org/2001/XMLSchema-instance">0.001</anyType>
              </col>
              <col index="2">
                <anyType xmlns:q1="http://www.w3.org/2001/XMLSchema" p10:type="q1:double" xmlns:p10="http://www.w3.org/2001/XMLSchema-instance">0.0015</anyType>
              </col>
              <col index="3">
                <anyType xmlns:q1="http://www.w3.org/2001/XMLSchema" p10:type="q1:double" xmlns:p10="http://www.w3.org/2001/XMLSchema-instance">0.003</anyType>
              </col>
            </row>
            <row index="3">
              <col index="1">
                <anyType xmlns:q1="http://www.w3.org/2001/XMLSchema" p10:type="q1:double" xmlns:p10="http://www.w3.org/2001/XMLSchema-instance">0.003</anyType>
              </col>
              <col index="2">
                <anyType xmlns:q1="http://www.w3.org/2001/XMLSchema" p10:type="q1:double" xmlns:p10="http://www.w3.org/2001/XMLSchema-instance">0.0035</anyType>
              </col>
              <col index="3">
                <anyType xmlns:q1="http://www.w3.org/2001/XMLSchema" p10:type="q1:double" xmlns:p10="http://www.w3.org/2001/XMLSchema-instance">0.005</anyType>
              </col>
            </row>
          </rows>
        </Xenomorph.Generic.List>
      </DataSource>
    </Property>
  </Item>
</Category>
