<?xml version="1.0"?>
<Category ItemCount="1" Name="Request">
  <Item PropertyCount="19" CodeType="Request" Code="Bloomberg GetHistory - IPV Equity Warrants HLB" Database="\\SITSERVER\PUBLIC_GOLD">
    <Property Name="Bloomberg Destination Category" Static="true" MultiSourced="false" DataType="String">
      <string>Bloomberg Warrant HLB</string>
    </Property>
    <Property Name="Bloomberg Destination Code Type" Static="true" MultiSourced="false" DataType="String">
      <string>Bloomberg</string>
    </Property>
    <Property Name="Bloomberg Destination Data Source" Static="true" MultiSourced="false" DataType="String">
      <string>Bloomberg</string>
    </Property>
    <Property Name="Bloomberg Destination Properties" Static="true" MultiSourced="false" DataType="List">
      <Xenomorph.Generic.List>
        <columnDefinitions>
          <columnDefinition index="1" type="System.String" header="Name" />
          <columnDefinition index="2" type="System.String" header="Value" />
        </columnDefinitions>
        <rows>
          <row index="1">
            <col index="1">
              <string>GetAllQuotes_Property_Value_Ask</string>
            </col>
            <col index="2">
              <string p8:nil="true" xmlns:p8="http://www.w3.org/2001/XMLSchema-instance" />
            </col>
          </row>
          <row index="2">
            <col index="1">
              <string>GetAllQuotes_Property_Value_Bid</string>
            </col>
            <col index="2">
              <string p8:nil="true" xmlns:p8="http://www.w3.org/2001/XMLSchema-instance" />
            </col>
          </row>
          <row index="3">
            <col index="1">
              <string>GetAllQuotes_Property_Value_Trade</string>
            </col>
            <col index="2">
              <string p8:nil="true" xmlns:p8="http://www.w3.org/2001/XMLSchema-instance" />
            </col>
          </row>
          <row index="4">
            <col index="1">
              <string>GetAllQuotes_Property_Volume_Ask</string>
            </col>
            <col index="2">
              <string p8:nil="true" xmlns:p8="http://www.w3.org/2001/XMLSchema-instance" />
            </col>
          </row>
          <row index="5">
            <col index="1">
              <string>GetAllQuotes_Property_Volume_Bid</string>
            </col>
            <col index="2">
              <string p8:nil="true" xmlns:p8="http://www.w3.org/2001/XMLSchema-instance" />
            </col>
          </row>
          <row index="6">
            <col index="1">
              <string>GetAllQuotes_Property_Volume_Trade</string>
            </col>
            <col index="2">
              <string p8:nil="true" xmlns:p8="http://www.w3.org/2001/XMLSchema-instance" />
            </col>
          </row>
        </rows>
      </Xenomorph.Generic.List>
    </Property>
    <Property Name="Bloomberg Fields" Static="true" MultiSourced="false" DataType="List">
      <Xenomorph.Generic.List>
        <columnDefinitions>
          <columnDefinition index="1" type="System.Boolean" header="Enabled" />
          <columnDefinition index="2" type="System.String" header="Field Name" />
        </columnDefinitions>
        <rows>
          <row index="1">
            <col index="1">
              <boolean>true</boolean>
            </col>
            <col index="2">
              <string>PX_LAST</string>
            </col>
          </row>
        </rows>
      </Xenomorph.Generic.List>
    </Property>
    <Property Name="Bloomberg Identifiers Query" Static="true" MultiSourced="false" DataType="List">
      <Xenomorph.Generic.List>
        <columnDefinitions>
          <columnDefinition index="1" type="System.Boolean" header="Enabled" />
          <columnDefinition index="2" type="System.String" header="Query" />
        </columnDefinitions>
        <rows>
          <row index="1">
            <col index="1">
              <boolean>true</boolean>
            </col>
            <col index="2">
              <string>DatabaseItems('\\SITSERVER\MD_SILVER','Front Arena IPV HLB Warrants','Front Arena Equity Address')
.Where(%RunDate% IN (Positions('Front Arena').Dates))
.Values(|Data Inputs|("Automated").Data(%RunDate%,%RunDate%).Cells(1,2))
.FLATTEN
.Where(Column_2 &lt;&gt; NULL)
.Values(Column_4)
.GROUPBY(Column_4)
.Values(Column_1 + "|ISIN|")</string>
            </col>
          </row>
        </rows>
      </Xenomorph.Generic.List>
    </Property>
    <Property Name="Bloomberg Save Date" Static="true" MultiSourced="false" DataType="String">
      <string>%RunDate%</string>
    </Property>
    <Property Name="Bloomberg Save Date Column" Static="true" MultiSourced="false" DataType="Int16">
      <short>-1</short>
    </Property>
    <Property Name="Bloomberg Save Date Format" Static="true" MultiSourced="false" DataType="String">
      <string>dd/MM/yyyy</string>
    </Property>
    <Property Name="Data Interface" Static="true" MultiSourced="false" DataType="String">
      <string>GetHistory</string>
    </Property>
    <Property Name="Data Vendor" Static="true" MultiSourced="false" DataType="String">
      <string>Bloomberg</string>
    </Property>
    <Property Name="End Date Query" Static="true" MultiSourced="false" DataType="String">
      <string>%RunDate%</string>
    </Property>
    <Property Name="Entity" Static="true" MultiSourced="false" DataType="ItemRef">
      <Xenomorph.Generic.ItemRef database="\\SITSERVER\PUBLIC_GOLD" code="MCC IPV" codeType="Entity" />
    </Property>
    <Property Name="Fields Query" Static="true" MultiSourced="false" DataType="String">
      <string />
    </Property>
    <Property Name="Ignore Substituted Bloomberg Data" Static="true" MultiSourced="false" DataType="Boolean">
      <boolean>true</boolean>
    </Property>
    <Property Name="Items Query" Static="true" MultiSourced="false" DataType="String">
      <string />
    </Property>
    <Property Name="Parameters Query" Static="true" MultiSourced="false" DataType="String">
      <string />
    </Property>
    <Property Name="Start Date Query" Static="true" MultiSourced="false" DataType="String">
      <string>%RunDate%</string>
    </Property>
    <Property Name="Unique File Name Identifier" Static="true" MultiSourced="false" DataType="String">
      <string>GH_EWH</string>
    </Property>
  </Item>
</Category>
