<?xml version="1.0"?>
<Category ItemCount="1" Name="Data Normalisation">
  <Item PropertyCount="5" CodeType="Normalisation" Code="QI MCC ETF" Database="\\SITSERVER\PUBLIC_GOLD">
    <Property Name="End Date Query" Static="true" MultiSourced="false" DataType="String">
      <string>DateAdd(%RunDate% , '-1WD')</string>
    </Property>
    <Property Name="Entity" Static="true" MultiSourced="false" DataType="ItemRef">
      <Xenomorph.Generic.ItemRef database="\\SITSERVER\PUBLIC_GOLD" code="MCC IPV" codeType="Entity" />
    </Property>
    <Property Name="Series Actions" Static="true" MultiSourced="false" DataType="List">
      <Xenomorph.Generic.List>
        <columnDefinitions>
          <columnDefinition index="1" type="System.Boolean" header="Enabled" />
          <columnDefinition index="2" type="System.String" header="Type" />
          <columnDefinition index="3" type="System.String" header="Name" />
          <columnDefinition index="4" type="System.String" header="Description" />
          <columnDefinition index="5" type="System.String" header="Source Property" />
          <columnDefinition index="6" type="System.String" header="Target Property" />
          <columnDefinition index="7" type="System.String" header="Source Data Source" />
          <columnDefinition index="8" type="System.String" header="Target Data Source" />
          <columnDefinition index="9" type="System.String" header="Data Rule" />
          <columnDefinition index="10" type="System.String" header="Analytic Query" />
          <columnDefinition index="11" type="Xenomorph.Generic.List, Xenomorph.Generic, Version=5.0.4000.0, Culture=neutral, PublicKeyToken=2adfa95c2785233e" header="Analytic Parameters" />
          <columnDefinition index="12" type="Xenomorph.Generic.List, Xenomorph.Generic, Version=5.0.4000.0, Culture=neutral, PublicKeyToken=2adfa95c2785233e" header="Attributes" />
        </columnDefinitions>
        <rows>
          <row index="1">
            <col index="1">
              <boolean>true</boolean>
            </col>
            <col index="2">
              <string>Factor</string>
            </col>
            <col index="3">
              <string>End Of Day Ask</string>
            </col>
            <col index="4">
              <string p8:nil="true" xmlns:p8="http://www.w3.org/2001/XMLSchema-instance" />
            </col>
            <col index="5">
              <string>PX_ASK</string>
            </col>
            <col index="6">
              <string>End of Day Ask</string>
            </col>
            <col index="7">
              <string>Bloomberg</string>
            </col>
            <col index="8">
              <string>Bloomberg</string>
            </col>
            <col index="9">
              <string p8:nil="true" xmlns:p8="http://www.w3.org/2001/XMLSchema-instance" />
            </col>
            <col index="10">
              <string p8:nil="true" xmlns:p8="http://www.w3.org/2001/XMLSchema-instance" />
            </col>
            <col index="11">
              <Xenomorph.Generic.List p8:nil="true" xmlns:p8="http://www.w3.org/2001/XMLSchema-instance" />
            </col>
            <col index="12">
              <Xenomorph.Generic.List p8:nil="true" xmlns:p8="http://www.w3.org/2001/XMLSchema-instance" />
            </col>
          </row>
          <row index="2">
            <col index="1">
              <boolean>true</boolean>
            </col>
            <col index="2">
              <string>Factor</string>
            </col>
            <col index="3">
              <string>End Of Day Bid</string>
            </col>
            <col index="4">
              <string p8:nil="true" xmlns:p8="http://www.w3.org/2001/XMLSchema-instance" />
            </col>
            <col index="5">
              <string>PX_BID</string>
            </col>
            <col index="6">
              <string>End of Day Bid</string>
            </col>
            <col index="7">
              <string>Bloomberg</string>
            </col>
            <col index="8">
              <string>Bloomberg</string>
            </col>
            <col index="9">
              <string p8:nil="true" xmlns:p8="http://www.w3.org/2001/XMLSchema-instance" />
            </col>
            <col index="10">
              <string p8:nil="true" xmlns:p8="http://www.w3.org/2001/XMLSchema-instance" />
            </col>
            <col index="11">
              <Xenomorph.Generic.List p8:nil="true" xmlns:p8="http://www.w3.org/2001/XMLSchema-instance" />
            </col>
            <col index="12">
              <Xenomorph.Generic.List p8:nil="true" xmlns:p8="http://www.w3.org/2001/XMLSchema-instance" />
            </col>
          </row>
        </rows>
      </Xenomorph.Generic.List>
    </Property>
    <Property Name="Start Date Query" Static="true" MultiSourced="false" DataType="String">
      <string>DateAdd(%RunDate% , '-1WD')</string>
    </Property>
    <Property Name="Universe Query" Static="true" MultiSourced="false" DataType="List">
      <Xenomorph.Generic.List>
        <columnDefinitions>
          <columnDefinition index="1" type="System.Boolean" header="Enabled" />
          <columnDefinition index="2" type="System.String" header="Query" />
        </columnDefinitions>
        <rows>
          <row index="1">
            <col index="1">
              <boolean>true</boolean>
            </col>
            <col index="2">
              <string>DatabaseItems("\\SITSERVER\MD_RAW", "Bloomberg MCC ETF","Bloomberg").WHERE( Item( Database, Code, CodeType ).Exists )</string>
            </col>
          </row>
        </rows>
      </Xenomorph.Generic.List>
    </Property>
  </Item>
</Category>
