<?xml version="1.0"?>
<Category ItemCount="1" Name="Event Handlers">
  <Item PropertyCount="3" Description="Front Arena IPV Overrides Futures DC" CodeType="EventHandler" Code="Front Arena IPV Overrides Futures DC" Database="\\SITSERVER\PUBLIC_GOLD">
    <Property Name="Entity ID" Static="true" MultiSourced="false" DataType="Int32">
      <int>6</int>
    </Property>
    <Property Name="Handler Type" Static="true" MultiSourced="false" DataType="String">
      <string>OutputFileExport</string>
    </Property>
    <Property Name="Output File Export" Static="true" MultiSourced="false" DataType="List">
      <Xenomorph.Generic.List>
        <columnDefinitions>
          <columnDefinition index="1" type="System.String" header="Name" />
          <columnDefinition index="2" type="System.Object, mscorlib, Version=4.0.0.0, Culture=neutral, PublicKeyToken=b77a5c561934e089" header="Value" />
        </columnDefinitions>
        <rows>
          <row index="1">
            <col index="1">
              <string>FileExportDefinitionXdb</string>
            </col>
            <col index="2">
              <anyType xmlns:q1="http://www.w3.org/2001/XMLSchema" p9:type="q1:string" xmlns:p9="http://www.w3.org/2001/XMLSchema-instance">\\SITSERVER\PUBLIC</anyType>
            </col>
          </row>
          <row index="2">
            <col index="1">
              <string>FileExportDefinitionCode</string>
            </col>
            <col index="2">
              <anyType xmlns:q1="http://www.w3.org/2001/XMLSchema" p9:type="q1:string" xmlns:p9="http://www.w3.org/2001/XMLSchema-instance">front arena ipv overrides futures</anyType>
            </col>
          </row>
          <row index="3">
            <col index="1">
              <string>FileExportDefinitionCodeType</string>
            </col>
            <col index="2">
              <anyType xmlns:q1="http://www.w3.org/2001/XMLSchema" p9:type="q1:string" xmlns:p9="http://www.w3.org/2001/XMLSchema-instance">File Export</anyType>
            </col>
          </row>
          <row index="4">
            <col index="1">
              <string>Separator</string>
            </col>
            <col index="2">
              <anyType xmlns:q1="http://www.w3.org/2001/XMLSchema" p9:type="q1:string" xmlns:p9="http://www.w3.org/2001/XMLSchema-instance">|</anyType>
            </col>
          </row>
          <row index="5">
            <col index="1">
              <string>DestinationFolder</string>
            </col>
            <col index="2">
              <anyType xmlns:q1="http://www.w3.org/2001/XMLSchema" p9:type="q1:string" xmlns:p9="http://www.w3.org/2001/XMLSchema-instance">D:\Data\Reports\FrontArena\IPVOverrides\DailyCopy</anyType>
            </col>
          </row>
          <row index="6">
            <col index="1">
              <string>DestinationFileName</string>
            </col>
            <col index="2">
              <anyType xmlns:q1="http://www.w3.org/2001/XMLSchema" p9:type="q1:string" xmlns:p9="http://www.w3.org/2001/XMLSchema-instance">
              </anyType>
            </col>
          </row>
          <row index="7">
            <col index="1">
              <string>NumberFormat</string>
            </col>
            <col index="2">
              <anyType xmlns:q1="http://www.w3.org/2001/XMLSchema" p9:type="q1:string" xmlns:p9="http://www.w3.org/2001/XMLSchema-instance">
              </anyType>
            </col>
          </row>
          <row index="8">
            <col index="1">
              <string>DateFormat</string>
            </col>
            <col index="2">
              <anyType xmlns:q1="http://www.w3.org/2001/XMLSchema" p9:type="q1:string" xmlns:p9="http://www.w3.org/2001/XMLSchema-instance">
              </anyType>
            </col>
          </row>
          <row index="9">
            <col index="1">
              <string>StartDateQuery</string>
            </col>
            <col index="2">
              <anyType xmlns:q1="http://www.w3.org/2001/XMLSchema" p9:type="q1:string" xmlns:p9="http://www.w3.org/2001/XMLSchema-instance">%RUNDATE%</anyType>
            </col>
          </row>
          <row index="10">
            <col index="1">
              <string>EndDateQuery</string>
            </col>
            <col index="2">
              <anyType xmlns:q1="http://www.w3.org/2001/XMLSchema" p9:type="q1:string" xmlns:p9="http://www.w3.org/2001/XMLSchema-instance">%RUNDATE%</anyType>
            </col>
          </row>
        </rows>
      </Xenomorph.Generic.List>
    </Property>
  </Item>
</Category>
