<?xml version="1.0"?>
<Category ItemCount="1" Name="Event Handlers">
  <Item PropertyCount="3" CodeType="EventHandler" Code="FSP Report STP" Database="\\SITSERVER\PUBLIC_GOLD">
    <Property Name="Entity ID" Static="true" MultiSourced="false" DataType="Int32">
      <int>6</int>
    </Property>
    <Property Name="Handler Type" Static="true" MultiSourced="false" DataType="String">
      <string>OutputReport</string>
    </Property>
    <Property Name="Output Report" Static="true" MultiSourced="false" DataType="List">
      <Xenomorph.Generic.List>
        <columnDefinitions>
          <columnDefinition index="1" type="System.String" header="Name" />
          <columnDefinition index="2" type="System.Object, mscorlib, Version=4.0.0.0, Culture=neutral, PublicKeyToken=b77a5c561934e089" header="Value" />
        </columnDefinitions>
        <rows>
          <row index="1">
            <col index="1">
              <string>ReportType</string>
            </col>
            <col index="2">
              <anyType xmlns:q1="http://www.w3.org/2001/XMLSchema" p9:type="q1:string" xmlns:p9="http://www.w3.org/2001/XMLSchema-instance">Checks</anyType>
            </col>
          </row>
          <row index="2">
            <col index="1">
              <string>Disclaimer</string>
            </col>
            <col index="2">
              <anyType xmlns:q1="http://www.w3.org/2001/XMLSchema" p9:type="q1:string" xmlns:p9="http://www.w3.org/2001/XMLSchema-instance">Dies ist das Ergebnis der automatisierten Überprüfung. Wird ein nicht-marktgerechtes Geschäft zwischen Helaba und FSP festgestellt, informiert die Helaba die FSP zeitnah, in der Regel am darauf folgenden Handelstag. Andernfalls sind sämtliche Geschäfte zwischen Helaba und FSP unabhängig der maschinellen Einstufung als OK einzuwerten.</anyType>
            </col>
          </row>
          <row index="3">
            <col index="1">
              <string>DestinationFolder</string>
            </col>
            <col index="2">
              <anyType xmlns:q1="http://www.w3.org/2001/XMLSchema" p9:type="q1:string" xmlns:p9="http://www.w3.org/2001/XMLSchema-instance">D:\Data\Reports\FSP</anyType>
            </col>
          </row>
          <row index="4">
            <col index="1">
              <string>DestinationFileName</string>
            </col>
            <col index="2">
              <anyType xmlns:q1="http://www.w3.org/2001/XMLSchema" p9:type="q1:string" xmlns:p9="http://www.w3.org/2001/XMLSchema-instance">MCC_FSP_STP</anyType>
            </col>
          </row>
          <row index="5">
            <col index="1">
              <string>NodeID</string>
            </col>
            <col index="2">
              <anyType xmlns:q1="http://www.w3.org/2001/XMLSchema" p9:type="q1:int" xmlns:p9="http://www.w3.org/2001/XMLSchema-instance">401</anyType>
            </col>
          </row>
          <row index="6">
            <col index="1">
              <string>IncludeSubNodes</string>
            </col>
            <col index="2">
              <anyType xmlns:q1="http://www.w3.org/2001/XMLSchema" p9:type="q1:boolean" xmlns:p9="http://www.w3.org/2001/XMLSchema-instance">true</anyType>
            </col>
          </row>
          <row index="7">
            <col index="1">
              <string>UserID</string>
            </col>
            <col index="2">
              <anyType xmlns:q1="http://www.w3.org/2001/XMLSchema" p9:type="q1:int" xmlns:p9="http://www.w3.org/2001/XMLSchema-instance">0</anyType>
            </col>
          </row>
        </rows>
      </Xenomorph.Generic.List>
    </Property>
  </Item>
</Category>
