<?xml version="1.0"?>
<Category ItemCount="1" Name="Instrument Derived Data">
  <Item PropertyCount="5" Description="Calculates RICs for MCC of OTC Derivatives 2" CodeType="Derived Data" Code="Calculate RICs MCC OTC Derivatives 2" Database="\\SITSERVER\PUBLIC_GOLD">
    <Property Name="End Date Query" Static="true" MultiSourced="false" DataType="String">
      <string>%RunDate%</string>
    </Property>
    <Property Name="Entity" Static="true" MultiSourced="false" DataType="ItemRef">
      <Xenomorph.Generic.ItemRef database="\\SITSERVER\PUBLIC_GOLD" code="MCC IPV" codeType="Entity" />
    </Property>
    <Property Name="Series Calculations" Static="true" MultiSourced="false" DataType="List">
      <Xenomorph.Generic.List>
        <columnDefinitions>
          <columnDefinition index="1" type="System.Object, mscorlib, Version=4.0.0.0, Culture=neutral, PublicKeyToken=b77a5c561934e089" header="Enabled" />
          <columnDefinition index="2" type="System.Object, mscorlib, Version=4.0.0.0, Culture=neutral, PublicKeyToken=b77a5c561934e089" header="Name" />
          <columnDefinition index="3" type="System.Object, mscorlib, Version=4.0.0.0, Culture=neutral, PublicKeyToken=b77a5c561934e089" header="Description" />
          <columnDefinition index="4" type="System.Object, mscorlib, Version=4.0.0.0, Culture=neutral, PublicKeyToken=b77a5c561934e089" header="Target Property" />
          <columnDefinition index="5" type="System.Object, mscorlib, Version=4.0.0.0, Culture=neutral, PublicKeyToken=b77a5c561934e089" header="Target Data Source" />
          <columnDefinition index="6" type="System.Object, mscorlib, Version=4.0.0.0, Culture=neutral, PublicKeyToken=b77a5c561934e089" header="Data Rule" />
          <columnDefinition index="7" type="System.Object, mscorlib, Version=4.0.0.0, Culture=neutral, PublicKeyToken=b77a5c561934e089" header="Analytic Query" />
          <columnDefinition index="8" type="System.Object, mscorlib, Version=4.0.0.0, Culture=neutral, PublicKeyToken=b77a5c561934e089" header="Analytic Parameters" />
          <columnDefinition index="9" type="System.Object, mscorlib, Version=4.0.0.0, Culture=neutral, PublicKeyToken=b77a5c561934e089" header="Validation Properties" />
          <columnDefinition index="10" type="System.Object, mscorlib, Version=4.0.0.0, Culture=neutral, PublicKeyToken=b77a5c561934e089" header="Attributes" />
          <columnDefinition index="11" type="System.Object, mscorlib, Version=4.0.0.0, Culture=neutral, PublicKeyToken=b77a5c561934e089" header="Destination Property" />
          <columnDefinition index="12" type="System.Object, mscorlib, Version=4.0.0.0, Culture=neutral, PublicKeyToken=b77a5c561934e089" header="Destination Data Source" />
        </columnDefinitions>
        <rows>
          <row index="1">
            <col index="1">
              <anyType xmlns:q1="http://www.w3.org/2001/XMLSchema" p9:type="q1:boolean" xmlns:p9="http://www.w3.org/2001/XMLSchema-instance">false</anyType>
            </col>
            <col index="2">
              <anyType xmlns:q1="http://www.w3.org/2001/XMLSchema" p9:type="q1:string" xmlns:p9="http://www.w3.org/2001/XMLSchema-instance">Create MD Request item</anyType>
            </col>
            <col index="3">
              <anyType xmlns:q1="http://www.w3.org/2001/XMLSchema" p9:type="q1:string" xmlns:p9="http://www.w3.org/2001/XMLSchema-instance">
              </anyType>
            </col>
            <col index="4">
              <anyType xmlns:q1="http://www.w3.org/2001/XMLSchema" p9:type="q1:string" xmlns:p9="http://www.w3.org/2001/XMLSchema-instance">ISIN</anyType>
            </col>
            <col index="5">
              <anyType xmlns:q1="http://www.w3.org/2001/XMLSchema" p9:type="q1:string" xmlns:p9="http://www.w3.org/2001/XMLSchema-instance">Murex</anyType>
            </col>
            <col index="6">
              <anyType xmlns:q1="http://www.w3.org/2001/XMLSchema" p9:type="q1:string" xmlns:p9="http://www.w3.org/2001/XMLSchema-instance">
              </anyType>
            </col>
            <col index="7">
              <anyType xmlns:q1="http://www.w3.org/2001/XMLSchema" p9:type="q1:string" xmlns:p9="http://www.w3.org/2001/XMLSchema-instance">Item(%Public%, %DerivedDataFormulaCode%, "Calculation").Calculation</anyType>
            </col>
            <col index="8">
              <Xenomorph.Generic.List>
                <columnDefinitions>
                  <columnDefinition index="1" type="System.String" header="" />
                  <columnDefinition index="2" type="System.Object, mscorlib, Version=4.0.0.0, Culture=neutral, PublicKeyToken=b77a5c561934e089" header="" />
                </columnDefinitions>
                <rows>
                  <row index="1">
                    <col index="1">
                      <string>Public</string>
                    </col>
                    <col index="2">
                      <anyType xmlns:q1="http://www.w3.org/2001/XMLSchema" p13:type="q1:string" xmlns:p13="http://www.w3.org/2001/XMLSchema-instance">\\SITSERVER\PUBLIC_GOLD</anyType>
                    </col>
                  </row>
                  <row index="2">
                    <col index="1">
                      <string>DerivedDataFormulaCode</string>
                    </col>
                    <col index="2">
                      <anyType xmlns:q1="http://www.w3.org/2001/XMLSchema" p13:type="q1:string" xmlns:p13="http://www.w3.org/2001/XMLSchema-instance">ADD ITEM</anyType>
                    </col>
                  </row>
                </rows>
              </Xenomorph.Generic.List>
            </col>
            <col index="9">
              <anyType p8:nil="true" xmlns:p8="http://www.w3.org/2001/XMLSchema-instance" />
            </col>
            <col index="10">
              <Xenomorph.Generic.List>
                <columnDefinitions>
                  <columnDefinition index="1" type="System.String" header="" />
                  <columnDefinition index="2" type="System.Object, mscorlib, Version=4.0.0.0, Culture=neutral, PublicKeyToken=b77a5c561934e089" header="" />
                </columnDefinitions>
                <rows>
                  <row index="1">
                    <col index="1">
                      <string>TargetCodeQuery</string>
                    </col>
                    <col index="2">
                      <anyType xmlns:q1="http://www.w3.org/2001/XMLSchema" p13:type="q1:string" xmlns:p13="http://www.w3.org/2001/XMLSchema-instance">Code</anyType>
                    </col>
                  </row>
                  <row index="2">
                    <col index="1">
                      <string>TargetCodeType</string>
                    </col>
                    <col index="2">
                      <anyType xmlns:q1="http://www.w3.org/2001/XMLSchema" p13:type="q1:string" xmlns:p13="http://www.w3.org/2001/XMLSchema-instance">'Reuters Request'</anyType>
                    </col>
                  </row>
                  <row index="3">
                    <col index="1">
                      <string>OutputIsMultiReference</string>
                    </col>
                    <col index="2">
                      <anyType xmlns:q1="http://www.w3.org/2001/XMLSchema" p13:type="q1:boolean" xmlns:p13="http://www.w3.org/2001/XMLSchema-instance">false</anyType>
                    </col>
                  </row>
                  <row index="4">
                    <col index="1">
                      <string>OutputIsMultiProperty</string>
                    </col>
                    <col index="2">
                      <anyType xmlns:q1="http://www.w3.org/2001/XMLSchema" p13:type="q1:boolean" xmlns:p13="http://www.w3.org/2001/XMLSchema-instance">false</anyType>
                    </col>
                  </row>
                  <row index="5">
                    <col index="1">
                      <string>OutputIsMultiSourced</string>
                    </col>
                    <col index="2">
                      <anyType xmlns:q1="http://www.w3.org/2001/XMLSchema" p13:type="q1:boolean" xmlns:p13="http://www.w3.org/2001/XMLSchema-instance">false</anyType>
                    </col>
                  </row>
                  <row index="6">
                    <col index="1">
                      <string>SavePropertyAsCode</string>
                    </col>
                    <col index="2">
                      <anyType xmlns:q1="http://www.w3.org/2001/XMLSchema" p13:type="q1:boolean" xmlns:p13="http://www.w3.org/2001/XMLSchema-instance">true</anyType>
                    </col>
                  </row>
                  <row index="7">
                    <col index="1">
                      <string>CreateDestinationItem</string>
                    </col>
                    <col index="2">
                      <anyType xmlns:q1="http://www.w3.org/2001/XMLSchema" p13:type="q1:boolean" xmlns:p13="http://www.w3.org/2001/XMLSchema-instance">true</anyType>
                    </col>
                  </row>
                  <row index="8">
                    <col index="1">
                      <string>DestinationItemCategory</string>
                    </col>
                    <col index="2">
                      <anyType xmlns:q1="http://www.w3.org/2001/XMLSchema" p13:type="q1:string" xmlns:p13="http://www.w3.org/2001/XMLSchema-instance">'Reuters Requests'</anyType>
                    </col>
                  </row>
                </rows>
              </Xenomorph.Generic.List>
            </col>
            <col index="11">
              <anyType xmlns:q1="http://www.w3.org/2001/XMLSchema" p9:type="q1:string" xmlns:p9="http://www.w3.org/2001/XMLSchema-instance">MD Request TRTH</anyType>
            </col>
            <col index="12">
              <anyType xmlns:q1="http://www.w3.org/2001/XMLSchema" p9:type="q1:string" xmlns:p9="http://www.w3.org/2001/XMLSchema-instance">Murex</anyType>
            </col>
          </row>
          <row index="2">
            <col index="1">
              <anyType xmlns:q1="http://www.w3.org/2001/XMLSchema" p9:type="q1:boolean" xmlns:p9="http://www.w3.org/2001/XMLSchema-instance">true</anyType>
            </col>
            <col index="2">
              <anyType xmlns:q1="http://www.w3.org/2001/XMLSchema" p9:type="q1:string" xmlns:p9="http://www.w3.org/2001/XMLSchema-instance">Properties</anyType>
            </col>
            <col index="3">
              <anyType xmlns:q1="http://www.w3.org/2001/XMLSchema" p9:type="q1:string" xmlns:p9="http://www.w3.org/2001/XMLSchema-instance">RICs</anyType>
            </col>
            <col index="4">
              <anyType xmlns:q1="http://www.w3.org/2001/XMLSchema" p9:type="q1:string" xmlns:p9="http://www.w3.org/2001/XMLSchema-instance">ISIN</anyType>
            </col>
            <col index="5">
              <anyType xmlns:q1="http://www.w3.org/2001/XMLSchema" p9:type="q1:string" xmlns:p9="http://www.w3.org/2001/XMLSchema-instance">Murex</anyType>
            </col>
            <col index="6">
              <anyType xmlns:q1="http://www.w3.org/2001/XMLSchema" p9:type="q1:string" xmlns:p9="http://www.w3.org/2001/XMLSchema-instance">
              </anyType>
            </col>
            <col index="7">
              <anyType xmlns:q1="http://www.w3.org/2001/XMLSchema" p9:type="q1:string" xmlns:p9="http://www.w3.org/2001/XMLSchema-instance">Item(%Public%, %DerivedDataFormulaCode%, "Calculation").Calculation</anyType>
            </col>
            <col index="8">
              <Xenomorph.Generic.List>
                <columnDefinitions>
                  <columnDefinition index="1" type="System.String" header="" />
                  <columnDefinition index="2" type="System.Object, mscorlib, Version=4.0.0.0, Culture=neutral, PublicKeyToken=b77a5c561934e089" header="" />
                </columnDefinitions>
                <rows>
                  <row index="1">
                    <col index="1">
                      <string>Public</string>
                    </col>
                    <col index="2">
                      <anyType xmlns:q1="http://www.w3.org/2001/XMLSchema" p13:type="q1:string" xmlns:p13="http://www.w3.org/2001/XMLSchema-instance">\\SITSERVER\PUBLIC_GOLD</anyType>
                    </col>
                  </row>
                  <row index="2">
                    <col index="1">
                      <string>DerivedDataFormulaCode</string>
                    </col>
                    <col index="2">
                      <anyType xmlns:q1="http://www.w3.org/2001/XMLSchema" p13:type="q1:string" xmlns:p13="http://www.w3.org/2001/XMLSchema-instance">Calculate RICs MCC OTC Derivatives 2</anyType>
                    </col>
                  </row>
                </rows>
              </Xenomorph.Generic.List>
            </col>
            <col index="9">
              <anyType p8:nil="true" xmlns:p8="http://www.w3.org/2001/XMLSchema-instance" />
            </col>
            <col index="10">
              <Xenomorph.Generic.List>
                <columnDefinitions>
                  <columnDefinition index="1" type="System.String" header="" />
                  <columnDefinition index="2" type="System.Object, mscorlib, Version=4.0.0.0, Culture=neutral, PublicKeyToken=b77a5c561934e089" header="" />
                </columnDefinitions>
                <rows>
                  <row index="1">
                    <col index="1">
                      <string>TargetCodeQuery</string>
                    </col>
                    <col index="2">
                      <anyType xmlns:q1="http://www.w3.org/2001/XMLSchema" p13:type="q1:string" xmlns:p13="http://www.w3.org/2001/XMLSchema-instance">Code</anyType>
                    </col>
                  </row>
                  <row index="2">
                    <col index="1">
                      <string>TargetCodeType</string>
                    </col>
                    <col index="2">
                      <anyType xmlns:q1="http://www.w3.org/2001/XMLSchema" p13:type="q1:string" xmlns:p13="http://www.w3.org/2001/XMLSchema-instance">Murex Trade DuT</anyType>
                    </col>
                  </row>
                  <row index="3">
                    <col index="1">
                      <string>OutputIsMultiReference</string>
                    </col>
                    <col index="2">
                      <anyType xmlns:q1="http://www.w3.org/2001/XMLSchema" p13:type="q1:boolean" xmlns:p13="http://www.w3.org/2001/XMLSchema-instance">false</anyType>
                    </col>
                  </row>
                  <row index="4">
                    <col index="1">
                      <string>OutputIsMultiProperty</string>
                    </col>
                    <col index="2">
                      <anyType xmlns:q1="http://www.w3.org/2001/XMLSchema" p13:type="q1:boolean" xmlns:p13="http://www.w3.org/2001/XMLSchema-instance">true</anyType>
                    </col>
                  </row>
                  <row index="5">
                    <col index="1">
                      <string>OutputIsMultiSourced</string>
                    </col>
                    <col index="2">
                      <anyType xmlns:q1="http://www.w3.org/2001/XMLSchema" p13:type="q1:boolean" xmlns:p13="http://www.w3.org/2001/XMLSchema-instance">false</anyType>
                    </col>
                  </row>
                  <row index="6">
                    <col index="1">
                      <string>SavePropertyAsCode</string>
                    </col>
                    <col index="2">
                      <anyType xmlns:q1="http://www.w3.org/2001/XMLSchema" p13:type="q1:boolean" xmlns:p13="http://www.w3.org/2001/XMLSchema-instance">false</anyType>
                    </col>
                  </row>
                  <row index="7">
                    <col index="1">
                      <string>CreateDestinationItem</string>
                    </col>
                    <col index="2">
                      <anyType xmlns:q1="http://www.w3.org/2001/XMLSchema" p13:type="q1:boolean" xmlns:p13="http://www.w3.org/2001/XMLSchema-instance">true</anyType>
                    </col>
                  </row>
                  <row index="8">
                    <col index="1">
                      <string>DestinationItemCategory</string>
                    </col>
                    <col index="2">
                      <anyType xmlns:q1="http://www.w3.org/2001/XMLSchema" p13:type="q1:string" xmlns:p13="http://www.w3.org/2001/XMLSchema-instance">Murex Trade DuT</anyType>
                    </col>
                  </row>
                </rows>
              </Xenomorph.Generic.List>
            </col>
            <col index="11">
              <anyType xmlns:q1="http://www.w3.org/2001/XMLSchema" p9:type="q1:string" xmlns:p9="http://www.w3.org/2001/XMLSchema-instance">
              </anyType>
            </col>
            <col index="12">
              <anyType xmlns:q1="http://www.w3.org/2001/XMLSchema" p9:type="q1:string" xmlns:p9="http://www.w3.org/2001/XMLSchema-instance">Internal</anyType>
            </col>
          </row>
          <row index="3">
            <col index="1">
              <anyType xmlns:q1="http://www.w3.org/2001/XMLSchema" p9:type="q1:boolean" xmlns:p9="http://www.w3.org/2001/XMLSchema-instance">false</anyType>
            </col>
            <col index="2">
              <anyType xmlns:q1="http://www.w3.org/2001/XMLSchema" p9:type="q1:string" xmlns:p9="http://www.w3.org/2001/XMLSchema-instance">Item Under Test</anyType>
            </col>
            <col index="3">
              <anyType xmlns:q1="http://www.w3.org/2001/XMLSchema" p9:type="q1:string" xmlns:p9="http://www.w3.org/2001/XMLSchema-instance">
              </anyType>
            </col>
            <col index="4">
              <anyType xmlns:q1="http://www.w3.org/2001/XMLSchema" p9:type="q1:string" xmlns:p9="http://www.w3.org/2001/XMLSchema-instance">ISIN</anyType>
            </col>
            <col index="5">
              <anyType xmlns:q1="http://www.w3.org/2001/XMLSchema" p9:type="q1:string" xmlns:p9="http://www.w3.org/2001/XMLSchema-instance">Murex</anyType>
            </col>
            <col index="6">
              <anyType xmlns:q1="http://www.w3.org/2001/XMLSchema" p9:type="q1:string" xmlns:p9="http://www.w3.org/2001/XMLSchema-instance">
              </anyType>
            </col>
            <col index="7">
              <anyType xmlns:q1="http://www.w3.org/2001/XMLSchema" p9:type="q1:string" xmlns:p9="http://www.w3.org/2001/XMLSchema-instance">Item(%Public%, %DerivedDataFormulaCode%, "Calculation").Calculation.SetValues('MaximumAge',%MaximumAge%,'DestinationProperty',%DestinationProperty%)</anyType>
            </col>
            <col index="8">
              <Xenomorph.Generic.List>
                <columnDefinitions>
                  <columnDefinition index="1" type="System.String" header="" />
                  <columnDefinition index="2" type="System.Object, mscorlib, Version=4.0.0.0, Culture=neutral, PublicKeyToken=b77a5c561934e089" header="" />
                </columnDefinitions>
                <rows>
                  <row index="1">
                    <col index="1">
                      <string>Public</string>
                    </col>
                    <col index="2">
                      <anyType xmlns:q1="http://www.w3.org/2001/XMLSchema" p13:type="q1:string" xmlns:p13="http://www.w3.org/2001/XMLSchema-instance">\\SITSERVER\PUBLIC_GOLD</anyType>
                    </col>
                  </row>
                  <row index="2">
                    <col index="1">
                      <string>DerivedDataFormulaCode</string>
                    </col>
                    <col index="2">
                      <anyType xmlns:q1="http://www.w3.org/2001/XMLSchema" p13:type="q1:string" xmlns:p13="http://www.w3.org/2001/XMLSchema-instance">Request Reuters MCC OTC Derivatives 2</anyType>
                    </col>
                  </row>
                  <row index="3">
                    <col index="1">
                      <string>MaximumAge</string>
                    </col>
                    <col index="2">
                      <anyType xmlns:q1="http://www.w3.org/2001/XMLSchema" p13:type="q1:string" xmlns:p13="http://www.w3.org/2001/XMLSchema-instance">5MIN</anyType>
                    </col>
                  </row>
                  <row index="4">
                    <col index="1">
                      <string>DestinationProperty</string>
                    </col>
                    <col index="2">
                      <anyType xmlns:q1="http://www.w3.org/2001/XMLSchema" p13:type="q1:string" xmlns:p13="http://www.w3.org/2001/XMLSchema-instance">Item Under Test</anyType>
                    </col>
                  </row>
                </rows>
              </Xenomorph.Generic.List>
            </col>
            <col index="9">
              <anyType p8:nil="true" xmlns:p8="http://www.w3.org/2001/XMLSchema-instance" />
            </col>
            <col index="10">
              <Xenomorph.Generic.List>
                <columnDefinitions>
                  <columnDefinition index="1" type="System.String" header="" />
                  <columnDefinition index="2" type="System.Object, mscorlib, Version=4.0.0.0, Culture=neutral, PublicKeyToken=b77a5c561934e089" header="" />
                </columnDefinitions>
                <rows>
                  <row index="1">
                    <col index="1">
                      <string>TargetCodeQuery</string>
                    </col>
                    <col index="2">
                      <anyType xmlns:q1="http://www.w3.org/2001/XMLSchema" p13:type="q1:string" xmlns:p13="http://www.w3.org/2001/XMLSchema-instance">Code</anyType>
                    </col>
                  </row>
                  <row index="2">
                    <col index="1">
                      <string>TargetCodeType</string>
                    </col>
                    <col index="2">
                      <anyType xmlns:q1="http://www.w3.org/2001/XMLSchema" p13:type="q1:string" xmlns:p13="http://www.w3.org/2001/XMLSchema-instance">'Reuters Request'</anyType>
                    </col>
                  </row>
                  <row index="3">
                    <col index="1">
                      <string>OutputIsMultiReference</string>
                    </col>
                    <col index="2">
                      <anyType xmlns:q1="http://www.w3.org/2001/XMLSchema" p13:type="q1:boolean" xmlns:p13="http://www.w3.org/2001/XMLSchema-instance">true</anyType>
                    </col>
                  </row>
                  <row index="4">
                    <col index="1">
                      <string>OutputIsMultiProperty</string>
                    </col>
                    <col index="2">
                      <anyType xmlns:q1="http://www.w3.org/2001/XMLSchema" p13:type="q1:boolean" xmlns:p13="http://www.w3.org/2001/XMLSchema-instance">false</anyType>
                    </col>
                  </row>
                  <row index="5">
                    <col index="1">
                      <string>OutputIsMultiSourced</string>
                    </col>
                    <col index="2">
                      <anyType xmlns:q1="http://www.w3.org/2001/XMLSchema" p13:type="q1:boolean" xmlns:p13="http://www.w3.org/2001/XMLSchema-instance">false</anyType>
                    </col>
                  </row>
                  <row index="6">
                    <col index="1">
                      <string>SavePropertyAsCode</string>
                    </col>
                    <col index="2">
                      <anyType xmlns:q1="http://www.w3.org/2001/XMLSchema" p13:type="q1:boolean" xmlns:p13="http://www.w3.org/2001/XMLSchema-instance">false</anyType>
                    </col>
                  </row>
                  <row index="7">
                    <col index="1">
                      <string>CreateDestinationItem</string>
                    </col>
                    <col index="2">
                      <anyType xmlns:q1="http://www.w3.org/2001/XMLSchema" p13:type="q1:boolean" xmlns:p13="http://www.w3.org/2001/XMLSchema-instance">true</anyType>
                    </col>
                  </row>
                  <row index="8">
                    <col index="1">
                      <string>DestinationItemCategory</string>
                    </col>
                    <col index="2">
                      <anyType xmlns:q1="http://www.w3.org/2001/XMLSchema" p13:type="q1:string" xmlns:p13="http://www.w3.org/2001/XMLSchema-instance">'Reuters Requests'</anyType>
                    </col>
                  </row>
                </rows>
              </Xenomorph.Generic.List>
            </col>
            <col index="11">
              <anyType xmlns:q1="http://www.w3.org/2001/XMLSchema" p9:type="q1:string" xmlns:p9="http://www.w3.org/2001/XMLSchema-instance">Item Under Test</anyType>
            </col>
            <col index="12">
              <anyType xmlns:q1="http://www.w3.org/2001/XMLSchema" p9:type="q1:string" xmlns:p9="http://www.w3.org/2001/XMLSchema-instance">Internal</anyType>
            </col>
          </row>
          <row index="4">
            <col index="1">
              <anyType xmlns:q1="http://www.w3.org/2001/XMLSchema" p9:type="q1:boolean" xmlns:p9="http://www.w3.org/2001/XMLSchema-instance">false</anyType>
            </col>
            <col index="2">
              <anyType xmlns:q1="http://www.w3.org/2001/XMLSchema" p9:type="q1:string" xmlns:p9="http://www.w3.org/2001/XMLSchema-instance">RIC List</anyType>
            </col>
            <col index="3">
              <anyType xmlns:q1="http://www.w3.org/2001/XMLSchema" p9:type="q1:string" xmlns:p9="http://www.w3.org/2001/XMLSchema-instance">
              </anyType>
            </col>
            <col index="4">
              <anyType xmlns:q1="http://www.w3.org/2001/XMLSchema" p9:type="q1:string" xmlns:p9="http://www.w3.org/2001/XMLSchema-instance">ISIN</anyType>
            </col>
            <col index="5">
              <anyType xmlns:q1="http://www.w3.org/2001/XMLSchema" p9:type="q1:string" xmlns:p9="http://www.w3.org/2001/XMLSchema-instance">Murex</anyType>
            </col>
            <col index="6">
              <anyType xmlns:q1="http://www.w3.org/2001/XMLSchema" p9:type="q1:string" xmlns:p9="http://www.w3.org/2001/XMLSchema-instance">
              </anyType>
            </col>
            <col index="7">
              <anyType xmlns:q1="http://www.w3.org/2001/XMLSchema" p9:type="q1:string" xmlns:p9="http://www.w3.org/2001/XMLSchema-instance">Item(%Public%, %DerivedDataFormulaCode%, "Calculation").Calculation.SetValues('MaximumAge',%MaximumAge%,'DestinationProperty',%DestinationProperty%)</anyType>
            </col>
            <col index="8">
              <Xenomorph.Generic.List>
                <columnDefinitions>
                  <columnDefinition index="1" type="System.String" header="" />
                  <columnDefinition index="2" type="System.Object, mscorlib, Version=4.0.0.0, Culture=neutral, PublicKeyToken=b77a5c561934e089" header="" />
                </columnDefinitions>
                <rows>
                  <row index="1">
                    <col index="1">
                      <string>Public</string>
                    </col>
                    <col index="2">
                      <anyType xmlns:q1="http://www.w3.org/2001/XMLSchema" p13:type="q1:string" xmlns:p13="http://www.w3.org/2001/XMLSchema-instance">\\SITSERVER\PUBLIC_GOLD</anyType>
                    </col>
                  </row>
                  <row index="2">
                    <col index="1">
                      <string>DerivedDataFormulaCode</string>
                    </col>
                    <col index="2">
                      <anyType xmlns:q1="http://www.w3.org/2001/XMLSchema" p13:type="q1:string" xmlns:p13="http://www.w3.org/2001/XMLSchema-instance">Request Reuters MCC OTC Derivatives 2</anyType>
                    </col>
                  </row>
                  <row index="3">
                    <col index="1">
                      <string>MaximumAge</string>
                    </col>
                    <col index="2">
                      <anyType xmlns:q1="http://www.w3.org/2001/XMLSchema" p13:type="q1:string" xmlns:p13="http://www.w3.org/2001/XMLSchema-instance">5MIN</anyType>
                    </col>
                  </row>
                  <row index="4">
                    <col index="1">
                      <string>DestinationProperty</string>
                    </col>
                    <col index="2">
                      <anyType xmlns:q1="http://www.w3.org/2001/XMLSchema" p13:type="q1:string" xmlns:p13="http://www.w3.org/2001/XMLSchema-instance">RIC List</anyType>
                    </col>
                  </row>
                </rows>
              </Xenomorph.Generic.List>
            </col>
            <col index="9">
              <anyType p8:nil="true" xmlns:p8="http://www.w3.org/2001/XMLSchema-instance" />
            </col>
            <col index="10">
              <Xenomorph.Generic.List>
                <columnDefinitions>
                  <columnDefinition index="1" type="System.String" header="" />
                  <columnDefinition index="2" type="System.Object, mscorlib, Version=4.0.0.0, Culture=neutral, PublicKeyToken=b77a5c561934e089" header="" />
                </columnDefinitions>
                <rows>
                  <row index="1">
                    <col index="1">
                      <string>TargetCodeQuery</string>
                    </col>
                    <col index="2">
                      <anyType xmlns:q1="http://www.w3.org/2001/XMLSchema" p13:type="q1:string" xmlns:p13="http://www.w3.org/2001/XMLSchema-instance">Code</anyType>
                    </col>
                  </row>
                  <row index="2">
                    <col index="1">
                      <string>TargetCodeType</string>
                    </col>
                    <col index="2">
                      <anyType xmlns:q1="http://www.w3.org/2001/XMLSchema" p13:type="q1:string" xmlns:p13="http://www.w3.org/2001/XMLSchema-instance">'Reuters Request'</anyType>
                    </col>
                  </row>
                  <row index="3">
                    <col index="1">
                      <string>OutputIsMultiReference</string>
                    </col>
                    <col index="2">
                      <anyType xmlns:q1="http://www.w3.org/2001/XMLSchema" p13:type="q1:boolean" xmlns:p13="http://www.w3.org/2001/XMLSchema-instance">true</anyType>
                    </col>
                  </row>
                  <row index="4">
                    <col index="1">
                      <string>OutputIsMultiProperty</string>
                    </col>
                    <col index="2">
                      <anyType xmlns:q1="http://www.w3.org/2001/XMLSchema" p13:type="q1:boolean" xmlns:p13="http://www.w3.org/2001/XMLSchema-instance">false</anyType>
                    </col>
                  </row>
                  <row index="5">
                    <col index="1">
                      <string>OutputIsMultiSourced</string>
                    </col>
                    <col index="2">
                      <anyType xmlns:q1="http://www.w3.org/2001/XMLSchema" p13:type="q1:boolean" xmlns:p13="http://www.w3.org/2001/XMLSchema-instance">false</anyType>
                    </col>
                  </row>
                  <row index="6">
                    <col index="1">
                      <string>SavePropertyAsCode</string>
                    </col>
                    <col index="2">
                      <anyType xmlns:q1="http://www.w3.org/2001/XMLSchema" p13:type="q1:boolean" xmlns:p13="http://www.w3.org/2001/XMLSchema-instance">false</anyType>
                    </col>
                  </row>
                  <row index="7">
                    <col index="1">
                      <string>CreateDestinationItem</string>
                    </col>
                    <col index="2">
                      <anyType xmlns:q1="http://www.w3.org/2001/XMLSchema" p13:type="q1:boolean" xmlns:p13="http://www.w3.org/2001/XMLSchema-instance">true</anyType>
                    </col>
                  </row>
                  <row index="8">
                    <col index="1">
                      <string>DestinationItemCategory</string>
                    </col>
                    <col index="2">
                      <anyType xmlns:q1="http://www.w3.org/2001/XMLSchema" p13:type="q1:string" xmlns:p13="http://www.w3.org/2001/XMLSchema-instance">'Reuters Requests'</anyType>
                    </col>
                  </row>
                </rows>
              </Xenomorph.Generic.List>
            </col>
            <col index="11">
              <anyType xmlns:q1="http://www.w3.org/2001/XMLSchema" p9:type="q1:string" xmlns:p9="http://www.w3.org/2001/XMLSchema-instance">RIC List</anyType>
            </col>
            <col index="12">
              <anyType xmlns:q1="http://www.w3.org/2001/XMLSchema" p9:type="q1:string" xmlns:p9="http://www.w3.org/2001/XMLSchema-instance">Internal</anyType>
            </col>
          </row>
          <row index="5">
            <col index="1">
              <anyType xmlns:q1="http://www.w3.org/2001/XMLSchema" p9:type="q1:boolean" xmlns:p9="http://www.w3.org/2001/XMLSchema-instance">false</anyType>
            </col>
            <col index="2">
              <anyType xmlns:q1="http://www.w3.org/2001/XMLSchema" p9:type="q1:string" xmlns:p9="http://www.w3.org/2001/XMLSchema-instance">Date Under Test</anyType>
            </col>
            <col index="3">
              <anyType xmlns:q1="http://www.w3.org/2001/XMLSchema" p9:type="q1:string" xmlns:p9="http://www.w3.org/2001/XMLSchema-instance">
              </anyType>
            </col>
            <col index="4">
              <anyType xmlns:q1="http://www.w3.org/2001/XMLSchema" p9:type="q1:string" xmlns:p9="http://www.w3.org/2001/XMLSchema-instance">ISIN</anyType>
            </col>
            <col index="5">
              <anyType xmlns:q1="http://www.w3.org/2001/XMLSchema" p9:type="q1:string" xmlns:p9="http://www.w3.org/2001/XMLSchema-instance">Murex</anyType>
            </col>
            <col index="6">
              <anyType xmlns:q1="http://www.w3.org/2001/XMLSchema" p9:type="q1:string" xmlns:p9="http://www.w3.org/2001/XMLSchema-instance">
              </anyType>
            </col>
            <col index="7">
              <anyType xmlns:q1="http://www.w3.org/2001/XMLSchema" p9:type="q1:string" xmlns:p9="http://www.w3.org/2001/XMLSchema-instance">Item(%Public%, %DerivedDataFormulaCode%, "Calculation").Calculation.SetValues('MaximumAge',%MaximumAge%,'DestinationProperty',%DestinationProperty%)</anyType>
            </col>
            <col index="8">
              <Xenomorph.Generic.List>
                <columnDefinitions>
                  <columnDefinition index="1" type="System.String" header="" />
                  <columnDefinition index="2" type="System.Object, mscorlib, Version=4.0.0.0, Culture=neutral, PublicKeyToken=b77a5c561934e089" header="" />
                </columnDefinitions>
                <rows>
                  <row index="1">
                    <col index="1">
                      <string>Public</string>
                    </col>
                    <col index="2">
                      <anyType xmlns:q1="http://www.w3.org/2001/XMLSchema" p13:type="q1:string" xmlns:p13="http://www.w3.org/2001/XMLSchema-instance">\\SITSERVER\PUBLIC_GOLD</anyType>
                    </col>
                  </row>
                  <row index="2">
                    <col index="1">
                      <string>DerivedDataFormulaCode</string>
                    </col>
                    <col index="2">
                      <anyType xmlns:q1="http://www.w3.org/2001/XMLSchema" p13:type="q1:string" xmlns:p13="http://www.w3.org/2001/XMLSchema-instance">Request Reuters MCC OTC Derivatives 2</anyType>
                    </col>
                  </row>
                  <row index="3">
                    <col index="1">
                      <string>MaximumAge</string>
                    </col>
                    <col index="2">
                      <anyType xmlns:q1="http://www.w3.org/2001/XMLSchema" p13:type="q1:string" xmlns:p13="http://www.w3.org/2001/XMLSchema-instance">5MIN</anyType>
                    </col>
                  </row>
                  <row index="4">
                    <col index="1">
                      <string>DestinationProperty</string>
                    </col>
                    <col index="2">
                      <anyType xmlns:q1="http://www.w3.org/2001/XMLSchema" p13:type="q1:string" xmlns:p13="http://www.w3.org/2001/XMLSchema-instance">Date Under Test</anyType>
                    </col>
                  </row>
                </rows>
              </Xenomorph.Generic.List>
            </col>
            <col index="9">
              <anyType p8:nil="true" xmlns:p8="http://www.w3.org/2001/XMLSchema-instance" />
            </col>
            <col index="10">
              <Xenomorph.Generic.List>
                <columnDefinitions>
                  <columnDefinition index="1" type="System.String" header="" />
                  <columnDefinition index="2" type="System.Object, mscorlib, Version=4.0.0.0, Culture=neutral, PublicKeyToken=b77a5c561934e089" header="" />
                </columnDefinitions>
                <rows>
                  <row index="1">
                    <col index="1">
                      <string>TargetCodeQuery</string>
                    </col>
                    <col index="2">
                      <anyType xmlns:q1="http://www.w3.org/2001/XMLSchema" p13:type="q1:string" xmlns:p13="http://www.w3.org/2001/XMLSchema-instance">Code</anyType>
                    </col>
                  </row>
                  <row index="2">
                    <col index="1">
                      <string>TargetCodeType</string>
                    </col>
                    <col index="2">
                      <anyType xmlns:q1="http://www.w3.org/2001/XMLSchema" p13:type="q1:string" xmlns:p13="http://www.w3.org/2001/XMLSchema-instance">'Reuters Request'</anyType>
                    </col>
                  </row>
                  <row index="3">
                    <col index="1">
                      <string>OutputIsMultiReference</string>
                    </col>
                    <col index="2">
                      <anyType xmlns:q1="http://www.w3.org/2001/XMLSchema" p13:type="q1:boolean" xmlns:p13="http://www.w3.org/2001/XMLSchema-instance">true</anyType>
                    </col>
                  </row>
                  <row index="4">
                    <col index="1">
                      <string>OutputIsMultiProperty</string>
                    </col>
                    <col index="2">
                      <anyType xmlns:q1="http://www.w3.org/2001/XMLSchema" p13:type="q1:boolean" xmlns:p13="http://www.w3.org/2001/XMLSchema-instance">false</anyType>
                    </col>
                  </row>
                  <row index="5">
                    <col index="1">
                      <string>OutputIsMultiSourced</string>
                    </col>
                    <col index="2">
                      <anyType xmlns:q1="http://www.w3.org/2001/XMLSchema" p13:type="q1:boolean" xmlns:p13="http://www.w3.org/2001/XMLSchema-instance">false</anyType>
                    </col>
                  </row>
                  <row index="6">
                    <col index="1">
                      <string>SavePropertyAsCode</string>
                    </col>
                    <col index="2">
                      <anyType xmlns:q1="http://www.w3.org/2001/XMLSchema" p13:type="q1:boolean" xmlns:p13="http://www.w3.org/2001/XMLSchema-instance">false</anyType>
                    </col>
                  </row>
                  <row index="7">
                    <col index="1">
                      <string>CreateDestinationItem</string>
                    </col>
                    <col index="2">
                      <anyType xmlns:q1="http://www.w3.org/2001/XMLSchema" p13:type="q1:boolean" xmlns:p13="http://www.w3.org/2001/XMLSchema-instance">true</anyType>
                    </col>
                  </row>
                  <row index="8">
                    <col index="1">
                      <string>DestinationItemCategory</string>
                    </col>
                    <col index="2">
                      <anyType xmlns:q1="http://www.w3.org/2001/XMLSchema" p13:type="q1:string" xmlns:p13="http://www.w3.org/2001/XMLSchema-instance">'Reuters Requests'</anyType>
                    </col>
                  </row>
                </rows>
              </Xenomorph.Generic.List>
            </col>
            <col index="11">
              <anyType xmlns:q1="http://www.w3.org/2001/XMLSchema" p9:type="q1:string" xmlns:p9="http://www.w3.org/2001/XMLSchema-instance">Date Under Test</anyType>
            </col>
            <col index="12">
              <anyType xmlns:q1="http://www.w3.org/2001/XMLSchema" p9:type="q1:string" xmlns:p9="http://www.w3.org/2001/XMLSchema-instance">Internal</anyType>
            </col>
          </row>
          <row index="6">
            <col index="1">
              <anyType xmlns:q1="http://www.w3.org/2001/XMLSchema" p9:type="q1:boolean" xmlns:p9="http://www.w3.org/2001/XMLSchema-instance">false</anyType>
            </col>
            <col index="2">
              <anyType xmlns:q1="http://www.w3.org/2001/XMLSchema" p9:type="q1:string" xmlns:p9="http://www.w3.org/2001/XMLSchema-instance">Start DateTime</anyType>
            </col>
            <col index="3">
              <anyType xmlns:q1="http://www.w3.org/2001/XMLSchema" p9:type="q1:string" xmlns:p9="http://www.w3.org/2001/XMLSchema-instance">
              </anyType>
            </col>
            <col index="4">
              <anyType xmlns:q1="http://www.w3.org/2001/XMLSchema" p9:type="q1:string" xmlns:p9="http://www.w3.org/2001/XMLSchema-instance">ISIN</anyType>
            </col>
            <col index="5">
              <anyType xmlns:q1="http://www.w3.org/2001/XMLSchema" p9:type="q1:string" xmlns:p9="http://www.w3.org/2001/XMLSchema-instance">Murex</anyType>
            </col>
            <col index="6">
              <anyType xmlns:q1="http://www.w3.org/2001/XMLSchema" p9:type="q1:string" xmlns:p9="http://www.w3.org/2001/XMLSchema-instance">
              </anyType>
            </col>
            <col index="7">
              <anyType xmlns:q1="http://www.w3.org/2001/XMLSchema" p9:type="q1:string" xmlns:p9="http://www.w3.org/2001/XMLSchema-instance">Item(%Public%, %DerivedDataFormulaCode%, "Calculation").Calculation.SetValues('MaximumAge',%MaximumAge%,'DestinationProperty',%DestinationProperty%)</anyType>
            </col>
            <col index="8">
              <Xenomorph.Generic.List>
                <columnDefinitions>
                  <columnDefinition index="1" type="System.String" header="" />
                  <columnDefinition index="2" type="System.Object, mscorlib, Version=4.0.0.0, Culture=neutral, PublicKeyToken=b77a5c561934e089" header="" />
                </columnDefinitions>
                <rows>
                  <row index="1">
                    <col index="1">
                      <string>Public</string>
                    </col>
                    <col index="2">
                      <anyType xmlns:q1="http://www.w3.org/2001/XMLSchema" p13:type="q1:string" xmlns:p13="http://www.w3.org/2001/XMLSchema-instance">\\SITSERVER\PUBLIC_GOLD</anyType>
                    </col>
                  </row>
                  <row index="2">
                    <col index="1">
                      <string>DerivedDataFormulaCode</string>
                    </col>
                    <col index="2">
                      <anyType xmlns:q1="http://www.w3.org/2001/XMLSchema" p13:type="q1:string" xmlns:p13="http://www.w3.org/2001/XMLSchema-instance">Request Reuters MCC OTC Derivatives 2</anyType>
                    </col>
                  </row>
                  <row index="3">
                    <col index="1">
                      <string>MaximumAge</string>
                    </col>
                    <col index="2">
                      <anyType xmlns:q1="http://www.w3.org/2001/XMLSchema" p13:type="q1:string" xmlns:p13="http://www.w3.org/2001/XMLSchema-instance">5MIN</anyType>
                    </col>
                  </row>
                  <row index="4">
                    <col index="1">
                      <string>DestinationProperty</string>
                    </col>
                    <col index="2">
                      <anyType xmlns:q1="http://www.w3.org/2001/XMLSchema" p13:type="q1:string" xmlns:p13="http://www.w3.org/2001/XMLSchema-instance">Start DateTime</anyType>
                    </col>
                  </row>
                </rows>
              </Xenomorph.Generic.List>
            </col>
            <col index="9">
              <anyType p8:nil="true" xmlns:p8="http://www.w3.org/2001/XMLSchema-instance" />
            </col>
            <col index="10">
              <Xenomorph.Generic.List>
                <columnDefinitions>
                  <columnDefinition index="1" type="System.String" header="" />
                  <columnDefinition index="2" type="System.Object, mscorlib, Version=4.0.0.0, Culture=neutral, PublicKeyToken=b77a5c561934e089" header="" />
                </columnDefinitions>
                <rows>
                  <row index="1">
                    <col index="1">
                      <string>TargetCodeQuery</string>
                    </col>
                    <col index="2">
                      <anyType xmlns:q1="http://www.w3.org/2001/XMLSchema" p13:type="q1:string" xmlns:p13="http://www.w3.org/2001/XMLSchema-instance">Code</anyType>
                    </col>
                  </row>
                  <row index="2">
                    <col index="1">
                      <string>TargetCodeType</string>
                    </col>
                    <col index="2">
                      <anyType xmlns:q1="http://www.w3.org/2001/XMLSchema" p13:type="q1:string" xmlns:p13="http://www.w3.org/2001/XMLSchema-instance">'Reuters Request'</anyType>
                    </col>
                  </row>
                  <row index="3">
                    <col index="1">
                      <string>OutputIsMultiReference</string>
                    </col>
                    <col index="2">
                      <anyType xmlns:q1="http://www.w3.org/2001/XMLSchema" p13:type="q1:boolean" xmlns:p13="http://www.w3.org/2001/XMLSchema-instance">true</anyType>
                    </col>
                  </row>
                  <row index="4">
                    <col index="1">
                      <string>OutputIsMultiProperty</string>
                    </col>
                    <col index="2">
                      <anyType xmlns:q1="http://www.w3.org/2001/XMLSchema" p13:type="q1:boolean" xmlns:p13="http://www.w3.org/2001/XMLSchema-instance">false</anyType>
                    </col>
                  </row>
                  <row index="5">
                    <col index="1">
                      <string>OutputIsMultiSourced</string>
                    </col>
                    <col index="2">
                      <anyType xmlns:q1="http://www.w3.org/2001/XMLSchema" p13:type="q1:boolean" xmlns:p13="http://www.w3.org/2001/XMLSchema-instance">false</anyType>
                    </col>
                  </row>
                  <row index="6">
                    <col index="1">
                      <string>SavePropertyAsCode</string>
                    </col>
                    <col index="2">
                      <anyType xmlns:q1="http://www.w3.org/2001/XMLSchema" p13:type="q1:boolean" xmlns:p13="http://www.w3.org/2001/XMLSchema-instance">false</anyType>
                    </col>
                  </row>
                  <row index="7">
                    <col index="1">
                      <string>CreateDestinationItem</string>
                    </col>
                    <col index="2">
                      <anyType xmlns:q1="http://www.w3.org/2001/XMLSchema" p13:type="q1:boolean" xmlns:p13="http://www.w3.org/2001/XMLSchema-instance">true</anyType>
                    </col>
                  </row>
                  <row index="8">
                    <col index="1">
                      <string>DestinationItemCategory</string>
                    </col>
                    <col index="2">
                      <anyType xmlns:q1="http://www.w3.org/2001/XMLSchema" p13:type="q1:string" xmlns:p13="http://www.w3.org/2001/XMLSchema-instance">'Reuters Requests'</anyType>
                    </col>
                  </row>
                </rows>
              </Xenomorph.Generic.List>
            </col>
            <col index="11">
              <anyType xmlns:q1="http://www.w3.org/2001/XMLSchema" p9:type="q1:string" xmlns:p9="http://www.w3.org/2001/XMLSchema-instance">Start DateTime</anyType>
            </col>
            <col index="12">
              <anyType xmlns:q1="http://www.w3.org/2001/XMLSchema" p9:type="q1:string" xmlns:p9="http://www.w3.org/2001/XMLSchema-instance">Internal</anyType>
            </col>
          </row>
          <row index="7">
            <col index="1">
              <anyType xmlns:q1="http://www.w3.org/2001/XMLSchema" p9:type="q1:boolean" xmlns:p9="http://www.w3.org/2001/XMLSchema-instance">false</anyType>
            </col>
            <col index="2">
              <anyType xmlns:q1="http://www.w3.org/2001/XMLSchema" p9:type="q1:string" xmlns:p9="http://www.w3.org/2001/XMLSchema-instance">End DateTime</anyType>
            </col>
            <col index="3">
              <anyType xmlns:q1="http://www.w3.org/2001/XMLSchema" p9:type="q1:string" xmlns:p9="http://www.w3.org/2001/XMLSchema-instance">
              </anyType>
            </col>
            <col index="4">
              <anyType xmlns:q1="http://www.w3.org/2001/XMLSchema" p9:type="q1:string" xmlns:p9="http://www.w3.org/2001/XMLSchema-instance">ISIN</anyType>
            </col>
            <col index="5">
              <anyType xmlns:q1="http://www.w3.org/2001/XMLSchema" p9:type="q1:string" xmlns:p9="http://www.w3.org/2001/XMLSchema-instance">Murex</anyType>
            </col>
            <col index="6">
              <anyType xmlns:q1="http://www.w3.org/2001/XMLSchema" p9:type="q1:string" xmlns:p9="http://www.w3.org/2001/XMLSchema-instance">
              </anyType>
            </col>
            <col index="7">
              <anyType xmlns:q1="http://www.w3.org/2001/XMLSchema" p9:type="q1:string" xmlns:p9="http://www.w3.org/2001/XMLSchema-instance">Item(%Public%, %DerivedDataFormulaCode%, "Calculation").Calculation.SetValues('MaximumAge',%MaximumAge%,'DestinationProperty',%DestinationProperty%)</anyType>
            </col>
            <col index="8">
              <Xenomorph.Generic.List>
                <columnDefinitions>
                  <columnDefinition index="1" type="System.String" header="" />
                  <columnDefinition index="2" type="System.Object, mscorlib, Version=4.0.0.0, Culture=neutral, PublicKeyToken=b77a5c561934e089" header="" />
                </columnDefinitions>
                <rows>
                  <row index="1">
                    <col index="1">
                      <string>Public</string>
                    </col>
                    <col index="2">
                      <anyType xmlns:q1="http://www.w3.org/2001/XMLSchema" p13:type="q1:string" xmlns:p13="http://www.w3.org/2001/XMLSchema-instance">\\SITSERVER\PUBLIC_GOLD</anyType>
                    </col>
                  </row>
                  <row index="2">
                    <col index="1">
                      <string>DerivedDataFormulaCode</string>
                    </col>
                    <col index="2">
                      <anyType xmlns:q1="http://www.w3.org/2001/XMLSchema" p13:type="q1:string" xmlns:p13="http://www.w3.org/2001/XMLSchema-instance">Request Reuters MCC OTC Derivatives 2</anyType>
                    </col>
                  </row>
                  <row index="3">
                    <col index="1">
                      <string>MaximumAge</string>
                    </col>
                    <col index="2">
                      <anyType xmlns:q1="http://www.w3.org/2001/XMLSchema" p13:type="q1:string" xmlns:p13="http://www.w3.org/2001/XMLSchema-instance">5MIN</anyType>
                    </col>
                  </row>
                  <row index="4">
                    <col index="1">
                      <string>DestinationProperty</string>
                    </col>
                    <col index="2">
                      <anyType xmlns:q1="http://www.w3.org/2001/XMLSchema" p13:type="q1:string" xmlns:p13="http://www.w3.org/2001/XMLSchema-instance">End DateTime</anyType>
                    </col>
                  </row>
                </rows>
              </Xenomorph.Generic.List>
            </col>
            <col index="9">
              <anyType p8:nil="true" xmlns:p8="http://www.w3.org/2001/XMLSchema-instance" />
            </col>
            <col index="10">
              <Xenomorph.Generic.List>
                <columnDefinitions>
                  <columnDefinition index="1" type="System.String" header="" />
                  <columnDefinition index="2" type="System.Object, mscorlib, Version=4.0.0.0, Culture=neutral, PublicKeyToken=b77a5c561934e089" header="" />
                </columnDefinitions>
                <rows>
                  <row index="1">
                    <col index="1">
                      <string>TargetCodeQuery</string>
                    </col>
                    <col index="2">
                      <anyType xmlns:q1="http://www.w3.org/2001/XMLSchema" p13:type="q1:string" xmlns:p13="http://www.w3.org/2001/XMLSchema-instance">Code</anyType>
                    </col>
                  </row>
                  <row index="2">
                    <col index="1">
                      <string>TargetCodeType</string>
                    </col>
                    <col index="2">
                      <anyType xmlns:q1="http://www.w3.org/2001/XMLSchema" p13:type="q1:string" xmlns:p13="http://www.w3.org/2001/XMLSchema-instance">'Reuters Request'</anyType>
                    </col>
                  </row>
                  <row index="3">
                    <col index="1">
                      <string>OutputIsMultiReference</string>
                    </col>
                    <col index="2">
                      <anyType xmlns:q1="http://www.w3.org/2001/XMLSchema" p13:type="q1:boolean" xmlns:p13="http://www.w3.org/2001/XMLSchema-instance">true</anyType>
                    </col>
                  </row>
                  <row index="4">
                    <col index="1">
                      <string>OutputIsMultiProperty</string>
                    </col>
                    <col index="2">
                      <anyType xmlns:q1="http://www.w3.org/2001/XMLSchema" p13:type="q1:boolean" xmlns:p13="http://www.w3.org/2001/XMLSchema-instance">false</anyType>
                    </col>
                  </row>
                  <row index="5">
                    <col index="1">
                      <string>OutputIsMultiSourced</string>
                    </col>
                    <col index="2">
                      <anyType xmlns:q1="http://www.w3.org/2001/XMLSchema" p13:type="q1:boolean" xmlns:p13="http://www.w3.org/2001/XMLSchema-instance">false</anyType>
                    </col>
                  </row>
                  <row index="6">
                    <col index="1">
                      <string>SavePropertyAsCode</string>
                    </col>
                    <col index="2">
                      <anyType xmlns:q1="http://www.w3.org/2001/XMLSchema" p13:type="q1:boolean" xmlns:p13="http://www.w3.org/2001/XMLSchema-instance">false</anyType>
                    </col>
                  </row>
                  <row index="7">
                    <col index="1">
                      <string>CreateDestinationItem</string>
                    </col>
                    <col index="2">
                      <anyType xmlns:q1="http://www.w3.org/2001/XMLSchema" p13:type="q1:boolean" xmlns:p13="http://www.w3.org/2001/XMLSchema-instance">true</anyType>
                    </col>
                  </row>
                  <row index="8">
                    <col index="1">
                      <string>DestinationItemCategory</string>
                    </col>
                    <col index="2">
                      <anyType xmlns:q1="http://www.w3.org/2001/XMLSchema" p13:type="q1:string" xmlns:p13="http://www.w3.org/2001/XMLSchema-instance">'Reuters Requests'</anyType>
                    </col>
                  </row>
                </rows>
              </Xenomorph.Generic.List>
            </col>
            <col index="11">
              <anyType xmlns:q1="http://www.w3.org/2001/XMLSchema" p9:type="q1:string" xmlns:p9="http://www.w3.org/2001/XMLSchema-instance">End DateTime</anyType>
            </col>
            <col index="12">
              <anyType xmlns:q1="http://www.w3.org/2001/XMLSchema" p9:type="q1:string" xmlns:p9="http://www.w3.org/2001/XMLSchema-instance">Internal</anyType>
            </col>
          </row>
          <row index="8">
            <col index="1">
              <anyType xmlns:q1="http://www.w3.org/2001/XMLSchema" p9:type="q1:boolean" xmlns:p9="http://www.w3.org/2001/XMLSchema-instance">false</anyType>
            </col>
            <col index="2">
              <anyType xmlns:q1="http://www.w3.org/2001/XMLSchema" p9:type="q1:string" xmlns:p9="http://www.w3.org/2001/XMLSchema-instance">Product Group</anyType>
            </col>
            <col index="3">
              <anyType xmlns:q1="http://www.w3.org/2001/XMLSchema" p9:type="q1:string" xmlns:p9="http://www.w3.org/2001/XMLSchema-instance">
              </anyType>
            </col>
            <col index="4">
              <anyType xmlns:q1="http://www.w3.org/2001/XMLSchema" p9:type="q1:string" xmlns:p9="http://www.w3.org/2001/XMLSchema-instance">ISIN</anyType>
            </col>
            <col index="5">
              <anyType xmlns:q1="http://www.w3.org/2001/XMLSchema" p9:type="q1:string" xmlns:p9="http://www.w3.org/2001/XMLSchema-instance">Murex</anyType>
            </col>
            <col index="6">
              <anyType xmlns:q1="http://www.w3.org/2001/XMLSchema" p9:type="q1:string" xmlns:p9="http://www.w3.org/2001/XMLSchema-instance">
              </anyType>
            </col>
            <col index="7">
              <anyType xmlns:q1="http://www.w3.org/2001/XMLSchema" p9:type="q1:string" xmlns:p9="http://www.w3.org/2001/XMLSchema-instance">Item(%Public%, %DerivedDataFormulaCode%, "Calculation").Calculation.SetValues('MaximumAge',%MaximumAge%,'DestinationProperty',%DestinationProperty%)</anyType>
            </col>
            <col index="8">
              <Xenomorph.Generic.List>
                <columnDefinitions>
                  <columnDefinition index="1" type="System.String" header="" />
                  <columnDefinition index="2" type="System.Object, mscorlib, Version=4.0.0.0, Culture=neutral, PublicKeyToken=b77a5c561934e089" header="" />
                </columnDefinitions>
                <rows>
                  <row index="1">
                    <col index="1">
                      <string>Public</string>
                    </col>
                    <col index="2">
                      <anyType xmlns:q1="http://www.w3.org/2001/XMLSchema" p13:type="q1:string" xmlns:p13="http://www.w3.org/2001/XMLSchema-instance">\\SITSERVER\PUBLIC_GOLD</anyType>
                    </col>
                  </row>
                  <row index="2">
                    <col index="1">
                      <string>DerivedDataFormulaCode</string>
                    </col>
                    <col index="2">
                      <anyType xmlns:q1="http://www.w3.org/2001/XMLSchema" p13:type="q1:string" xmlns:p13="http://www.w3.org/2001/XMLSchema-instance">Request Reuters MCC OTC Derivatives 2</anyType>
                    </col>
                  </row>
                  <row index="3">
                    <col index="1">
                      <string>MaximumAge</string>
                    </col>
                    <col index="2">
                      <anyType xmlns:q1="http://www.w3.org/2001/XMLSchema" p13:type="q1:string" xmlns:p13="http://www.w3.org/2001/XMLSchema-instance">5MIN</anyType>
                    </col>
                  </row>
                  <row index="4">
                    <col index="1">
                      <string>DestinationProperty</string>
                    </col>
                    <col index="2">
                      <anyType xmlns:q1="http://www.w3.org/2001/XMLSchema" p13:type="q1:string" xmlns:p13="http://www.w3.org/2001/XMLSchema-instance">Product Group</anyType>
                    </col>
                  </row>
                </rows>
              </Xenomorph.Generic.List>
            </col>
            <col index="9">
              <anyType p8:nil="true" xmlns:p8="http://www.w3.org/2001/XMLSchema-instance" />
            </col>
            <col index="10">
              <Xenomorph.Generic.List>
                <columnDefinitions>
                  <columnDefinition index="1" type="System.String" header="" />
                  <columnDefinition index="2" type="System.Object, mscorlib, Version=4.0.0.0, Culture=neutral, PublicKeyToken=b77a5c561934e089" header="" />
                </columnDefinitions>
                <rows>
                  <row index="1">
                    <col index="1">
                      <string>TargetCodeQuery</string>
                    </col>
                    <col index="2">
                      <anyType xmlns:q1="http://www.w3.org/2001/XMLSchema" p13:type="q1:string" xmlns:p13="http://www.w3.org/2001/XMLSchema-instance">Code</anyType>
                    </col>
                  </row>
                  <row index="2">
                    <col index="1">
                      <string>TargetCodeType</string>
                    </col>
                    <col index="2">
                      <anyType xmlns:q1="http://www.w3.org/2001/XMLSchema" p13:type="q1:string" xmlns:p13="http://www.w3.org/2001/XMLSchema-instance">'Reuters Request'</anyType>
                    </col>
                  </row>
                  <row index="3">
                    <col index="1">
                      <string>OutputIsMultiReference</string>
                    </col>
                    <col index="2">
                      <anyType xmlns:q1="http://www.w3.org/2001/XMLSchema" p13:type="q1:boolean" xmlns:p13="http://www.w3.org/2001/XMLSchema-instance">true</anyType>
                    </col>
                  </row>
                  <row index="4">
                    <col index="1">
                      <string>OutputIsMultiProperty</string>
                    </col>
                    <col index="2">
                      <anyType xmlns:q1="http://www.w3.org/2001/XMLSchema" p13:type="q1:boolean" xmlns:p13="http://www.w3.org/2001/XMLSchema-instance">false</anyType>
                    </col>
                  </row>
                  <row index="5">
                    <col index="1">
                      <string>OutputIsMultiSourced</string>
                    </col>
                    <col index="2">
                      <anyType xmlns:q1="http://www.w3.org/2001/XMLSchema" p13:type="q1:boolean" xmlns:p13="http://www.w3.org/2001/XMLSchema-instance">false</anyType>
                    </col>
                  </row>
                  <row index="6">
                    <col index="1">
                      <string>SavePropertyAsCode</string>
                    </col>
                    <col index="2">
                      <anyType xmlns:q1="http://www.w3.org/2001/XMLSchema" p13:type="q1:boolean" xmlns:p13="http://www.w3.org/2001/XMLSchema-instance">false</anyType>
                    </col>
                  </row>
                  <row index="7">
                    <col index="1">
                      <string>CreateDestinationItem</string>
                    </col>
                    <col index="2">
                      <anyType xmlns:q1="http://www.w3.org/2001/XMLSchema" p13:type="q1:boolean" xmlns:p13="http://www.w3.org/2001/XMLSchema-instance">true</anyType>
                    </col>
                  </row>
                  <row index="8">
                    <col index="1">
                      <string>DestinationItemCategory</string>
                    </col>
                    <col index="2">
                      <anyType xmlns:q1="http://www.w3.org/2001/XMLSchema" p13:type="q1:string" xmlns:p13="http://www.w3.org/2001/XMLSchema-instance">'Reuters Requests'</anyType>
                    </col>
                  </row>
                </rows>
              </Xenomorph.Generic.List>
            </col>
            <col index="11">
              <anyType xmlns:q1="http://www.w3.org/2001/XMLSchema" p9:type="q1:string" xmlns:p9="http://www.w3.org/2001/XMLSchema-instance">Product Group</anyType>
            </col>
            <col index="12">
              <anyType xmlns:q1="http://www.w3.org/2001/XMLSchema" p9:type="q1:string" xmlns:p9="http://www.w3.org/2001/XMLSchema-instance">Internal</anyType>
            </col>
          </row>
          <row index="9">
            <col index="1">
              <anyType xmlns:q1="http://www.w3.org/2001/XMLSchema" p9:type="q1:boolean" xmlns:p9="http://www.w3.org/2001/XMLSchema-instance">false</anyType>
            </col>
            <col index="2">
              <anyType xmlns:q1="http://www.w3.org/2001/XMLSchema" p9:type="q1:string" xmlns:p9="http://www.w3.org/2001/XMLSchema-instance">Fields</anyType>
            </col>
            <col index="3">
              <anyType xmlns:q1="http://www.w3.org/2001/XMLSchema" p9:type="q1:string" xmlns:p9="http://www.w3.org/2001/XMLSchema-instance">
              </anyType>
            </col>
            <col index="4">
              <anyType xmlns:q1="http://www.w3.org/2001/XMLSchema" p9:type="q1:string" xmlns:p9="http://www.w3.org/2001/XMLSchema-instance">ISIN</anyType>
            </col>
            <col index="5">
              <anyType xmlns:q1="http://www.w3.org/2001/XMLSchema" p9:type="q1:string" xmlns:p9="http://www.w3.org/2001/XMLSchema-instance">Murex</anyType>
            </col>
            <col index="6">
              <anyType xmlns:q1="http://www.w3.org/2001/XMLSchema" p9:type="q1:string" xmlns:p9="http://www.w3.org/2001/XMLSchema-instance">
              </anyType>
            </col>
            <col index="7">
              <anyType xmlns:q1="http://www.w3.org/2001/XMLSchema" p9:type="q1:string" xmlns:p9="http://www.w3.org/2001/XMLSchema-instance">Item(%Public%, %DerivedDataFormulaCode%, "Calculation").Calculation.SetValues('MaximumAge',%MaximumAge%,'DestinationProperty',%DestinationProperty%)</anyType>
            </col>
            <col index="8">
              <Xenomorph.Generic.List>
                <columnDefinitions>
                  <columnDefinition index="1" type="System.String" header="" />
                  <columnDefinition index="2" type="System.Object, mscorlib, Version=4.0.0.0, Culture=neutral, PublicKeyToken=b77a5c561934e089" header="" />
                </columnDefinitions>
                <rows>
                  <row index="1">
                    <col index="1">
                      <string>Public</string>
                    </col>
                    <col index="2">
                      <anyType xmlns:q1="http://www.w3.org/2001/XMLSchema" p13:type="q1:string" xmlns:p13="http://www.w3.org/2001/XMLSchema-instance">\\SITSERVER\PUBLIC_GOLD</anyType>
                    </col>
                  </row>
                  <row index="2">
                    <col index="1">
                      <string>DerivedDataFormulaCode</string>
                    </col>
                    <col index="2">
                      <anyType xmlns:q1="http://www.w3.org/2001/XMLSchema" p13:type="q1:string" xmlns:p13="http://www.w3.org/2001/XMLSchema-instance">Request Reuters MCC OTC Derivatives 2</anyType>
                    </col>
                  </row>
                  <row index="3">
                    <col index="1">
                      <string>MaximumAge</string>
                    </col>
                    <col index="2">
                      <anyType xmlns:q1="http://www.w3.org/2001/XMLSchema" p13:type="q1:string" xmlns:p13="http://www.w3.org/2001/XMLSchema-instance">5MIN</anyType>
                    </col>
                  </row>
                  <row index="4">
                    <col index="1">
                      <string>DestinationProperty</string>
                    </col>
                    <col index="2">
                      <anyType xmlns:q1="http://www.w3.org/2001/XMLSchema" p13:type="q1:string" xmlns:p13="http://www.w3.org/2001/XMLSchema-instance">Fields</anyType>
                    </col>
                  </row>
                </rows>
              </Xenomorph.Generic.List>
            </col>
            <col index="9">
              <anyType p8:nil="true" xmlns:p8="http://www.w3.org/2001/XMLSchema-instance" />
            </col>
            <col index="10">
              <Xenomorph.Generic.List>
                <columnDefinitions>
                  <columnDefinition index="1" type="System.String" header="" />
                  <columnDefinition index="2" type="System.Object, mscorlib, Version=4.0.0.0, Culture=neutral, PublicKeyToken=b77a5c561934e089" header="" />
                </columnDefinitions>
                <rows>
                  <row index="1">
                    <col index="1">
                      <string>TargetCodeQuery</string>
                    </col>
                    <col index="2">
                      <anyType xmlns:q1="http://www.w3.org/2001/XMLSchema" p13:type="q1:string" xmlns:p13="http://www.w3.org/2001/XMLSchema-instance">Code</anyType>
                    </col>
                  </row>
                  <row index="2">
                    <col index="1">
                      <string>TargetCodeType</string>
                    </col>
                    <col index="2">
                      <anyType xmlns:q1="http://www.w3.org/2001/XMLSchema" p13:type="q1:string" xmlns:p13="http://www.w3.org/2001/XMLSchema-instance">'Reuters Request'</anyType>
                    </col>
                  </row>
                  <row index="3">
                    <col index="1">
                      <string>OutputIsMultiReference</string>
                    </col>
                    <col index="2">
                      <anyType xmlns:q1="http://www.w3.org/2001/XMLSchema" p13:type="q1:boolean" xmlns:p13="http://www.w3.org/2001/XMLSchema-instance">true</anyType>
                    </col>
                  </row>
                  <row index="4">
                    <col index="1">
                      <string>OutputIsMultiProperty</string>
                    </col>
                    <col index="2">
                      <anyType xmlns:q1="http://www.w3.org/2001/XMLSchema" p13:type="q1:boolean" xmlns:p13="http://www.w3.org/2001/XMLSchema-instance">false</anyType>
                    </col>
                  </row>
                  <row index="5">
                    <col index="1">
                      <string>OutputIsMultiSourced</string>
                    </col>
                    <col index="2">
                      <anyType xmlns:q1="http://www.w3.org/2001/XMLSchema" p13:type="q1:boolean" xmlns:p13="http://www.w3.org/2001/XMLSchema-instance">false</anyType>
                    </col>
                  </row>
                  <row index="6">
                    <col index="1">
                      <string>SavePropertyAsCode</string>
                    </col>
                    <col index="2">
                      <anyType xmlns:q1="http://www.w3.org/2001/XMLSchema" p13:type="q1:boolean" xmlns:p13="http://www.w3.org/2001/XMLSchema-instance">false</anyType>
                    </col>
                  </row>
                  <row index="7">
                    <col index="1">
                      <string>CreateDestinationItem</string>
                    </col>
                    <col index="2">
                      <anyType xmlns:q1="http://www.w3.org/2001/XMLSchema" p13:type="q1:boolean" xmlns:p13="http://www.w3.org/2001/XMLSchema-instance">true</anyType>
                    </col>
                  </row>
                  <row index="8">
                    <col index="1">
                      <string>DestinationItemCategory</string>
                    </col>
                    <col index="2">
                      <anyType xmlns:q1="http://www.w3.org/2001/XMLSchema" p13:type="q1:string" xmlns:p13="http://www.w3.org/2001/XMLSchema-instance">'Reuters Requests'</anyType>
                    </col>
                  </row>
                </rows>
              </Xenomorph.Generic.List>
            </col>
            <col index="11">
              <anyType xmlns:q1="http://www.w3.org/2001/XMLSchema" p9:type="q1:string" xmlns:p9="http://www.w3.org/2001/XMLSchema-instance">Fields</anyType>
            </col>
            <col index="12">
              <anyType xmlns:q1="http://www.w3.org/2001/XMLSchema" p9:type="q1:string" xmlns:p9="http://www.w3.org/2001/XMLSchema-instance">Internal</anyType>
            </col>
          </row>
          <row index="10">
            <col index="1">
              <anyType xmlns:q1="http://www.w3.org/2001/XMLSchema" p9:type="q1:boolean" xmlns:p9="http://www.w3.org/2001/XMLSchema-instance">false</anyType>
            </col>
            <col index="2">
              <anyType xmlns:q1="http://www.w3.org/2001/XMLSchema" p9:type="q1:string" xmlns:p9="http://www.w3.org/2001/XMLSchema-instance">Is AdHoc</anyType>
            </col>
            <col index="3">
              <anyType xmlns:q1="http://www.w3.org/2001/XMLSchema" p9:type="q1:string" xmlns:p9="http://www.w3.org/2001/XMLSchema-instance">
              </anyType>
            </col>
            <col index="4">
              <anyType xmlns:q1="http://www.w3.org/2001/XMLSchema" p9:type="q1:string" xmlns:p9="http://www.w3.org/2001/XMLSchema-instance">ISIN</anyType>
            </col>
            <col index="5">
              <anyType xmlns:q1="http://www.w3.org/2001/XMLSchema" p9:type="q1:string" xmlns:p9="http://www.w3.org/2001/XMLSchema-instance">Murex</anyType>
            </col>
            <col index="6">
              <anyType xmlns:q1="http://www.w3.org/2001/XMLSchema" p9:type="q1:string" xmlns:p9="http://www.w3.org/2001/XMLSchema-instance">
              </anyType>
            </col>
            <col index="7">
              <anyType xmlns:q1="http://www.w3.org/2001/XMLSchema" p9:type="q1:string" xmlns:p9="http://www.w3.org/2001/XMLSchema-instance">Item(%Public%, %DerivedDataFormulaCode%, "Calculation").Calculation.SetValues('MaximumAge',%MaximumAge%,'DestinationProperty',%DestinationProperty%)</anyType>
            </col>
            <col index="8">
              <Xenomorph.Generic.List>
                <columnDefinitions>
                  <columnDefinition index="1" type="System.String" header="" />
                  <columnDefinition index="2" type="System.Object, mscorlib, Version=4.0.0.0, Culture=neutral, PublicKeyToken=b77a5c561934e089" header="" />
                </columnDefinitions>
                <rows>
                  <row index="1">
                    <col index="1">
                      <string>Public</string>
                    </col>
                    <col index="2">
                      <anyType xmlns:q1="http://www.w3.org/2001/XMLSchema" p13:type="q1:string" xmlns:p13="http://www.w3.org/2001/XMLSchema-instance">\\SITSERVER\PUBLIC_GOLD</anyType>
                    </col>
                  </row>
                  <row index="2">
                    <col index="1">
                      <string>DerivedDataFormulaCode</string>
                    </col>
                    <col index="2">
                      <anyType xmlns:q1="http://www.w3.org/2001/XMLSchema" p13:type="q1:string" xmlns:p13="http://www.w3.org/2001/XMLSchema-instance">Request Reuters MCC OTC Derivatives 2</anyType>
                    </col>
                  </row>
                  <row index="3">
                    <col index="1">
                      <string>MaximumAge</string>
                    </col>
                    <col index="2">
                      <anyType xmlns:q1="http://www.w3.org/2001/XMLSchema" p13:type="q1:string" xmlns:p13="http://www.w3.org/2001/XMLSchema-instance">5MIN</anyType>
                    </col>
                  </row>
                  <row index="4">
                    <col index="1">
                      <string>DestinationProperty</string>
                    </col>
                    <col index="2">
                      <anyType xmlns:q1="http://www.w3.org/2001/XMLSchema" p13:type="q1:string" xmlns:p13="http://www.w3.org/2001/XMLSchema-instance">Is AdHoc</anyType>
                    </col>
                  </row>
                </rows>
              </Xenomorph.Generic.List>
            </col>
            <col index="9">
              <anyType p8:nil="true" xmlns:p8="http://www.w3.org/2001/XMLSchema-instance" />
            </col>
            <col index="10">
              <Xenomorph.Generic.List>
                <columnDefinitions>
                  <columnDefinition index="1" type="System.String" header="" />
                  <columnDefinition index="2" type="System.Object, mscorlib, Version=4.0.0.0, Culture=neutral, PublicKeyToken=b77a5c561934e089" header="" />
                </columnDefinitions>
                <rows>
                  <row index="1">
                    <col index="1">
                      <string>TargetCodeQuery</string>
                    </col>
                    <col index="2">
                      <anyType xmlns:q1="http://www.w3.org/2001/XMLSchema" p13:type="q1:string" xmlns:p13="http://www.w3.org/2001/XMLSchema-instance">Code</anyType>
                    </col>
                  </row>
                  <row index="2">
                    <col index="1">
                      <string>TargetCodeType</string>
                    </col>
                    <col index="2">
                      <anyType xmlns:q1="http://www.w3.org/2001/XMLSchema" p13:type="q1:string" xmlns:p13="http://www.w3.org/2001/XMLSchema-instance">'Reuters Request'</anyType>
                    </col>
                  </row>
                  <row index="3">
                    <col index="1">
                      <string>OutputIsMultiReference</string>
                    </col>
                    <col index="2">
                      <anyType xmlns:q1="http://www.w3.org/2001/XMLSchema" p13:type="q1:boolean" xmlns:p13="http://www.w3.org/2001/XMLSchema-instance">true</anyType>
                    </col>
                  </row>
                  <row index="4">
                    <col index="1">
                      <string>OutputIsMultiProperty</string>
                    </col>
                    <col index="2">
                      <anyType xmlns:q1="http://www.w3.org/2001/XMLSchema" p13:type="q1:boolean" xmlns:p13="http://www.w3.org/2001/XMLSchema-instance">false</anyType>
                    </col>
                  </row>
                  <row index="5">
                    <col index="1">
                      <string>OutputIsMultiSourced</string>
                    </col>
                    <col index="2">
                      <anyType xmlns:q1="http://www.w3.org/2001/XMLSchema" p13:type="q1:boolean" xmlns:p13="http://www.w3.org/2001/XMLSchema-instance">false</anyType>
                    </col>
                  </row>
                  <row index="6">
                    <col index="1">
                      <string>SavePropertyAsCode</string>
                    </col>
                    <col index="2">
                      <anyType xmlns:q1="http://www.w3.org/2001/XMLSchema" p13:type="q1:boolean" xmlns:p13="http://www.w3.org/2001/XMLSchema-instance">false</anyType>
                    </col>
                  </row>
                  <row index="7">
                    <col index="1">
                      <string>CreateDestinationItem</string>
                    </col>
                    <col index="2">
                      <anyType xmlns:q1="http://www.w3.org/2001/XMLSchema" p13:type="q1:boolean" xmlns:p13="http://www.w3.org/2001/XMLSchema-instance">true</anyType>
                    </col>
                  </row>
                  <row index="8">
                    <col index="1">
                      <string>DestinationItemCategory</string>
                    </col>
                    <col index="2">
                      <anyType xmlns:q1="http://www.w3.org/2001/XMLSchema" p13:type="q1:string" xmlns:p13="http://www.w3.org/2001/XMLSchema-instance">'Reuters Requests'</anyType>
                    </col>
                  </row>
                </rows>
              </Xenomorph.Generic.List>
            </col>
            <col index="11">
              <anyType xmlns:q1="http://www.w3.org/2001/XMLSchema" p9:type="q1:string" xmlns:p9="http://www.w3.org/2001/XMLSchema-instance">Is AdHoc</anyType>
            </col>
            <col index="12">
              <anyType xmlns:q1="http://www.w3.org/2001/XMLSchema" p9:type="q1:string" xmlns:p9="http://www.w3.org/2001/XMLSchema-instance">Internal</anyType>
            </col>
          </row>
        </rows>
      </Xenomorph.Generic.List>
    </Property>
    <Property Name="Start Date Query" Static="true" MultiSourced="false" DataType="String">
      <string>%RunDate%</string>
    </Property>
    <Property Name="Universe Query" Static="true" MultiSourced="false" DataType="List">
      <Xenomorph.Generic.List>
        <columnDefinitions>
          <columnDefinition index="1" type="System.Boolean" header="Enabled" />
          <columnDefinition index="2" type="System.String" header="Query" />
        </columnDefinitions>
        <rows>
          <row index="1">
            <col index="1">
              <boolean>true</boolean>
            </col>
            <col index="2">
              <string>DatabaseItems("\\SITSERVER\MD_SILVER", "Murex Trades IRD EQD SCF", "Murex Trade Dut", %RunDate%.ToString('yyyyMMdd') + '*' ).WHERE( |Node Department|( 'Risk Control' ) = 'FI' AND |Node Product|( 'Risk Control' ) = 'OTC' ) .Where( |OTC Check|( 'Risk Control' ) = 'Automated' ).WHERE( |Product Type|( "Risk Control" ) = "Cross Currency Swap" )</string>
            </col>
          </row>
        </rows>
      </Xenomorph.Generic.List>
    </Property>
  </Item>
</Category>
